home,away,date,gh,ga,full_time,winner,year,month
Bella Vista,Defensor Sporting,1932-03-05,1,2,F,V,1932,3
CA Penarol,River Plate,1932-03-05,1,1,F,E,1932,3
Central Espanol,Rampla Juniors Futbol Club,1932-03-05,1,0,F,L,1932,3
Montevideo Wanderers,Racing Club,1932-03-05,3,0,F,L,1932,3
Nacional,Institucion Atletica Sud America,1932-03-05,2,0,F,L,1932,3
CA Penarol,Institucion Atletica Sud America,1932-03-12,4,0,F,L,1932,3
Defensor Sporting,Racing Club,1932-03-12,6,0,F,L,1932,3
Montevideo Wanderers,Central Espanol,1932-03-12,1,1,F,E,1932,3
Nacional,River Plate,1932-03-12,3,3,F,E,1932,3
Rampla Juniors Futbol Club,Bella Vista,1932-03-12,3,1,F,L,1932,3
CA Penarol,Central Espanol,1932-03-19,2,1,F,L,1932,3
Defensor Sporting,Rampla Juniors Futbol Club,1932-03-19,2,2,F,E,1932,3
Montevideo Wanderers,Institucion Atletica Sud America,1932-03-19,2,0,F,L,1932,3
Racing Club,Nacional,1932-03-19,3,0,F,L,1932,3
River Plate,Bella Vista,1932-03-19,3,1,F,L,1932,3
Bella Vista,Racing Club,1932-03-26,2,1,F,L,1932,3
CA Penarol,Rampla Juniors Futbol Club,1932-03-26,1,1,F,E,1932,3
Central Espanol,Institucion Atletica Sud America,1932-03-26,1,0,F,L,1932,3
Defensor Sporting,River Plate,1932-03-26,3,0,F,L,1932,3
Nacional,Montevideo Wanderers,1932-03-26,3,1,F,L,1932,3
CA Penarol,Bella Vista,1932-04-02,2,0,F,L,1932,4
Defensor Sporting,Montevideo Wanderers,1932-04-02,2,1,F,L,1932,4
Nacional,Central Espanol,1932-04-02,4,2,F,L,1932,4
Rampla Juniors Futbol Club,Institucion Atletica Sud America,1932-04-02,7,0,F,L,1932,4
River Plate,Racing Club,1932-04-02,4,3,F,L,1932,4
Bella Vista,Institucion Atletica Sud America,1932-04-09,1,1,F,E,1932,4
Nacional,Defensor Sporting,1932-04-09,1,1,F,E,1932,4
Racing Club,CA Penarol,1932-04-09,1,4,F,V,1932,4
Rampla Juniors Futbol Club,Montevideo Wanderers,1932-04-09,0,0,F,E,1932,4
River Plate,Central Espanol,1932-04-09,2,0,F,L,1932,4
CA Penarol,Montevideo Wanderers,1932-04-16,3,2,F,L,1932,4
Central Espanol,Defensor Sporting,1932-04-16,2,0,F,L,1932,4
Nacional,Bella Vista,1932-04-16,3,0,F,L,1932,4
Rampla Juniors Futbol Club,Racing Club,1932-04-16,2,1,F,L,1932,4
River Plate,Institucion Atletica Sud America,1932-04-16,2,1,F,L,1932,4
Bella Vista,Central Espanol,1932-04-23,2,2,F,E,1932,4
CA Penarol,Defensor Sporting,1932-04-23,6,2,F,L,1932,4
Institucion Atletica Sud America,Racing Club,1932-04-23,3,0,F,L,1932,4
Rampla Juniors Futbol Club,Nacional,1932-04-23,2,1,F,L,1932,4
River Plate,Montevideo Wanderers,1932-04-23,1,0,F,L,1932,4
Bella Vista,Montevideo Wanderers,1932-04-30,4,1,F,L,1932,4
CA Penarol,Nacional,1932-04-30,2,0,F,L,1932,4
Central Espanol,Racing Club,1932-04-30,0,0,F,E,1932,4
Defensor Sporting,Institucion Atletica Sud America,1932-04-30,1,0,F,L,1932,4
River Plate,Rampla Juniors Futbol Club,1932-04-30,0,4,F,V,1932,4
Defensor Sporting,Bella Vista,1932-05-07,1,1,F,E,1932,5
Institucion Atletica Sud America,Nacional,1932-05-07,4,5,F,V,1932,5
Racing Club,Montevideo Wanderers,1932-05-07,0,0,F,E,1932,5
Rampla Juniors Futbol Club,Central Espanol,1932-05-07,4,0,F,L,1932,5
River Plate,CA Penarol,1932-05-07,1,3,F,V,1932,5
Bella Vista,Rampla Juniors Futbol Club,1932-05-14,1,2,F,V,1932,5
Central Espanol,Montevideo Wanderers,1932-05-14,1,2,F,V,1932,5
Institucion Atletica Sud America,CA Penarol,1932-05-14,0,0,F,E,1932,5
Racing Club,Defensor Sporting,1932-05-14,2,1,F,L,1932,5
River Plate,Nacional,1932-05-14,0,2,F,V,1932,5
Bella Vista,River Plate,1932-05-21,0,1,F,V,1932,5
Central Espanol,CA Penarol,1932-05-21,1,1,F,E,1932,5
Institucion Atletica Sud America,Montevideo Wanderers,1932-05-21,1,2,F,V,1932,5
Nacional,Racing Club,1932-05-21,6,0,F,L,1932,5
Rampla Juniors Futbol Club,Defensor Sporting,1932-05-21,6,2,F,L,1932,5
Institucion Atletica Sud America,Central Espanol,1932-05-28,2,1,F,L,1932,5
Montevideo Wanderers,Nacional,1932-05-28,1,0,F,L,1932,5
Racing Club,Bella Vista,1932-05-28,0,2,F,V,1932,5
Rampla Juniors Futbol Club,CA Penarol,1932-05-28,0,1,F,V,1932,5
River Plate,Defensor Sporting,1932-05-28,1,2,F,V,1932,5
Bella Vista,CA Penarol,1932-06-04,2,0,F,L,1932,6
Central Espanol,Nacional,1932-06-04,1,0,F,L,1932,6
Montevideo Wanderers,Defensor Sporting,1932-06-04,1,3,F,V,1932,6
Racing Club,River Plate,1932-06-04,1,2,F,V,1932,6
Rampla Juniors Futbol Club,Institucion Atletica Sud America,1932-06-04,2,3,F,V,1932,6
Central Espanol,River Plate,1932-06-11,0,1,F,V,1932,6
Defensor Sporting,Nacional,1932-06-11,0,0,F,E,1932,6
Institucion Atletica Sud America,Bella Vista,1932-06-11,1,0,F,L,1932,6
Montevideo Wanderers,Rampla Juniors Futbol Club,1932-06-11,2,1,F,L,1932,6
Racing Club,CA Penarol,1932-06-11,0,1,F,V,1932,6
Bella Vista,Nacional,1932-06-18,0,0,F,E,1932,6
Defensor Sporting,Central Espanol,1932-06-18,6,0,F,L,1932,6
Institucion Atletica Sud America,River Plate,1932-06-18,0,1,F,V,1932,6
Montevideo Wanderers,CA Penarol,1932-06-18,1,2,F,V,1932,6
Racing Club,Rampla Juniors Futbol Club,1932-06-18,0,3,F,V,1932,6
Bella Vista,Central Espanol,1932-06-25,0,1,F,V,1932,6
Defensor Sporting,CA Penarol,1932-06-25,2,1,F,L,1932,6
Montevideo Wanderers,River Plate,1932-06-25,1,0,F,L,1932,6
Nacional,Rampla Juniors Futbol Club,1932-06-25,2,3,F,V,1932,6
Racing Club,Institucion Atletica Sud America,1932-06-25,0,2,F,V,1932,6
Institucion Atletica Sud America,Defensor Sporting,1932-08-06,1,1,F,E,1932,8
Montevideo Wanderers,Bella Vista,1932-08-06,1,1,F,E,1932,8
Nacional,CA Penarol,1932-08-06,0,2,F,V,1932,8
Racing Club,Central Espanol,1932-08-06,1,1,F,E,1932,8
Rampla Juniors Futbol Club,River Plate,1932-08-06,3,0,F,L,1932,8
CA Penarol,River Plate,1932-08-13,3,1,F,L,1932,8
Central Espanol,Rampla Juniors Futbol Club,1932-08-13,2,0,F,L,1932,8
Defensor Sporting,Bella Vista,1932-08-13,2,3,F,V,1932,8
Montevideo Wanderers,Racing Club,1932-08-13,1,0,F,L,1932,8
Nacional,Institucion Atletica Sud America,1932-08-13,2,0,F,L,1932,8
CA Penarol,Institucion Atletica Sud America,1932-08-20,0,1,F,V,1932,8
Defensor Sporting,Racing Club,1932-08-20,1,0,F,L,1932,8
Montevideo Wanderers,Central Espanol,1932-08-20,3,0,F,L,1932,8
Nacional,River Plate,1932-08-20,2,1,F,L,1932,8
Rampla Juniors Futbol Club,Bella Vista,1932-08-20,0,1,F,V,1932,8
CA Penarol,Central Espanol,1932-08-27,3,2,F,L,1932,8
Defensor Sporting,Rampla Juniors Futbol Club,1932-08-27,2,3,F,V,1932,8
Montevideo Wanderers,Institucion Atletica Sud America,1932-08-27,2,1,F,L,1932,8
Racing Club,Nacional,1932-08-27,2,3,F,V,1932,8
River Plate,Bella Vista,1932-08-27,2,1,F,L,1932,8
Bella Vista,Racing Club,1932-09-03,2,0,F,L,1932,9
CA Penarol,Rampla Juniors Futbol Club,1932-09-03,3,3,F,E,1932,9
Central Espanol,Institucion Atletica Sud America,1932-09-03,2,0,F,L,1932,9
Defensor Sporting,River Plate,1932-09-03,1,0,F,L,1932,9
Nacional,Montevideo Wanderers,1932-09-03,1,1,F,E,1932,9
CA Penarol,Bella Vista,1932-09-10,2,0,F,L,1932,9
Defensor Sporting,Montevideo Wanderers,1932-09-10,0,0,F,E,1932,9
Nacional,Central Espanol,1932-09-10,5,2,F,L,1932,9
Rampla Juniors Futbol Club,Institucion Atletica Sud America,1932-09-10,3,3,F,E,1932,9
River Plate,Racing Club,1932-09-10,4,0,F,L,1932,9
Bella Vista,Institucion Atletica Sud America,1932-09-17,1,1,F,E,1932,9
CA Penarol,Racing Club,1932-09-17,2,0,F,L,1932,9
Montevideo Wanderers,Rampla Juniors Futbol Club,1932-09-17,1,4,F,V,1932,9
Nacional,Defensor Sporting,1932-09-17,3,1,F,L,1932,9
River Plate,Central Espanol,1932-09-17,2,1,F,L,1932,9
CA Penarol,Montevideo Wanderers,1932-09-24,0,1,F,V,1932,9
Central Espanol,Defensor Sporting,1932-09-24,2,1,F,L,1932,9
Nacional,Bella Vista,1932-09-24,1,0,F,L,1932,9
Rampla Juniors Futbol Club,Racing Club,1932-09-24,5,0,F,L,1932,9
River Plate,Institucion Atletica Sud America,1932-09-24,1,2,F,V,1932,9
CA Penarol,Defensor Sporting,1932-10-01,3,3,F,E,1932,10
Central Espanol,Bella Vista,1932-10-01,2,2,F,E,1932,10
Institucion Atletica Sud America,Racing Club,1932-10-01,0,0,F,E,1932,10
Rampla Juniors Futbol Club,Nacional,1932-10-01,0,0,F,E,1932,10
River Plate,Montevideo Wanderers,1932-10-01,1,2,F,V,1932,10
Bella Vista,Montevideo Wanderers,1932-10-08,1,0,F,L,1932,10
CA Penarol,Nacional,1932-10-08,2,0,F,L,1932,10
Central Espanol,Racing Club,1932-10-08,3,2,F,L,1932,10
Defensor Sporting,Institucion Atletica Sud America,1932-10-08,3,1,F,L,1932,10
River Plate,Rampla Juniors Futbol Club,1932-10-08,2,2,F,E,1932,10
Montevideo Wanderers,Defensor Sporting,1933-03-04,1,1,F,E,1933,3
Nacional,Bella Vista,1933-03-04,4,0,F,L,1933,3
Racing Club,Central Espanol,1933-03-04,3,3,F,E,1933,3
Rampla Juniors Futbol Club,CA Penarol,1933-03-04,1,0,F,L,1933,3
River Plate,Institucion Atletica Sud America,1933-03-04,2,0,F,L,1933,3
Bella Vista,Racing Club,1933-03-11,4,3,F,L,1933,3
CA Penarol,Montevideo Wanderers,1933-03-11,4,2,F,L,1933,3
Defensor Sporting,Institucion Atletica Sud America,1933-03-11,4,2,F,L,1933,3
Nacional,Central Espanol,1933-03-11,2,0,F,L,1933,3
Rampla Juniors Futbol Club,River Plate,1933-03-11,2,0,F,L,1933,3
Bella Vista,Montevideo Wanderers,1933-03-18,2,3,F,V,1933,3
CA Penarol,Racing Club,1933-03-18,7,1,F,L,1933,3
Nacional,Institucion Atletica Sud America,1933-03-18,0,0,F,E,1933,3
Rampla Juniors Futbol Club,Central Espanol,1933-03-18,2,1,F,L,1933,3
River Plate,Defensor Sporting,1933-03-18,0,1,F,V,1933,3
Bella Vista,Defensor Sporting,1933-03-25,0,1,F,V,1933,3
CA Penarol,Central Espanol,1933-03-25,2,0,F,L,1933,3
Montevideo Wanderers,Racing Club,1933-03-25,2,0,F,L,1933,3
Nacional,River Plate,1933-03-25,2,0,F,L,1933,3
Rampla Juniors Futbol Club,Institucion Atletica Sud America,1933-03-25,1,1,F,E,1933,3
Bella Vista,Institucion Atletica Sud America,1933-04-01,0,1,F,V,1933,4
CA Penarol,River Plate,1933-04-01,0,0,F,E,1933,4
Montevideo Wanderers,Central Espanol,1933-04-01,0,0,F,E,1933,4
Nacional,Rampla Juniors Futbol Club,1933-04-01,2,0,F,L,1933,4
Racing Club,Defensor Sporting,1933-04-01,4,2,F,L,1933,4
CA Penarol,Bella Vista,1933-04-08,2,0,F,L,1933,4
Institucion Atletica Sud America,Central Espanol,1933-04-08,2,1,F,L,1933,4
Montevideo Wanderers,River Plate,1933-04-08,3,1,F,L,1933,4
Nacional,Racing Club,1933-04-08,2,0,F,L,1933,4
Rampla Juniors Futbol Club,Defensor Sporting,1933-04-08,0,2,F,V,1933,4
Bella Vista,River Plate,1933-04-15,0,0,F,E,1933,4
Defensor Sporting,Central Espanol,1933-04-15,1,1,F,E,1933,4
Montevideo Wanderers,Institucion Atletica Sud America,1933-04-15,1,0,F,L,1933,4
Nacional,CA Penarol,1933-04-15,2,0,F,L,1933,4
Rampla Juniors Futbol Club,Racing Club,1933-04-15,1,1,F,E,1933,4
Bella Vista,Central Espanol,1933-04-22,2,0,F,L,1933,4
CA Penarol,Institucion Atletica Sud America,1933-04-22,5,1,F,L,1933,4
Nacional,Defensor Sporting,1933-04-22,3,0,F,L,1933,4
Racing Club,River Plate,1933-04-22,1,0,F,L,1933,4
Rampla Juniors Futbol Club,Montevideo Wanderers,1933-04-22,2,0,F,L,1933,4
CA Penarol,Defensor Sporting,1933-04-29,2,1,F,L,1933,4
Institucion Atletica Sud America,Racing Club,1933-04-29,2,1,F,L,1933,4
Nacional,Montevideo Wanderers,1933-04-29,3,0,F,L,1933,4
Rampla Juniors Futbol Club,Bella Vista,1933-04-29,1,2,F,V,1933,4
River Plate,Central Espanol,1933-04-29,1,1,F,E,1933,4
CA Penarol,Central Espanol,1933-05-06,5,0,F,L,1933,5
Institucion Atletica Sud America,Racing Club,1933-05-06,1,0,F,L,1933,5
Montevideo Wanderers,Defensor Sporting,1933-05-06,3,2,F,L,1933,5
Nacional,River Plate,1933-05-06,7,0,F,L,1933,5
Rampla Juniors Futbol Club,Bella Vista,1933-05-06,2,0,F,L,1933,5
CA Penarol,Institucion Atletica Sud America,1933-05-13,3,0,F,L,1933,5
Defensor Sporting,Rampla Juniors Futbol Club,1933-05-13,1,1,F,E,1933,5
Montevideo Wanderers,Bella Vista,1933-05-13,2,0,F,L,1933,5
Nacional,Central Espanol,1933-05-13,1,0,F,L,1933,5
River Plate,Racing Club,1933-05-13,1,1,F,E,1933,5
CA Penarol,Rampla Juniors Futbol Club,1933-05-20,3,0,F,L,1933,5
Central Espanol,Bella Vista,1933-05-20,4,0,F,L,1933,5
Institucion Atletica Sud America,Defensor Sporting,1933-05-20,1,1,F,E,1933,5
Montevideo Wanderers,River Plate,1933-05-20,2,2,F,E,1933,5
Nacional,Racing Club,1933-05-20,3,0,F,L,1933,5
CA Penarol,Bella Vista,1933-05-27,3,1,F,L,1933,5
Central Espanol,River Plate,1933-05-27,2,1,F,L,1933,5
Defensor Sporting,Racing Club,1933-05-27,4,1,F,L,1933,5
Nacional,Montevideo Wanderers,1933-05-27,1,1,F,E,1933,5
Rampla Juniors Futbol Club,Institucion Atletica Sud America,1933-05-27,1,0,F,L,1933,5
CA Penarol,Nacional,1933-06-03,2,2,F,E,1933,6
Central Espanol,Montevideo Wanderers,1933-06-03,2,2,F,E,1933,6
Defensor Sporting,River Plate,1933-06-03,5,0,F,L,1933,6
Institucion Atletica Sud America,Bella Vista,1933-06-03,2,0,F,L,1933,6
Rampla Juniors Futbol Club,Racing Club,1933-06-03,1,0,F,L,1933,6
CA Penarol,Racing Club,1933-06-10,5,1,F,L,1933,6
Defensor Sporting,Central Espanol,1933-06-10,2,0,F,L,1933,6
Institucion Atletica Sud America,Montevideo Wanderers,1933-06-10,2,1,F,L,1933,6
Nacional,Bella Vista,1933-06-10,4,2,F,L,1933,6
Rampla Juniors Futbol Club,River Plate,1933-06-10,3,0,F,L,1933,6
CA Penarol,Defensor Sporting,1933-06-17,3,1,F,L,1933,6
Central Espanol,Racing Club,1933-06-17,3,2,F,L,1933,6
Montevideo Wanderers,Rampla Juniors Futbol Club,1933-06-17,2,1,F,L,1933,6
Nacional,Institucion Atletica Sud America,1933-06-17,1,0,F,L,1933,6
River Plate,Bella Vista,1933-06-17,1,0,F,L,1933,6
Bella Vista,Racing Club,1933-06-24,2,0,F,L,1933,6
CA Penarol,Montevideo Wanderers,1933-06-24,2,2,F,E,1933,6
Central Espanol,Rampla Juniors Futbol Club,1933-06-24,1,0,F,L,1933,6
Nacional,Defensor Sporting,1933-06-24,2,0,F,L,1933,6
River Plate,Institucion Atletica Sud America,1933-06-24,3,1,F,L,1933,6
CA Penarol,River Plate,1933-08-05,4,0,F,L,1933,8
Defensor Sporting,Bella Vista,1933-08-05,4,3,F,L,1933,8
Institucion Atletica Sud America,Central Espanol,1933-08-05,3,2,F,L,1933,8
Montevideo Wanderers,Racing Club,1933-08-05,3,1,F,L,1933,8
Nacional,Rampla Juniors Futbol Club,1933-08-05,1,0,F,L,1933,8
Defensor Sporting,Montevideo Wanderers,1933-08-12,3,0,F,L,1933,8
Nacional,Bella Vista,1933-08-12,3,0,F,L,1933,8
Racing Club,Central Espanol,1933-08-12,1,0,F,L,1933,8
Rampla Juniors Futbol Club,CA Penarol,1933-08-12,0,2,F,V,1933,8
River Plate,Institucion Atletica Sud America,1933-08-12,0,1,F,V,1933,8
Bella Vista,Racing Club,1933-08-19,2,3,F,V,1933,8
CA Penarol,Montevideo Wanderers,1933-08-19,2,0,F,L,1933,8
Defensor Sporting,Institucion Atletica Sud America,1933-08-19,2,1,F,L,1933,8
Nacional,Central Espanol,1933-08-19,4,0,F,L,1933,8
Rampla Juniors Futbol Club,River Plate,1933-08-19,2,0,F,L,1933,8
CA Penarol,Racing Club,1933-08-26,1,0,F,L,1933,8
Defensor Sporting,River Plate,1933-08-26,0,1,F,V,1933,8
Montevideo Wanderers,Bella Vista,1933-08-26,2,0,F,L,1933,8
Nacional,Institucion Atletica Sud America,1933-08-26,1,1,F,E,1933,8
Rampla Juniors Futbol Club,Central Espanol,1933-08-26,6,3,F,L,1933,8
Bella Vista,Defensor Sporting,1933-09-02,0,4,F,V,1933,9
CA Penarol,Central Espanol,1933-09-02,8,2,F,L,1933,9
Montevideo Wanderers,Racing Club,1933-09-02,2,1,F,L,1933,9
Nacional,River Plate,1933-09-02,1,0,F,L,1933,9
Rampla Juniors Futbol Club,Institucion Atletica Sud America,1933-09-02,3,1,F,L,1933,9
CA Penarol,River Plate,1933-09-09,2,1,F,L,1933,9
Defensor Sporting,Racing Club,1933-09-09,3,0,F,L,1933,9
Institucion Atletica Sud America,Bella Vista,1933-09-09,1,2,F,V,1933,9
Montevideo Wanderers,Central Espanol,1933-09-09,2,0,F,L,1933,9
Nacional,Rampla Juniors Futbol Club,1933-09-09,2,0,F,L,1933,9
CA Penarol,Bella Vista,1933-09-16,4,0,F,L,1933,9
Defensor Sporting,Rampla Juniors Futbol Club,1933-09-16,1,2,F,V,1933,9
Institucion Atletica Sud America,Central Espanol,1933-09-16,4,3,F,L,1933,9
Nacional,Racing Club,1933-09-16,1,1,F,E,1933,9
River Plate,Montevideo Wanderers,1933-09-16,1,1,F,E,1933,9
Bella Vista,River Plate,1933-09-23,2,1,F,L,1933,9
Central Espanol,Defensor Sporting,1933-09-23,2,4,F,V,1933,9
Montevideo Wanderers,Institucion Atletica Sud America,1933-09-23,1,1,F,E,1933,9
Nacional,CA Penarol,1933-09-23,0,2,F,V,1933,9
Rampla Juniors Futbol Club,Racing Club,1933-09-23,1,1,F,E,1933,9
CA Penarol,Institucion Atletica Sud America,1933-09-30,0,0,F,E,1933,9
Central Espanol,Bella Vista,1933-09-30,2,2,F,E,1933,9
Nacional,Defensor Sporting,1933-09-30,2,1,F,L,1933,9
Rampla Juniors Futbol Club,Montevideo Wanderers,1933-09-30,2,1,F,L,1933,9
River Plate,Racing Club,1933-09-30,1,1,F,E,1933,9
Bella Vista,Rampla Juniors Futbol Club,1933-10-07,1,4,F,V,1933,10
CA Penarol,Defensor Sporting,1933-10-07,4,0,F,L,1933,10
Central Espanol,River Plate,1933-10-07,0,1,F,V,1933,10
Institucion Atletica Sud America,Racing Club,1933-10-07,1,1,F,E,1933,10
Nacional,Montevideo Wanderers,1933-10-07,0,0,F,E,1933,10
Nacional,CA Penarol,1933-10-14,0,0,F,E,1933,10
CA Penarol,Nacional,1933-10-21,0,0,F,E,1933,10
Nacional,CA Penarol,1933-10-28,3,2,F,L,1933,10
Bella Vista,CA Penarol,1934-03-03,1,0,F,L,1934,3
Institucion Atletica Sud America,Defensor Sporting,1934-03-03,2,2,F,E,1934,3
Montevideo Wanderers,River Plate,1934-03-03,2,1,F,L,1934,3
Racing Club,Nacional,1934-03-03,0,0,F,E,1934,3
Rampla Juniors Futbol Club,Central Espanol,1934-03-03,2,0,F,L,1934,3
CA Penarol,River Plate,1934-03-10,2,0,F,L,1934,3
Central Espanol,Racing Club,1934-03-10,0,0,F,E,1934,3
Defensor Sporting,Rampla Juniors Futbol Club,1934-03-10,3,2,F,L,1934,3
Montevideo Wanderers,Bella Vista,1934-03-10,3,0,F,L,1934,3
Nacional,Institucion Atletica Sud America,1934-03-10,2,1,F,L,1934,3
Bella Vista,Racing Club,1934-03-17,1,1,F,E,1934,3
CA Penarol,Institucion Atletica Sud America,1934-03-17,3,1,F,L,1934,3
Montevideo Wanderers,Central Espanol,1934-03-17,2,1,F,L,1934,3
Nacional,Defensor Sporting,1934-03-17,4,1,F,L,1934,3
River Plate,Rampla Juniors Futbol Club,1934-03-17,0,1,F,V,1934,3
CA Penarol,Defensor Sporting,1934-03-24,1,0,F,L,1934,3
Central Espanol,River Plate,1934-03-24,2,2,F,E,1934,3
Montevideo Wanderers,Racing Club,1934-03-24,1,1,F,E,1934,3
Nacional,Bella Vista,1934-03-24,1,1,F,E,1934,3
Rampla Juniors Futbol Club,Institucion Atletica Sud America,1934-03-24,1,0,F,L,1934,3
Bella Vista,Institucion Atletica Sud America,1934-03-31,0,0,F,E,1934,3
CA Penarol,Rampla Juniors Futbol Club,1934-03-31,3,1,F,L,1934,3
Central Espanol,Defensor Sporting,1934-03-31,4,2,F,L,1934,3
Montevideo Wanderers,Nacional,1934-03-31,2,2,F,E,1934,3
Racing Club,River Plate,1934-03-31,3,0,F,L,1934,3
CA Penarol,Racing Club,1934-04-07,3,1,F,L,1934,4
Central Espanol,Nacional,1934-04-07,1,0,F,L,1934,4
Defensor Sporting,River Plate,1934-04-07,3,1,F,L,1934,4
Institucion Atletica Sud America,Montevideo Wanderers,1934-04-07,2,1,F,L,1934,4
Rampla Juniors Futbol Club,Bella Vista,1934-04-07,0,0,F,E,1934,4
Bella Vista,Central Espanol,1934-04-14,2,0,F,L,1934,4
Montevideo Wanderers,CA Penarol,1934-04-14,1,0,F,L,1934,4
Racing Club,Defensor Sporting,1934-04-14,3,1,F,L,1934,4
Rampla Juniors Futbol Club,Nacional,1934-04-14,1,0,F,L,1934,4
River Plate,Institucion Atletica Sud America,1934-04-14,2,0,F,L,1934,4
CA Penarol,Central Espanol,1934-04-21,1,1,F,E,1934,4
Defensor Sporting,Bella Vista,1934-04-21,1,0,F,L,1934,4
Institucion Atletica Sud America,Racing Club,1934-04-21,1,0,F,L,1934,4
Montevideo Wanderers,Rampla Juniors Futbol Club,1934-04-21,1,0,F,L,1934,4
Nacional,River Plate,1934-04-21,4,2,F,L,1934,4
Central Espanol,Institucion Atletica Sud America,1934-04-28,1,1,F,E,1934,4
Defensor Sporting,Montevideo Wanderers,1934-04-28,2,1,F,L,1934,4
Nacional,CA Penarol,1934-04-28,0,0,F,E,1934,4
Racing Club,Rampla Juniors Futbol Club,1934-04-28,0,0,F,E,1934,4
River Plate,Bella Vista,1934-04-28,3,1,F,L,1934,4
CA Penarol,Bella Vista,1934-05-05,5,1,F,L,1934,5
Central Espanol,Rampla Juniors Futbol Club,1934-05-05,0,0,F,E,1934,5
Defensor Sporting,Institucion Atletica Sud America,1934-05-05,2,3,F,V,1934,5
Nacional,Racing Club,1934-05-05,1,0,F,L,1934,5
River Plate,Montevideo Wanderers,1934-05-05,0,0,F,E,1934,5
Bella Vista,Montevideo Wanderers,1934-05-12,0,5,F,V,1934,5
Institucion Atletica Sud America,Nacional,1934-05-12,0,2,F,V,1934,5
Racing Club,Central Espanol,1934-05-12,0,0,F,E,1934,5
Rampla Juniors Futbol Club,Defensor Sporting,1934-05-12,3,1,F,L,1934,5
River Plate,CA Penarol,1934-05-12,1,2,F,V,1934,5
Central Espanol,Montevideo Wanderers,1934-05-19,2,2,F,E,1934,5
Defensor Sporting,Nacional,1934-05-19,1,3,F,V,1934,5
Institucion Atletica Sud America,CA Penarol,1934-05-19,1,2,F,V,1934,5
Racing Club,Bella Vista,1934-05-19,1,0,F,L,1934,5
River Plate,Rampla Juniors Futbol Club,1934-05-19,1,1,F,E,1934,5
Bella Vista,Nacional,1934-05-26,2,2,F,E,1934,5
Defensor Sporting,CA Penarol,1934-05-26,2,0,F,L,1934,5
Institucion Atletica Sud America,Rampla Juniors Futbol Club,1934-05-26,2,1,F,L,1934,5
Racing Club,Montevideo Wanderers,1934-05-26,0,2,F,V,1934,5
River Plate,Central Espanol,1934-05-26,0,0,F,E,1934,5
Defensor Sporting,Central Espanol,1934-06-02,2,0,F,L,1934,6
Institucion Atletica Sud America,Bella Vista,1934-06-02,1,2,F,V,1934,6
Nacional,Montevideo Wanderers,1934-06-02,2,0,F,L,1934,6
Rampla Juniors Futbol Club,CA Penarol,1934-06-02,1,2,F,V,1934,6
River Plate,Racing Club,1934-06-02,2,0,F,L,1934,6
Montevideo Wanderers,Institucion Atletica Sud America,1934-06-09,1,0,F,L,1934,6
Nacional,Central Espanol,1934-06-09,1,0,F,L,1934,6
Racing Club,CA Penarol,1934-06-09,1,2,F,V,1934,6
Rampla Juniors Futbol Club,Bella Vista,1934-06-09,2,2,F,E,1934,6
River Plate,Defensor Sporting,1934-06-09,1,0,F,L,1934,6
CA Penarol,Montevideo Wanderers,1934-06-16,1,2,F,V,1934,6
Central Espanol,Bella Vista,1934-06-16,1,1,F,E,1934,6
Defensor Sporting,Racing Club,1934-06-16,1,1,F,E,1934,6
Institucion Atletica Sud America,River Plate,1934-06-16,2,2,F,E,1934,6
Nacional,Rampla Juniors Futbol Club,1934-06-16,3,2,F,L,1934,6
Bella Vista,Defensor Sporting,1934-06-23,0,3,F,V,1934,6
Central Espanol,CA Penarol,1934-06-23,1,1,F,E,1934,6
Racing Club,Institucion Atletica Sud America,1934-06-23,1,1,F,E,1934,6
Rampla Juniors Futbol Club,Montevideo Wanderers,1934-06-23,1,1,F,E,1934,6
River Plate,Nacional,1934-06-23,0,1,F,V,1934,6
Bella Vista,River Plate,1934-06-30,2,3,F,V,1934,6
CA Penarol,Nacional,1934-06-30,1,1,F,E,1934,6
Institucion Atletica Sud America,Central Espanol,1934-06-30,1,2,F,V,1934,6
Montevideo Wanderers,Defensor Sporting,1934-06-30,3,1,F,L,1934,6
Rampla Juniors Futbol Club,Racing Club,1934-06-30,1,0,F,L,1934,6
Bella Vista,CA Penarol,1934-08-04,1,3,F,V,1934,8
Institucion Atletica Sud America,Defensor Sporting,1934-08-04,1,4,F,V,1934,8
Racing Club,Nacional,1934-08-04,0,5,F,V,1934,8
Rampla Juniors Futbol Club,Central Espanol,1934-08-04,6,3,F,L,1934,8
River Plate,Montevideo Wanderers,1934-08-04,1,4,F,V,1934,8
Bella Vista,Montevideo Wanderers,1934-08-11,1,3,F,V,1934,8
CA Penarol,River Plate,1934-08-11,1,1,F,E,1934,8
Central Espanol,Racing Club,1934-08-11,2,2,F,E,1934,8
Nacional,Institucion Atletica Sud America,1934-08-11,2,0,F,L,1934,8
Rampla Juniors Futbol Club,Defensor Sporting,1934-08-11,1,2,F,V,1934,8
Bella Vista,Racing Club,1934-08-18,2,2,F,E,1934,8
CA Penarol,Institucion Atletica Sud America,1934-08-18,2,1,F,L,1934,8
Montevideo Wanderers,Central Espanol,1934-08-18,2,0,F,L,1934,8
Nacional,Defensor Sporting,1934-08-18,3,0,F,L,1934,8
Rampla Juniors Futbol Club,River Plate,1934-08-18,1,1,F,E,1934,8
CA Penarol,Defensor Sporting,1934-08-25,2,0,F,L,1934,8
Montevideo Wanderers,Racing Club,1934-08-25,0,2,F,V,1934,8
Nacional,Bella Vista,1934-08-25,3,0,F,L,1934,8
Rampla Juniors Futbol Club,Institucion Atletica Sud America,1934-08-25,4,0,F,L,1934,8
River Plate,Central Espanol,1934-08-25,2,2,F,E,1934,8
Bella Vista,Institucion Atletica Sud America,1934-09-01,0,1,F,V,1934,9
CA Penarol,Rampla Juniors Futbol Club,1934-09-01,3,2,F,L,1934,9
Defensor Sporting,Central Espanol,1934-09-01,1,2,F,V,1934,9
Montevideo Wanderers,Nacional,1934-09-01,0,2,F,V,1934,9
Racing Club,River Plate,1934-09-01,2,1,F,L,1934,9
Bella Vista,Rampla Juniors Futbol Club,1934-09-08,1,3,F,V,1934,9
CA Penarol,Racing Club,1934-09-08,5,3,F,L,1934,9
Central Espanol,Nacional,1934-09-08,1,2,F,V,1934,9
Defensor Sporting,River Plate,1934-09-08,0,1,F,V,1934,9
Institucion Atletica Sud America,Montevideo Wanderers,1934-09-08,0,4,F,V,1934,9
Bella Vista,Central Espanol,1934-09-15,0,1,F,V,1934,9
Montevideo Wanderers,CA Penarol,1934-09-15,2,2,F,E,1934,9
Racing Club,Defensor Sporting,1934-09-15,0,1,F,V,1934,9
Rampla Juniors Futbol Club,Nacional,1934-09-15,0,4,F,V,1934,9
River Plate,Institucion Atletica Sud America,1934-09-15,0,0,F,E,1934,9
Bella Vista,Defensor Sporting,1934-09-22,1,4,F,V,1934,9
CA Penarol,Central Espanol,1934-09-22,3,3,F,E,1934,9
Institucion Atletica Sud America,Racing Club,1934-09-22,6,1,F,L,1934,9
Montevideo Wanderers,Rampla Juniors Futbol Club,1934-09-22,0,2,F,V,1934,9
Nacional,River Plate,1934-09-22,0,1,F,V,1934,9
Defensor Sporting,Montevideo Wanderers,1934-09-29,1,1,F,E,1934,9
Institucion Atletica Sud America,Central Espanol,1934-09-29,2,2,F,E,1934,9
Nacional,CA Penarol,1934-09-29,1,1,F,E,1934,9
Rampla Juniors Futbol Club,Racing Club,1934-09-29,4,4,F,E,1934,9
River Plate,Bella Vista,1934-09-29,1,0,F,L,1934,9
CA Penarol,Central Espanol,1935-03-02,2,0,F,L,1935,3
Defensor Sporting,Institucion Atletica Sud America,1935-03-02,2,0,F,L,1935,3
Nacional,Rampla Juniors Futbol Club,1935-03-02,3,1,F,L,1935,3
Racing Club,Bella Vista,1935-03-02,4,2,F,L,1935,3
River Plate,Montevideo Wanderers,1935-03-02,0,2,F,V,1935,3
CA Penarol,Bella Vista,1935-03-09,2,1,F,L,1935,3
Central Espanol,Rampla Juniors Futbol Club,1935-03-09,1,2,F,V,1935,3
Institucion Atletica Sud America,River Plate,1935-03-09,2,2,F,E,1935,3
Montevideo Wanderers,Racing Club,1935-03-09,3,2,F,L,1935,3
Nacional,Defensor Sporting,1935-03-09,3,1,F,L,1935,3
CA Penarol,Montevideo Wanderers,1935-03-16,1,0,F,L,1935,3
Defensor Sporting,Bella Vista,1935-03-16,5,1,F,L,1935,3
Nacional,Racing Club,1935-03-16,3,0,F,L,1935,3
Rampla Juniors Futbol Club,Institucion Atletica Sud America,1935-03-16,0,0,F,E,1935,3
River Plate,Central Espanol,1935-03-16,2,2,F,E,1935,3
Bella Vista,River Plate,1935-03-23,2,3,F,V,1935,3
CA Penarol,Defensor Sporting,1935-03-23,1,0,F,L,1935,3
Institucion Atletica Sud America,Nacional,1935-03-23,1,0,F,L,1935,3
Montevideo Wanderers,Central Espanol,1935-03-23,2,0,F,L,1935,3
Racing Club,Rampla Juniors Futbol Club,1935-03-23,1,2,F,V,1935,3
Central Espanol,Nacional,1935-03-30,0,0,F,E,1935,3
Institucion Atletica Sud America,Bella Vista,1935-03-30,4,1,F,L,1935,3
Racing Club,Defensor Sporting,1935-03-30,1,2,F,V,1935,3
Rampla Juniors Futbol Club,Montevideo Wanderers,1935-03-30,1,3,F,V,1935,3
River Plate,CA Penarol,1935-03-30,2,0,F,L,1935,3
CA Penarol,Institucion Atletica Sud America,1935-04-06,3,0,F,L,1935,4
Montevideo Wanderers,Defensor Sporting,1935-04-06,3,3,F,E,1935,4
Nacional,Bella Vista,1935-04-06,3,0,F,L,1935,4
Racing Club,Central Espanol,1935-04-06,1,1,F,E,1935,4
River Plate,Rampla Juniors Futbol Club,1935-04-06,1,2,F,V,1935,4
CA Penarol,Racing Club,1935-04-13,3,1,F,L,1935,4
Defensor Sporting,River Plate,1935-04-13,2,1,F,L,1935,4
Institucion Atletica Sud America,Central Espanol,1935-04-13,0,0,F,E,1935,4
Nacional,Montevideo Wanderers,1935-04-13,1,0,F,L,1935,4
Rampla Juniors Futbol Club,Bella Vista,1935-04-13,3,1,F,L,1935,4
Bella Vista,Central Espanol,1935-04-20,1,3,F,V,1935,4
CA Penarol,Nacional,1935-04-20,2,1,F,L,1935,4
Defensor Sporting,Rampla Juniors Futbol Club,1935-04-20,2,1,F,L,1935,4
Montevideo Wanderers,Institucion Atletica Sud America,1935-04-20,2,0,F,L,1935,4
Racing Club,River Plate,1935-04-20,3,2,F,L,1935,4
Bella Vista,Montevideo Wanderers,1935-04-27,2,2,F,E,1935,4
CA Penarol,Rampla Juniors Futbol Club,1935-04-27,2,0,F,L,1935,4
Central Espanol,Defensor Sporting,1935-04-27,2,1,F,L,1935,4
Institucion Atletica Sud America,Racing Club,1935-04-27,1,0,F,L,1935,4
River Plate,Nacional,1935-04-27,0,3,F,V,1935,4
Bella Vista,Racing Club,1935-05-04,3,2,F,L,1935,5
Central Espanol,CA Penarol,1935-05-04,1,3,F,V,1935,5
Institucion Atletica Sud America,Defensor Sporting,1935-05-04,0,3,F,V,1935,5
Montevideo Wanderers,River Plate,1935-05-04,1,1,F,E,1935,5
Rampla Juniors Futbol Club,Nacional,1935-05-04,0,1,F,V,1935,5
Bella Vista,CA Penarol,1935-05-11,0,4,F,V,1935,5
Defensor Sporting,Nacional,1935-05-11,1,2,F,V,1935,5
Montevideo Wanderers,Racing Club,1935-05-11,1,0,F,L,1935,5
Rampla Juniors Futbol Club,Central Espanol,1935-05-11,6,0,F,L,1935,5
River Plate,Institucion Atletica Sud America,1935-05-11,4,3,F,L,1935,5
Bella Vista,Defensor Sporting,1935-05-18,1,3,F,V,1935,5
Central Espanol,River Plate,1935-05-18,2,1,F,L,1935,5
Institucion Atletica Sud America,Rampla Juniors Futbol Club,1935-05-18,1,1,F,E,1935,5
Montevideo Wanderers,CA Penarol,1935-05-18,1,1,F,E,1935,5
Racing Club,Nacional,1935-05-18,1,2,F,V,1935,5
Central Espanol,Montevideo Wanderers,1935-05-25,1,2,F,V,1935,5
Defensor Sporting,CA Penarol,1935-05-25,0,3,F,V,1935,5
Nacional,Institucion Atletica Sud America,1935-05-25,3,0,F,L,1935,5
Rampla Juniors Futbol Club,Racing Club,1935-05-25,3,1,F,L,1935,5
River Plate,Bella Vista,1935-05-25,3,2,F,L,1935,5
Bella Vista,Institucion Atletica Sud America,1935-06-01,1,2,F,V,1935,6
Defensor Sporting,Racing Club,1935-06-01,1,1,F,E,1935,6
Montevideo Wanderers,Rampla Juniors Futbol Club,1935-06-01,3,2,F,L,1935,6
Nacional,Central Espanol,1935-06-01,1,0,F,L,1935,6
River Plate,CA Penarol,1935-06-01,1,2,F,V,1935,6
Bella Vista,Nacional,1935-06-08,1,5,F,V,1935,6
Central Espanol,Racing Club,1935-06-08,0,1,F,V,1935,6
Defensor Sporting,Montevideo Wanderers,1935-06-08,0,1,F,V,1935,6
Institucion Atletica Sud America,CA Penarol,1935-06-08,0,3,F,V,1935,6
Rampla Juniors Futbol Club,River Plate,1935-06-08,1,2,F,V,1935,6
Bella Vista,Rampla Juniors Futbol Club,1935-06-15,2,1,F,L,1935,6
Central Espanol,Institucion Atletica Sud America,1935-06-15,1,2,F,V,1935,6
Montevideo Wanderers,Nacional,1935-06-15,0,3,F,V,1935,6
Racing Club,CA Penarol,1935-06-15,0,1,F,V,1935,6
River Plate,Defensor Sporting,1935-06-15,3,2,F,L,1935,6
Central Espanol,Bella Vista,1935-06-22,3,0,F,L,1935,6
Institucion Atletica Sud America,Montevideo Wanderers,1935-06-22,1,1,F,E,1935,6
Nacional,CA Penarol,1935-06-22,0,3,F,V,1935,6
Rampla Juniors Futbol Club,Defensor Sporting,1935-06-22,5,1,F,L,1935,6
River Plate,Racing Club,1935-06-22,2,1,F,L,1935,6
Defensor Sporting,Central Espanol,1935-06-29,2,0,F,L,1935,6
Montevideo Wanderers,Bella Vista,1935-06-29,3,1,F,L,1935,6
Nacional,River Plate,1935-06-29,2,0,F,L,1935,6
Racing Club,Institucion Atletica Sud America,1935-06-29,1,2,F,V,1935,6
Rampla Juniors Futbol Club,CA Penarol,1935-06-29,1,0,F,L,1935,6
CA Penarol,Defensor Sporting,1936-03-07,4,2,F,L,1936,3
Central Espanol,Bella Vista,1936-03-07,3,1,F,L,1936,3
Institucion Atletica Sud America,Montevideo Wanderers,1936-03-07,0,0,F,E,1936,3
Rampla Juniors Futbol Club,Nacional,1936-03-07,4,5,F,V,1936,3
River Plate,Racing Club,1936-03-07,1,0,F,L,1936,3
CA Penarol,Bella Vista,1936-03-14,2,0,F,L,1936,3
Institucion Atletica Sud America,Racing Club,1936-03-14,1,1,F,E,1936,3
Montevideo Wanderers,Rampla Juniors Futbol Club,1936-03-14,1,1,F,E,1936,3
Nacional,Central Espanol,1936-03-14,2,1,F,L,1936,3
River Plate,Defensor Sporting,1936-03-14,3,1,F,L,1936,3
CA Penarol,River Plate,1936-03-21,2,0,F,L,1936,3
Institucion Atletica Sud America,Central Espanol,1936-03-21,2,1,F,L,1936,3
Montevideo Wanderers,Bella Vista,1936-03-21,1,1,F,E,1936,3
Nacional,Racing Club,1936-03-21,1,0,F,L,1936,3
Rampla Juniors Futbol Club,Defensor Sporting,1936-03-21,2,1,F,L,1936,3
Bella Vista,River Plate,1936-03-28,4,1,F,L,1936,3
CA Penarol,Montevideo Wanderers,1936-03-28,2,1,F,L,1936,3
Defensor Sporting,Racing Club,1936-03-28,1,3,F,V,1936,3
Institucion Atletica Sud America,Nacional,1936-03-28,2,1,F,L,1936,3
Rampla Juniors Futbol Club,Central Espanol,1936-03-28,2,2,F,E,1936,3
Bella Vista,Racing Club,1936-04-04,0,2,F,V,1936,4
CA Penarol,Institucion Atletica Sud America,1936-04-04,1,0,F,L,1936,4
Defensor Sporting,Central Espanol,1936-04-04,0,1,F,V,1936,4
Nacional,Montevideo Wanderers,1936-04-04,1,0,F,L,1936,4
River Plate,Rampla Juniors Futbol Club,1936-04-04,1,0,F,L,1936,4
CA Penarol,Racing Club,1936-04-11,5,1,F,L,1936,4
Central Espanol,Montevideo Wanderers,1936-04-11,3,0,F,L,1936,4
Institucion Atletica Sud America,Defensor Sporting,1936-04-11,1,2,F,V,1936,4
Rampla Juniors Futbol Club,Bella Vista,1936-04-11,1,3,F,V,1936,4
River Plate,Nacional,1936-04-11,1,2,F,V,1936,4
CA Penarol,Central Espanol,1936-04-18,3,2,F,L,1936,4
Defensor Sporting,Montevideo Wanderers,1936-04-18,0,1,F,V,1936,4
Nacional,Bella Vista,1936-04-18,7,1,F,L,1936,4
Racing Club,Rampla Juniors Futbol Club,1936-04-18,1,1,F,E,1936,4
River Plate,Institucion Atletica Sud America,1936-04-18,3,1,F,L,1936,4
Bella Vista,Defensor Sporting,1936-04-25,0,0,F,E,1936,4
CA Penarol,Nacional,1936-04-25,4,0,F,L,1936,4
Central Espanol,Racing Club,1936-04-25,2,1,F,L,1936,4
Montevideo Wanderers,River Plate,1936-04-25,3,2,F,L,1936,4
Rampla Juniors Futbol Club,Institucion Atletica Sud America,1936-04-25,1,0,F,L,1936,4
Bella Vista,Institucion Atletica Sud America,1936-05-02,0,1,F,V,1936,5
Montevideo Wanderers,Racing Club,1936-05-02,5,2,F,L,1936,5
Nacional,Defensor Sporting,1936-05-02,1,0,F,L,1936,5
Rampla Juniors Futbol Club,CA Penarol,1936-05-02,1,0,F,L,1936,5
River Plate,Central Espanol,1936-05-02,2,0,F,L,1936,5
Bella Vista,Central Espanol,1936-05-09,2,1,F,L,1936,5
Defensor Sporting,CA Penarol,1936-05-09,1,3,F,V,1936,5
Montevideo Wanderers,Institucion Atletica Sud America,1936-05-09,4,0,F,L,1936,5
Nacional,Rampla Juniors Futbol Club,1936-05-09,1,2,F,V,1936,5
Racing Club,River Plate,1936-05-09,0,1,F,V,1936,5
Bella Vista,CA Penarol,1936-05-16,1,3,F,V,1936,5
Central Espanol,Nacional,1936-05-16,0,2,F,V,1936,5
Defensor Sporting,River Plate,1936-05-16,2,2,F,E,1936,5
Racing Club,Institucion Atletica Sud America,1936-05-16,1,2,F,V,1936,5
Rampla Juniors Futbol Club,Montevideo Wanderers,1936-05-16,5,2,F,L,1936,5
Bella Vista,Montevideo Wanderers,1936-05-23,0,1,F,V,1936,5
Central Espanol,Institucion Atletica Sud America,1936-05-23,2,2,F,E,1936,5
Defensor Sporting,Rampla Juniors Futbol Club,1936-05-23,1,0,F,L,1936,5
Racing Club,Nacional,1936-05-23,1,4,F,V,1936,5
River Plate,CA Penarol,1936-05-23,1,0,F,L,1936,5
Central Espanol,Rampla Juniors Futbol Club,1936-05-30,2,3,F,V,1936,5
Montevideo Wanderers,CA Penarol,1936-05-30,0,1,F,V,1936,5
Nacional,Institucion Atletica Sud America,1936-05-30,0,0,F,E,1936,5
Racing Club,Defensor Sporting,1936-05-30,3,4,F,V,1936,5
River Plate,Bella Vista,1936-05-30,2,1,F,L,1936,5
Central Espanol,Defensor Sporting,1936-06-06,1,0,F,L,1936,6
Institucion Atletica Sud America,CA Penarol,1936-06-06,0,2,F,V,1936,6
Montevideo Wanderers,Nacional,1936-06-06,0,4,F,V,1936,6
Racing Club,Bella Vista,1936-06-06,1,4,F,V,1936,6
Rampla Juniors Futbol Club,River Plate,1936-06-06,2,1,F,L,1936,6
Bella Vista,Rampla Juniors Futbol Club,1936-06-13,1,2,F,V,1936,6
Defensor Sporting,Institucion Atletica Sud America,1936-06-13,3,3,F,E,1936,6
Montevideo Wanderers,Central Espanol,1936-06-13,4,1,F,L,1936,6
Nacional,River Plate,1936-06-13,1,1,F,E,1936,6
Racing Club,CA Penarol,1936-06-13,1,1,F,E,1936,6
Bella Vista,Nacional,1936-06-20,2,3,F,V,1936,6
Central Espanol,CA Penarol,1936-06-20,0,3,F,V,1936,6
Institucion Atletica Sud America,River Plate,1936-06-20,2,3,F,V,1936,6
Montevideo Wanderers,Defensor Sporting,1936-06-20,4,1,F,L,1936,6
Rampla Juniors Futbol Club,Racing Club,1936-06-20,5,0,F,L,1936,6
Defensor Sporting,Bella Vista,1936-06-27,3,1,F,L,1936,6
Institucion Atletica Sud America,Rampla Juniors Futbol Club,1936-06-27,1,2,F,V,1936,6
Nacional,CA Penarol,1936-06-27,1,1,F,E,1936,6
Racing Club,Central Espanol,1936-06-27,0,1,F,V,1936,6
River Plate,Montevideo Wanderers,1936-06-27,3,2,F,L,1936,6
CA Penarol,Rampla Juniors Futbol Club,1936-08-01,3,0,F,L,1936,8
Central Espanol,River Plate,1936-08-01,1,1,F,E,1936,8
Defensor Sporting,Nacional,1936-08-01,2,4,F,V,1936,8
Institucion Atletica Sud America,Bella Vista,1936-08-01,2,4,F,V,1936,8
Racing Club,Montevideo Wanderers,1936-08-01,0,3,F,V,1936,8
Bella Vista,CA Penarol,1937-03-06,1,0,F,L,1937,3
Institucion Atletica Sud America,Montevideo Wanderers,1937-03-06,2,1,F,L,1937,3
Racing Club,Central Espanol,1937-03-06,2,2,F,E,1937,3
Rampla Juniors Futbol Club,Defensor Sporting,1937-03-06,4,3,F,L,1937,3
River Plate,Nacional,1937-03-06,0,1,F,V,1937,3
CA Penarol,Institucion Atletica Sud America,1937-03-13,1,0,F,L,1937,3
Defensor Sporting,River Plate,1937-03-13,0,2,F,V,1937,3
Montevideo Wanderers,Nacional,1937-03-13,1,1,F,E,1937,3
Racing Club,Bella Vista,1937-03-13,1,0,F,L,1937,3
Rampla Juniors Futbol Club,Central Espanol,1937-03-13,4,1,F,L,1937,3
Bella Vista,River Plate,1937-03-20,2,0,F,L,1937,3
CA Penarol,Rampla Juniors Futbol Club,1937-03-20,1,0,F,L,1937,3
Central Espanol,Institucion Atletica Sud America,1937-03-20,3,1,F,L,1937,3
Nacional,Defensor Sporting,1937-03-20,0,0,F,E,1937,3
Racing Club,Montevideo Wanderers,1937-03-20,0,2,F,V,1937,3
CA Penarol,Central Espanol,1937-03-27,4,2,F,L,1937,3
Institucion Atletica Sud America,Bella Vista,1937-03-27,5,2,F,L,1937,3
Montevideo Wanderers,Defensor Sporting,1937-03-27,1,2,F,V,1937,3
Nacional,Racing Club,1937-03-27,2,1,F,L,1937,3
River Plate,Rampla Juniors Futbol Club,1937-03-27,1,1,F,E,1937,3
CA Penarol,Racing Club,1937-04-03,3,1,F,L,1937,4
Defensor Sporting,Bella Vista,1937-04-03,3,3,F,E,1937,4
Montevideo Wanderers,Rampla Juniors Futbol Club,1937-04-03,2,3,F,V,1937,4
Nacional,Central Espanol,1937-04-03,1,0,F,L,1937,4
River Plate,Institucion Atletica Sud America,1937-04-03,2,1,F,L,1937,4
Bella Vista,Montevideo Wanderers,1937-04-10,1,4,F,V,1937,4
Central Espanol,River Plate,1937-04-10,1,2,F,V,1937,4
Defensor Sporting,CA Penarol,1937-04-10,1,3,F,V,1937,4
Institucion Atletica Sud America,Racing Club,1937-04-10,2,0,F,L,1937,4
Nacional,Rampla Juniors Futbol Club,1937-04-10,4,1,F,L,1937,4
Bella Vista,Rampla Juniors Futbol Club,1937-04-17,0,0,F,E,1937,4
Defensor Sporting,Central Espanol,1937-04-17,0,4,F,V,1937,4
Institucion Atletica Sud America,Nacional,1937-04-17,2,2,F,E,1937,4
Montevideo Wanderers,CA Penarol,1937-04-17,1,0,F,L,1937,4
River Plate,Racing Club,1937-04-17,2,2,F,E,1937,4
Bella Vista,Central Espanol,1937-04-24,0,1,F,V,1937,4
CA Penarol,Nacional,1937-04-24,2,2,F,E,1937,4
Montevideo Wanderers,River Plate,1937-04-24,2,3,F,V,1937,4
Racing Club,Defensor Sporting,1937-04-24,1,2,F,V,1937,4
Rampla Juniors Futbol Club,Institucion Atletica Sud America,1937-04-24,1,1,F,E,1937,4
CA Penarol,River Plate,1937-05-01,5,2,F,L,1937,5
Institucion Atletica Sud America,Defensor Sporting,1937-05-01,1,4,F,V,1937,5
Montevideo Wanderers,Central Espanol,1937-05-01,5,0,F,L,1937,5
Nacional,Bella Vista,1937-05-01,3,1,F,L,1937,5
Racing Club,Rampla Juniors Futbol Club,1937-05-01,1,0,F,L,1937,5
CA Penarol,Bella Vista,1937-05-08,4,1,F,L,1937,5
Central Espanol,Racing Club,1937-05-08,0,0,F,E,1937,5
Defensor Sporting,Rampla Juniors Futbol Club,1937-05-08,1,5,F,V,1937,5
Montevideo Wanderers,Institucion Atletica Sud America,1937-05-08,2,0,F,L,1937,5
Nacional,River Plate,1937-05-08,2,1,F,L,1937,5
Bella Vista,Racing Club,1937-05-15,2,3,F,V,1937,5
Central Espanol,Rampla Juniors Futbol Club,1937-05-15,2,2,F,E,1937,5
Institucion Atletica Sud America,CA Penarol,1937-05-15,1,4,F,V,1937,5
Nacional,Montevideo Wanderers,1937-05-15,1,1,F,E,1937,5
River Plate,Defensor Sporting,1937-05-15,6,1,F,L,1937,5
Defensor Sporting,Nacional,1937-05-22,1,2,F,V,1937,5
Institucion Atletica Sud America,Central Espanol,1937-05-22,3,2,F,L,1937,5
Montevideo Wanderers,Racing Club,1937-05-22,4,1,F,L,1937,5
Rampla Juniors Futbol Club,CA Penarol,1937-05-22,1,0,F,L,1937,5
River Plate,Bella Vista,1937-05-22,4,2,F,L,1937,5
Bella Vista,Institucion Atletica Sud America,1937-05-29,3,1,F,L,1937,5
Central Espanol,CA Penarol,1937-05-29,1,2,F,V,1937,5
Defensor Sporting,Montevideo Wanderers,1937-05-29,0,2,F,V,1937,5
Racing Club,Nacional,1937-05-29,1,2,F,V,1937,5
Rampla Juniors Futbol Club,River Plate,1937-05-29,4,5,F,V,1937,5
Bella Vista,Defensor Sporting,1937-06-05,6,1,F,L,1937,6
Central Espanol,Nacional,1937-06-05,1,4,F,V,1937,6
Institucion Atletica Sud America,River Plate,1937-06-05,1,1,F,E,1937,6
Racing Club,CA Penarol,1937-06-05,1,6,F,V,1937,6
Rampla Juniors Futbol Club,Montevideo Wanderers,1937-06-05,3,0,F,L,1937,6
CA Penarol,Defensor Sporting,1937-06-12,5,1,F,L,1937,6
Montevideo Wanderers,Bella Vista,1937-06-12,1,0,F,L,1937,6
Racing Club,Institucion Atletica Sud America,1937-06-12,1,1,F,E,1937,6
Rampla Juniors Futbol Club,Nacional,1937-06-12,1,5,F,V,1937,6
River Plate,Central Espanol,1937-06-12,2,4,F,V,1937,6
CA Penarol,Montevideo Wanderers,1937-06-19,4,2,F,L,1937,6
Central Espanol,Defensor Sporting,1937-06-19,2,1,F,L,1937,6
Nacional,Institucion Atletica Sud America,1937-06-19,2,0,F,L,1937,6
Racing Club,River Plate,1937-06-19,1,3,F,V,1937,6
Rampla Juniors Futbol Club,Bella Vista,1937-06-19,2,2,F,E,1937,6
Central Espanol,Bella Vista,1937-06-26,2,2,F,E,1937,6
Defensor Sporting,Racing Club,1937-06-26,3,5,F,V,1937,6
Institucion Atletica Sud America,Rampla Juniors Futbol Club,1937-06-26,0,0,F,E,1937,6
Nacional,CA Penarol,1937-06-26,0,4,F,V,1937,6
River Plate,Montevideo Wanderers,1937-06-26,0,0,F,E,1937,6
Bella Vista,Nacional,1937-08-07,1,1,F,E,1937,8
Central Espanol,Montevideo Wanderers,1937-08-07,1,2,F,V,1937,8
Defensor Sporting,Institucion Atletica Sud America,1937-08-07,6,2,F,L,1937,8
Rampla Juniors Futbol Club,Racing Club,1937-08-07,2,3,F,V,1937,8
River Plate,CA Penarol,1937-08-07,0,5,F,V,1937,8
CA Penarol,Liverpool,1938-03-05,2,0,F,L,1938,3
Central Espanol,Bella Vista,1938-03-05,1,1,F,E,1938,3
Institucion Atletica Sud America,Rampla Juniors Futbol Club,1938-03-05,4,2,F,L,1938,3
Racing Club,Montevideo Wanderers,1938-03-05,0,2,F,V,1938,3
River Plate,Nacional,1938-03-05,3,2,F,L,1938,3
Bella Vista,Institucion Atletica Sud America,1938-03-12,5,3,F,L,1938,3
CA Penarol,Defensor Sporting,1938-03-12,3,2,F,L,1938,3
Central Espanol,Liverpool,1938-03-12,5,3,F,L,1938,3
Nacional,Montevideo Wanderers,1938-03-12,2,0,F,L,1938,3
Rampla Juniors Futbol Club,Racing Club,1938-03-12,2,2,F,E,1938,3
CA Penarol,Bella Vista,1938-03-19,4,2,F,L,1938,3
Institucion Atletica Sud America,Racing Club,1938-03-19,3,1,F,L,1938,3
Liverpool,River Plate,1938-03-19,0,0,F,E,1938,3
Nacional,Central Espanol,1938-03-19,4,2,F,L,1938,3
Rampla Juniors Futbol Club,Defensor Sporting,1938-03-19,1,1,F,E,1938,3
CA Penarol,Institucion Atletica Sud America,1938-03-26,6,0,F,L,1938,3
Liverpool,Racing Club,1938-03-26,1,4,F,V,1938,3
Montevideo Wanderers,Bella Vista,1938-03-26,2,1,F,L,1938,3
Nacional,Rampla Juniors Futbol Club,1938-03-26,6,0,F,L,1938,3
River Plate,Defensor Sporting,1938-03-26,2,3,F,V,1938,3
Bella Vista,Rampla Juniors Futbol Club,1938-04-02,0,5,F,V,1938,4
CA Penarol,River Plate,1938-04-02,2,1,F,L,1938,4
Central Espanol,Defensor Sporting,1938-04-02,5,0,F,L,1938,4
Institucion Atletica Sud America,Montevideo Wanderers,1938-04-02,1,3,F,V,1938,4
Nacional,Liverpool,1938-04-02,3,0,F,L,1938,4
CA Penarol,Montevideo Wanderers,1938-04-09,1,2,F,V,1938,4
Defensor Sporting,Liverpool,1938-04-09,7,0,F,L,1938,4
Institucion Atletica Sud America,Central Espanol,1938-04-09,1,1,F,E,1938,4
Nacional,Racing Club,1938-04-09,1,0,F,L,1938,4
River Plate,Rampla Juniors Futbol Club,1938-04-09,1,0,F,L,1938,4
CA Penarol,Central Espanol,1938-04-16,2,2,F,E,1938,4
Defensor Sporting,Montevideo Wanderers,1938-04-16,0,0,F,E,1938,4
Liverpool,Institucion Atletica Sud America,1938-04-16,1,2,F,V,1938,4
Nacional,Bella Vista,1938-04-16,4,0,F,L,1938,4
Racing Club,River Plate,1938-04-16,0,0,F,E,1938,4
Bella Vista,River Plate,1938-04-23,0,0,F,E,1938,4
CA Penarol,Rampla Juniors Futbol Club,1938-04-23,4,2,F,L,1938,4
Defensor Sporting,Racing Club,1938-04-23,1,1,F,E,1938,4
Montevideo Wanderers,Central Espanol,1938-04-23,2,0,F,L,1938,4
Nacional,Institucion Atletica Sud America,1938-04-23,4,1,F,L,1938,4
Bella Vista,Defensor Sporting,1938-04-30,2,1,F,L,1938,4
CA Penarol,Nacional,1938-04-30,3,1,F,L,1938,4
Central Espanol,Racing Club,1938-04-30,1,1,F,E,1938,4
Rampla Juniors Futbol Club,Liverpool,1938-04-30,1,1,F,E,1938,4
River Plate,Montevideo Wanderers,1938-04-30,5,1,F,L,1938,4
CA Penarol,Racing Club,1938-05-07,3,1,F,L,1938,5
Central Espanol,River Plate,1938-05-07,2,1,F,L,1938,5
Defensor Sporting,Institucion Atletica Sud America,1938-05-07,3,0,F,L,1938,5
Liverpool,Bella Vista,1938-05-07,1,1,F,E,1938,5
Rampla Juniors Futbol Club,Montevideo Wanderers,1938-05-07,2,1,F,L,1938,5
Bella Vista,Racing Club,1938-05-14,0,0,F,E,1938,5
Montevideo Wanderers,Liverpool,1938-05-14,5,0,F,L,1938,5
Nacional,Defensor Sporting,1938-05-14,4,2,F,L,1938,5
Rampla Juniors Futbol Club,Central Espanol,1938-05-14,1,2,F,V,1938,5
River Plate,Institucion Atletica Sud America,1938-05-14,2,0,F,L,1938,5
Bella Vista,Central Espanol,1938-05-21,0,0,F,E,1938,5
Liverpool,CA Penarol,1938-05-21,1,2,F,V,1938,5
Montevideo Wanderers,Racing Club,1938-05-21,1,2,F,V,1938,5
Nacional,River Plate,1938-05-21,10,0,F,L,1938,5
Rampla Juniors Futbol Club,Institucion Atletica Sud America,1938-05-21,3,3,F,E,1938,5
Defensor Sporting,CA Penarol,1938-05-28,0,2,F,V,1938,5
Institucion Atletica Sud America,Bella Vista,1938-05-28,1,1,F,E,1938,5
Liverpool,Central Espanol,1938-05-28,2,2,F,E,1938,5
Montevideo Wanderers,Nacional,1938-05-28,0,3,F,V,1938,5
Racing Club,Rampla Juniors Futbol Club,1938-05-28,0,2,F,V,1938,5
Bella Vista,CA Penarol,1938-06-04,0,1,F,V,1938,6
Central Espanol,Nacional,1938-06-04,0,2,F,V,1938,6
Defensor Sporting,Rampla Juniors Futbol Club,1938-06-04,4,1,F,L,1938,6
Racing Club,Institucion Atletica Sud America,1938-06-04,2,4,F,V,1938,6
River Plate,Liverpool,1938-06-04,3,1,F,L,1938,6
Bella Vista,Montevideo Wanderers,1938-06-11,1,0,F,L,1938,6
Defensor Sporting,River Plate,1938-06-11,1,1,F,E,1938,6
Institucion Atletica Sud America,CA Penarol,1938-06-11,1,6,F,V,1938,6
Liverpool,Racing Club,1938-06-11,0,2,F,V,1938,6
Rampla Juniors Futbol Club,Nacional,1938-06-11,0,3,F,V,1938,6
Defensor Sporting,Central Espanol,1938-06-18,2,3,F,V,1938,6
Liverpool,Nacional,1938-06-18,1,2,F,V,1938,6
Montevideo Wanderers,Institucion Atletica Sud America,1938-06-18,3,2,F,L,1938,6
Rampla Juniors Futbol Club,Bella Vista,1938-06-18,1,1,F,E,1938,6
River Plate,CA Penarol,1938-06-18,0,7,F,V,1938,6
Central Espanol,Institucion Atletica Sud America,1938-06-25,4,1,F,L,1938,6
Liverpool,Defensor Sporting,1938-06-25,3,1,F,L,1938,6
Montevideo Wanderers,CA Penarol,1938-06-25,2,2,F,E,1938,6
Racing Club,Nacional,1938-06-25,2,1,F,L,1938,6
Rampla Juniors Futbol Club,River Plate,1938-06-25,1,1,F,E,1938,6
Bella Vista,Nacional,1938-08-06,1,1,F,E,1938,8
Central Espanol,CA Penarol,1938-08-06,1,2,F,V,1938,8
Institucion Atletica Sud America,Liverpool,1938-08-06,2,0,F,L,1938,8
Montevideo Wanderers,Defensor Sporting,1938-08-06,1,1,F,E,1938,8
River Plate,Racing Club,1938-08-06,1,1,F,E,1938,8
Central Espanol,Montevideo Wanderers,1938-08-13,1,0,F,L,1938,8
Institucion Atletica Sud America,Nacional,1938-08-13,2,2,F,E,1938,8
Racing Club,Defensor Sporting,1938-08-13,2,2,F,E,1938,8
Rampla Juniors Futbol Club,CA Penarol,1938-08-13,2,5,F,V,1938,8
River Plate,Bella Vista,1938-08-13,1,2,F,V,1938,8
Defensor Sporting,Bella Vista,1938-08-20,3,2,F,L,1938,8
Liverpool,Rampla Juniors Futbol Club,1938-08-20,0,0,F,E,1938,8
Montevideo Wanderers,River Plate,1938-08-20,1,1,F,E,1938,8
Nacional,CA Penarol,1938-08-20,2,1,F,L,1938,8
Racing Club,Central Espanol,1938-08-20,0,0,F,E,1938,8
Bella Vista,Liverpool,1938-08-27,3,1,F,L,1938,8
Institucion Atletica Sud America,Defensor Sporting,1938-08-27,0,1,F,V,1938,8
Montevideo Wanderers,Rampla Juniors Futbol Club,1938-08-27,4,1,F,L,1938,8
Racing Club,CA Penarol,1938-08-27,2,4,F,V,1938,8
River Plate,Central Espanol,1938-08-27,0,2,F,V,1938,8
Central Espanol,Rampla Juniors Futbol Club,1938-09-03,2,1,F,L,1938,9
Defensor Sporting,Nacional,1938-09-03,2,2,F,E,1938,9
Institucion Atletica Sud America,River Plate,1938-09-03,1,4,F,V,1938,9
Liverpool,Montevideo Wanderers,1938-09-03,1,5,F,V,1938,9
Racing Club,Bella Vista,1938-09-03,0,1,F,V,1938,9
Bella Vista,CA Penarol,1939-03-04,2,1,F,L,1939,3
Defensor Sporting,Institucion Atletica Sud America,1939-03-04,2,2,F,E,1939,3
Liverpool,Racing Club,1939-03-04,0,0,F,E,1939,3
Rampla Juniors Futbol Club,Nacional,1939-03-04,2,1,F,L,1939,3
River Plate,Central Espanol,1939-03-04,2,0,F,L,1939,3
Central Espanol,Defensor Sporting,1939-03-11,2,1,F,L,1939,3
Institucion Atletica Sud America,Liverpool,1939-03-11,4,3,F,L,1939,3
Montevideo Wanderers,CA Penarol,1939-03-11,4,1,F,L,1939,3
Racing Club,Nacional,1939-03-11,1,0,F,L,1939,3
River Plate,Bella Vista,1939-03-11,3,2,F,L,1939,3
Bella Vista,Rampla Juniors Futbol Club,1939-03-18,2,1,F,L,1939,3
CA Penarol,Central Espanol,1939-03-18,6,0,F,L,1939,3
Defensor Sporting,Liverpool,1939-03-18,4,2,F,L,1939,3
Institucion Atletica Sud America,Montevideo Wanderers,1939-03-18,4,1,F,L,1939,3
Nacional,River Plate,1939-03-18,0,0,F,E,1939,3
Bella Vista,Liverpool,1939-03-25,1,1,F,E,1939,3
CA Penarol,Defensor Sporting,1939-03-25,7,0,F,L,1939,3
Central Espanol,Racing Club,1939-03-25,1,1,F,E,1939,3
Montevideo Wanderers,Rampla Juniors Futbol Club,1939-03-25,4,2,F,L,1939,3
Nacional,Institucion Atletica Sud America,1939-03-25,2,1,F,L,1939,3
CA Penarol,Rampla Juniors Futbol Club,1939-04-01,5,0,F,L,1939,4
Central Espanol,Institucion Atletica Sud America,1939-04-01,2,1,F,L,1939,4
Montevideo Wanderers,River Plate,1939-04-01,3,1,F,L,1939,4
Nacional,Bella Vista,1939-04-01,2,0,F,L,1939,4
Racing Club,Defensor Sporting,1939-04-01,4,1,F,L,1939,4
Bella Vista,Montevideo Wanderers,1939-04-08,2,0,F,L,1939,4
CA Penarol,Racing Club,1939-04-08,5,0,F,L,1939,4
Institucion Atletica Sud America,Rampla Juniors Futbol Club,1939-04-08,3,1,F,L,1939,4
Nacional,Liverpool,1939-04-08,4,1,F,L,1939,4
River Plate,Defensor Sporting,1939-04-08,0,0,F,E,1939,4
Defensor Sporting,Bella Vista,1939-04-15,2,0,F,L,1939,4
Liverpool,Rampla Juniors Futbol Club,1939-04-15,4,2,F,L,1939,4
Montevideo Wanderers,Racing Club,1939-04-15,3,1,F,L,1939,4
Nacional,Central Espanol,1939-04-15,6,1,F,L,1939,4
River Plate,CA Penarol,1939-04-15,4,2,F,L,1939,4
Central Espanol,Rampla Juniors Futbol Club,1939-04-22,1,1,F,E,1939,4
Institucion Atletica Sud America,CA Penarol,1939-04-22,1,1,F,E,1939,4
Montevideo Wanderers,Liverpool,1939-04-22,2,0,F,L,1939,4
Nacional,Defensor Sporting,1939-04-22,6,0,F,L,1939,4
River Plate,Racing Club,1939-04-22,1,0,F,L,1939,4
CA Penarol,Nacional,1939-04-29,2,1,F,L,1939,4
Institucion Atletica Sud America,Bella Vista,1939-04-29,1,1,F,E,1939,4
Liverpool,River Plate,1939-04-29,1,0,F,L,1939,4
Montevideo Wanderers,Central Espanol,1939-04-29,1,1,F,E,1939,4
Rampla Juniors Futbol Club,Racing Club,1939-04-29,4,4,F,E,1939,4
CA Penarol,Liverpool,1939-05-06,3,1,F,L,1939,5
Central Espanol,Bella Vista,1939-05-06,1,1,F,E,1939,5
Institucion Atletica Sud America,Racing Club,1939-05-06,7,1,F,L,1939,5
Montevideo Wanderers,Defensor Sporting,1939-05-06,1,1,F,E,1939,5
Rampla Juniors Futbol Club,River Plate,1939-05-06,1,1,F,E,1939,5
Bella Vista,Racing Club,1939-05-13,2,0,F,L,1939,5
Central Espanol,Liverpool,1939-05-13,1,0,F,L,1939,5
Institucion Atletica Sud America,River Plate,1939-05-13,1,1,F,E,1939,5
Nacional,Montevideo Wanderers,1939-05-13,2,0,F,L,1939,5
Rampla Juniors Futbol Club,Defensor Sporting,1939-05-13,4,1,F,L,1939,5
CA Penarol,Bella Vista,1939-05-20,3,1,F,L,1939,5
Central Espanol,River Plate,1939-05-20,2,1,F,L,1939,5
Institucion Atletica Sud America,Defensor Sporting,1939-05-20,1,2,F,V,1939,5
Nacional,Rampla Juniors Futbol Club,1939-05-20,4,1,F,L,1939,5
Racing Club,Liverpool,1939-05-20,2,1,F,L,1939,5
Bella Vista,River Plate,1939-05-27,1,1,F,E,1939,5
CA Penarol,Montevideo Wanderers,1939-05-27,2,2,F,E,1939,5
Defensor Sporting,Central Espanol,1939-05-27,1,1,F,E,1939,5
Liverpool,Institucion Atletica Sud America,1939-05-27,1,0,F,L,1939,5
Nacional,Racing Club,1939-05-27,6,1,F,L,1939,5
Central Espanol,CA Penarol,1939-06-03,3,2,F,L,1939,6
Liverpool,Defensor Sporting,1939-06-03,4,1,F,L,1939,6
Montevideo Wanderers,Institucion Atletica Sud America,1939-06-03,0,0,F,E,1939,6
Rampla Juniors Futbol Club,Bella Vista,1939-06-03,5,1,F,L,1939,6
River Plate,Nacional,1939-06-03,1,4,F,V,1939,6
Defensor Sporting,CA Penarol,1939-06-10,1,3,F,V,1939,6
Institucion Atletica Sud America,Nacional,1939-06-10,2,2,F,E,1939,6
Liverpool,Bella Vista,1939-06-10,1,0,F,L,1939,6
Racing Club,Central Espanol,1939-06-10,2,2,F,E,1939,6
Rampla Juniors Futbol Club,Montevideo Wanderers,1939-06-10,0,0,F,E,1939,6
Bella Vista,Nacional,1939-06-17,2,8,F,V,1939,6
Defensor Sporting,Racing Club,1939-06-17,2,2,F,E,1939,6
Institucion Atletica Sud America,Central Espanol,1939-06-17,1,4,F,V,1939,6
Rampla Juniors Futbol Club,CA Penarol,1939-06-17,0,2,F,V,1939,6
River Plate,Montevideo Wanderers,1939-06-17,2,2,F,E,1939,6
Defensor Sporting,River Plate,1939-06-24,1,1,F,E,1939,6
Liverpool,Nacional,1939-06-24,0,4,F,V,1939,6
Montevideo Wanderers,Bella Vista,1939-06-24,3,2,F,L,1939,6
Racing Club,CA Penarol,1939-06-24,1,4,F,V,1939,6
Rampla Juniors Futbol Club,Institucion Atletica Sud America,1939-06-24,4,0,F,L,1939,6
Bella Vista,Defensor Sporting,1939-08-05,1,2,F,V,1939,8
CA Penarol,River Plate,1939-08-05,2,0,F,L,1939,8
Central Espanol,Nacional,1939-08-05,0,5,F,V,1939,8
Racing Club,Montevideo Wanderers,1939-08-05,2,2,F,E,1939,8
Rampla Juniors Futbol Club,Liverpool,1939-08-05,0,2,F,V,1939,8
CA Penarol,Institucion Atletica Sud America,1939-08-12,3,2,F,L,1939,8
Defensor Sporting,Nacional,1939-08-12,2,1,F,L,1939,8
Liverpool,Montevideo Wanderers,1939-08-12,1,1,F,E,1939,8
Racing Club,River Plate,1939-08-12,0,1,F,V,1939,8
Rampla Juniors Futbol Club,Central Espanol,1939-08-12,2,1,F,L,1939,8
Bella Vista,Institucion Atletica Sud America,1939-08-19,1,4,F,V,1939,8
Central Espanol,Montevideo Wanderers,1939-08-19,0,4,F,V,1939,8
Nacional,CA Penarol,1939-08-19,1,0,F,L,1939,8
Racing Club,Rampla Juniors Futbol Club,1939-08-19,1,0,F,L,1939,8
River Plate,Liverpool,1939-08-19,0,4,F,V,1939,8
Bella Vista,Central Espanol,1939-08-26,3,0,F,L,1939,8
Defensor Sporting,Montevideo Wanderers,1939-08-26,3,0,F,L,1939,8
Liverpool,CA Penarol,1939-08-26,1,2,F,V,1939,8
Racing Club,Institucion Atletica Sud America,1939-08-26,3,1,F,L,1939,8
River Plate,Rampla Juniors Futbol Club,1939-08-26,3,4,F,V,1939,8
Defensor Sporting,Rampla Juniors Futbol Club,1939-09-02,2,2,F,E,1939,9
Liverpool,Central Espanol,1939-09-02,1,0,F,L,1939,9
Montevideo Wanderers,Nacional,1939-09-02,0,1,F,V,1939,9
Nacional,CA Penarol,1939-09-02,3,2,F,L,1939,9
Racing Club,Bella Vista,1939-09-02,2,2,F,E,1939,9
River Plate,Institucion Atletica Sud America,1939-09-02,2,0,F,L,1939,9
Defensor Sporting,Central Espanol,1940-03-02,2,2,F,E,1940,3
Institucion Atletica Sud America,Nacional,1940-03-02,2,2,F,E,1940,3
Montevideo Wanderers,CA Penarol,1940-03-02,3,3,F,E,1940,3
Racing Club,River Plate,1940-03-02,3,1,F,L,1940,3
Rampla Juniors Futbol Club,Liverpool,1940-03-02,5,2,F,L,1940,3
Central Espanol,Rampla Juniors Futbol Club,1940-03-09,0,0,F,E,1940,3
Defensor Sporting,River Plate,1940-03-09,2,2,F,E,1940,3
Liverpool,CA Penarol,1940-03-09,1,0,F,L,1940,3
Nacional,Bella Vista,1940-03-09,6,2,F,L,1940,3
Racing Club,Institucion Atletica Sud America,1940-03-09,2,1,F,L,1940,3
CA Penarol,Racing Club,1940-03-16,5,1,F,L,1940,3
Central Espanol,Bella Vista,1940-03-16,2,2,F,E,1940,3
Defensor Sporting,Rampla Juniors Futbol Club,1940-03-16,1,0,F,L,1940,3
Montevideo Wanderers,Institucion Atletica Sud America,1940-03-16,4,0,F,L,1940,3
Nacional,River Plate,1940-03-16,3,1,F,L,1940,3
CA Penarol,Central Espanol,1940-03-23,3,0,F,L,1940,3
Institucion Atletica Sud America,Rampla Juniors Futbol Club,1940-03-23,3,2,F,L,1940,3
Montevideo Wanderers,Bella Vista,1940-03-23,1,1,F,E,1940,3
Nacional,Defensor Sporting,1940-03-23,5,2,F,L,1940,3
River Plate,Liverpool,1940-03-23,1,1,F,E,1940,3
CA Penarol,Institucion Atletica Sud America,1940-03-30,3,3,F,E,1940,3
Defensor Sporting,Liverpool,1940-03-30,2,2,F,E,1940,3
Nacional,Montevideo Wanderers,1940-03-30,0,1,F,V,1940,3
Racing Club,Bella Vista,1940-03-30,4,4,F,E,1940,3
River Plate,Central Espanol,1940-03-30,4,2,F,L,1940,3
Bella Vista,Institucion Atletica Sud America,1940-04-06,2,2,F,E,1940,4
CA Penarol,Rampla Juniors Futbol Club,1940-04-06,3,1,F,L,1940,4
Defensor Sporting,Racing Club,1940-04-06,1,0,F,L,1940,4
Montevideo Wanderers,Central Espanol,1940-04-06,2,2,F,E,1940,4
Nacional,Liverpool,1940-04-06,2,0,F,L,1940,4
CA Penarol,River Plate,1940-04-13,4,1,F,L,1940,4
Defensor Sporting,Institucion Atletica Sud America,1940-04-13,3,2,F,L,1940,4
Liverpool,Bella Vista,1940-04-13,2,0,F,L,1940,4
Nacional,Racing Club,1940-04-13,2,1,F,L,1940,4
Rampla Juniors Futbol Club,Montevideo Wanderers,1940-04-13,2,1,F,L,1940,4
CA Penarol,Defensor Sporting,1940-04-20,6,0,F,L,1940,4
Liverpool,Racing Club,1940-04-20,3,1,F,L,1940,4
Nacional,Central Espanol,1940-04-20,1,1,F,E,1940,4
Rampla Juniors Futbol Club,Bella Vista,1940-04-20,4,0,F,L,1940,4
River Plate,Montevideo Wanderers,1940-04-20,2,1,F,L,1940,4
Bella Vista,River Plate,1940-04-27,3,1,F,L,1940,4
Central Espanol,Institucion Atletica Sud America,1940-04-27,1,1,F,E,1940,4
Montevideo Wanderers,Liverpool,1940-04-27,5,0,F,L,1940,4
Nacional,CA Penarol,1940-04-27,3,2,F,L,1940,4
Rampla Juniors Futbol Club,Racing Club,1940-04-27,4,2,F,L,1940,4
Bella Vista,Defensor Sporting,1940-05-04,1,1,F,E,1940,5
Central Espanol,Liverpool,1940-05-04,0,0,F,E,1940,5
Montevideo Wanderers,Racing Club,1940-05-04,2,0,F,L,1940,5
Rampla Juniors Futbol Club,Nacional,1940-05-04,1,1,F,E,1940,5
River Plate,Institucion Atletica Sud America,1940-05-04,2,1,F,L,1940,5
CA Penarol,Bella Vista,1940-05-11,4,2,F,L,1940,5
Central Espanol,Racing Club,1940-05-11,4,0,F,L,1940,5
Institucion Atletica Sud America,Liverpool,1940-05-11,3,1,F,L,1940,5
Montevideo Wanderers,Defensor Sporting,1940-05-11,3,3,F,E,1940,5
Rampla Juniors Futbol Club,River Plate,1940-05-11,2,0,F,L,1940,5
CA Penarol,Montevideo Wanderers,1940-05-18,0,3,F,V,1940,5
Central Espanol,Defensor Sporting,1940-05-18,1,1,F,E,1940,5
Liverpool,Rampla Juniors Futbol Club,1940-05-18,2,3,F,V,1940,5
Nacional,Institucion Atletica Sud America,1940-05-18,2,0,F,L,1940,5
River Plate,Racing Club,1940-05-18,2,1,F,L,1940,5
Bella Vista,Nacional,1940-05-25,0,2,F,V,1940,5
CA Penarol,Liverpool,1940-05-25,4,0,F,L,1940,5
Institucion Atletica Sud America,Racing Club,1940-05-25,1,3,F,V,1940,5
Rampla Juniors Futbol Club,Central Espanol,1940-05-25,1,2,F,V,1940,5
River Plate,Defensor Sporting,1940-05-25,3,3,F,E,1940,5
Bella Vista,Central Espanol,1940-06-01,0,3,F,V,1940,6
Institucion Atletica Sud America,Montevideo Wanderers,1940-06-01,0,2,F,V,1940,6
Racing Club,CA Penarol,1940-06-01,3,2,F,L,1940,6
Rampla Juniors Futbol Club,Defensor Sporting,1940-06-01,5,0,F,L,1940,6
River Plate,Nacional,1940-06-01,1,3,F,V,1940,6
Bella Vista,Montevideo Wanderers,1940-06-08,0,4,F,V,1940,6
Central Espanol,CA Penarol,1940-06-08,1,2,F,V,1940,6
Defensor Sporting,Nacional,1940-06-08,2,4,F,V,1940,6
Liverpool,River Plate,1940-06-08,5,2,F,L,1940,6
Rampla Juniors Futbol Club,Institucion Atletica Sud America,1940-06-08,3,0,F,L,1940,6
Bella Vista,Racing Club,1940-06-15,1,2,F,V,1940,6
Central Espanol,River Plate,1940-06-15,2,2,F,E,1940,6
Institucion Atletica Sud America,CA Penarol,1940-06-15,3,0,F,L,1940,6
Liverpool,Defensor Sporting,1940-06-15,4,1,F,L,1940,6
Montevideo Wanderers,Nacional,1940-06-15,1,3,F,V,1940,6
Central Espanol,Montevideo Wanderers,1940-06-22,0,1,F,V,1940,6
Institucion Atletica Sud America,Bella Vista,1940-06-22,2,0,F,L,1940,6
Liverpool,Nacional,1940-06-22,1,3,F,V,1940,6
Racing Club,Defensor Sporting,1940-06-22,0,0,F,E,1940,6
Rampla Juniors Futbol Club,CA Penarol,1940-06-22,1,4,F,V,1940,6
Bella Vista,Liverpool,1940-06-29,0,9,F,V,1940,6
Institucion Atletica Sud America,Defensor Sporting,1940-06-29,0,2,F,V,1940,6
Montevideo Wanderers,Rampla Juniors Futbol Club,1940-06-29,0,1,F,V,1940,6
Racing Club,Nacional,1940-06-29,3,5,F,V,1940,6
River Plate,CA Penarol,1940-06-29,2,0,F,L,1940,6
Bella Vista,Rampla Juniors Futbol Club,1940-08-03,1,3,F,V,1940,8
Central Espanol,Nacional,1940-08-03,0,6,F,V,1940,8
Defensor Sporting,CA Penarol,1940-08-03,4,2,F,L,1940,8
Montevideo Wanderers,River Plate,1940-08-03,0,1,F,V,1940,8
Racing Club,Liverpool,1940-08-03,2,1,F,L,1940,8
CA Penarol,Nacional,1940-08-10,1,5,F,V,1940,8
Institucion Atletica Sud America,Central Espanol,1940-08-10,4,2,F,L,1940,8
Liverpool,Montevideo Wanderers,1940-08-10,3,2,F,L,1940,8
Racing Club,Rampla Juniors Futbol Club,1940-08-10,1,1,F,E,1940,8
River Plate,Bella Vista,1940-08-10,5,0,F,L,1940,8
Defensor Sporting,Bella Vista,1940-08-17,2,2,F,E,1940,8
Institucion Atletica Sud America,River Plate,1940-08-17,1,1,F,E,1940,8
Liverpool,Central Espanol,1940-08-17,2,1,F,L,1940,8
Nacional,Rampla Juniors Futbol Club,1940-08-17,5,0,F,L,1940,8
Racing Club,Montevideo Wanderers,1940-08-17,1,6,F,V,1940,8
Bella Vista,CA Penarol,1940-08-24,1,6,F,V,1940,8
Defensor Sporting,Montevideo Wanderers,1940-08-24,0,5,F,V,1940,8
Liverpool,Institucion Atletica Sud America,1940-08-24,0,2,F,V,1940,8
Racing Club,Central Espanol,1940-08-24,1,0,F,L,1940,8
River Plate,Rampla Juniors Futbol Club,1940-08-24,1,2,F,V,1940,8
CA Penarol,Liverpool,1941-03-01,4,0,F,L,1941,3
Central Espanol,Institucion Atletica Sud America,1941-03-01,1,1,F,E,1941,3
Nacional,Bella Vista,1941-03-01,3,2,F,L,1941,3
Racing Club,Rampla Juniors Futbol Club,1941-03-01,1,0,F,L,1941,3
River Plate,Montevideo Wanderers,1941-03-01,1,0,F,L,1941,3
Bella Vista,Central Espanol,1941-03-08,1,1,F,E,1941,3
CA Penarol,Rampla Juniors Futbol Club,1941-03-08,1,0,F,L,1941,3
Institucion Atletica Sud America,River Plate,1941-03-08,3,2,F,L,1941,3
Nacional,Defensor Sporting,1941-03-08,6,0,F,L,1941,3
Racing Club,Montevideo Wanderers,1941-03-08,3,1,F,L,1941,3
Bella Vista,Liverpool,1941-03-15,2,0,F,L,1941,3
CA Penarol,Central Espanol,1941-03-15,5,0,F,L,1941,3
Montevideo Wanderers,Defensor Sporting,1941-03-15,1,1,F,E,1941,3
Nacional,Institucion Atletica Sud America,1941-03-15,3,2,F,L,1941,3
Racing Club,River Plate,1941-03-15,2,1,F,L,1941,3
CA Penarol,Bella Vista,1941-03-22,2,1,F,L,1941,3
Central Espanol,Defensor Sporting,1941-03-22,0,0,F,E,1941,3
Institucion Atletica Sud America,Montevideo Wanderers,1941-03-22,2,1,F,L,1941,3
Nacional,Liverpool,1941-03-22,6,0,F,L,1941,3
Rampla Juniors Futbol Club,River Plate,1941-03-22,1,0,F,L,1941,3
CA Penarol,Racing Club,1941-03-29,4,2,F,L,1941,3
Defensor Sporting,Bella Vista,1941-03-29,1,0,F,L,1941,3
Liverpool,Montevideo Wanderers,1941-03-29,2,1,F,L,1941,3
Nacional,Rampla Juniors Futbol Club,1941-03-29,4,1,F,L,1941,3
River Plate,Central Espanol,1941-03-29,2,1,F,L,1941,3
Bella Vista,River Plate,1941-04-05,1,0,F,L,1941,4
Institucion Atletica Sud America,CA Penarol,1941-04-05,2,1,F,L,1941,4
Nacional,Central Espanol,1941-04-05,5,3,F,L,1941,4
Racing Club,Liverpool,1941-04-05,2,1,F,L,1941,4
Rampla Juniors Futbol Club,Defensor Sporting,1941-04-05,2,2,F,E,1941,4
Defensor Sporting,Racing Club,1941-04-12,2,2,F,E,1941,4
Liverpool,Institucion Atletica Sud America,1941-04-12,3,0,F,L,1941,4
Nacional,Montevideo Wanderers,1941-04-12,3,2,F,L,1941,4
Rampla Juniors Futbol Club,Central Espanol,1941-04-12,3,1,F,L,1941,4
River Plate,CA Penarol,1941-04-12,4,3,F,L,1941,4
Central Espanol,Racing Club,1941-04-19,4,1,F,L,1941,4
Institucion Atletica Sud America,Defensor Sporting,1941-04-19,2,2,F,E,1941,4
Liverpool,Rampla Juniors Futbol Club,1941-04-19,0,0,F,E,1941,4
Montevideo Wanderers,Bella Vista,1941-04-19,4,0,F,L,1941,4
Nacional,CA Penarol,1941-04-19,1,0,F,L,1941,4
Central Espanol,Liverpool,1941-04-26,0,0,F,E,1941,4
Institucion Atletica Sud America,Bella Vista,1941-04-26,1,0,F,L,1941,4
Montevideo Wanderers,Rampla Juniors Futbol Club,1941-04-26,2,2,F,E,1941,4
Nacional,Racing Club,1941-04-26,4,0,F,L,1941,4
River Plate,Defensor Sporting,1941-04-26,2,0,F,L,1941,4
CA Penarol,Defensor Sporting,1941-05-03,5,2,F,L,1941,5
Central Espanol,Montevideo Wanderers,1941-05-03,3,2,F,L,1941,5
Liverpool,River Plate,1941-05-03,2,1,F,L,1941,5
Racing Club,Institucion Atletica Sud America,1941-05-03,3,3,F,E,1941,5
Rampla Juniors Futbol Club,Bella Vista,1941-05-03,1,1,F,E,1941,5
CA Penarol,Montevideo Wanderers,1941-05-10,2,1,F,L,1941,5
Defensor Sporting,Liverpool,1941-05-10,1,1,F,E,1941,5
Nacional,River Plate,1941-05-10,3,1,F,L,1941,5
Racing Club,Bella Vista,1941-05-10,1,1,F,E,1941,5
Rampla Juniors Futbol Club,Institucion Atletica Sud America,1941-05-10,3,1,F,L,1941,5
Bella Vista,Nacional,1941-05-17,1,3,F,V,1941,5
Institucion Atletica Sud America,Central Espanol,1941-05-17,3,1,F,L,1941,5
Liverpool,CA Penarol,1941-05-17,1,5,F,V,1941,5
Montevideo Wanderers,River Plate,1941-05-17,2,1,F,L,1941,5
Rampla Juniors Futbol Club,Racing Club,1941-05-17,4,2,F,L,1941,5
Central Espanol,Bella Vista,1941-05-24,2,1,F,L,1941,5
Defensor Sporting,Nacional,1941-05-24,1,4,F,V,1941,5
Montevideo Wanderers,Racing Club,1941-05-24,2,3,F,V,1941,5
Rampla Juniors Futbol Club,CA Penarol,1941-05-24,0,2,F,V,1941,5
River Plate,Institucion Atletica Sud America,1941-05-24,1,1,F,E,1941,5
Central Espanol,CA Penarol,1941-05-31,1,4,F,V,1941,5
Defensor Sporting,Montevideo Wanderers,1941-05-31,0,2,F,V,1941,5
Institucion Atletica Sud America,Nacional,1941-05-31,2,4,F,V,1941,5
Liverpool,Bella Vista,1941-05-31,1,2,F,V,1941,5
River Plate,Racing Club,1941-05-31,3,3,F,E,1941,5
Bella Vista,CA Penarol,1941-06-07,3,4,F,V,1941,6
Defensor Sporting,Central Espanol,1941-06-07,1,2,F,V,1941,6
Liverpool,Nacional,1941-06-07,2,4,F,V,1941,6
Montevideo Wanderers,Institucion Atletica Sud America,1941-06-07,3,1,F,L,1941,6
River Plate,Rampla Juniors Futbol Club,1941-06-07,3,3,F,E,1941,6
Bella Vista,Defensor Sporting,1941-06-14,0,2,F,V,1941,6
Central Espanol,River Plate,1941-06-14,1,3,F,V,1941,6
Montevideo Wanderers,Liverpool,1941-06-14,2,2,F,E,1941,6
Racing Club,CA Penarol,1941-06-14,3,3,F,E,1941,6
Rampla Juniors Futbol Club,Nacional,1941-06-14,1,6,F,V,1941,6
CA Penarol,Institucion Atletica Sud America,1941-06-21,4,2,F,L,1941,6
Central Espanol,Nacional,1941-06-21,1,3,F,V,1941,6
Defensor Sporting,Rampla Juniors Futbol Club,1941-06-21,0,2,F,V,1941,6
Liverpool,Racing Club,1941-06-21,3,2,F,L,1941,6
River Plate,Bella Vista,1941-06-21,5,1,F,L,1941,6
CA Penarol,River Plate,1941-06-28,5,0,F,L,1941,6
Central Espanol,Rampla Juniors Futbol Club,1941-06-28,2,1,F,L,1941,6
Institucion Atletica Sud America,Liverpool,1941-06-28,1,0,F,L,1941,6
Montevideo Wanderers,Nacional,1941-06-28,2,3,F,V,1941,6
Racing Club,Defensor Sporting,1941-06-28,1,2,F,V,1941,6
Bella Vista,Montevideo Wanderers,1941-08-02,2,6,F,V,1941,8
CA Penarol,Nacional,1941-08-02,0,6,F,V,1941,8
Defensor Sporting,Institucion Atletica Sud America,1941-08-02,3,1,F,L,1941,8
Racing Club,Central Espanol,1941-08-02,1,2,F,V,1941,8
Rampla Juniors Futbol Club,Liverpool,1941-08-02,5,0,F,L,1941,8
Bella Vista,Institucion Atletica Sud America,1941-08-09,0,1,F,V,1941,8
Defensor Sporting,River Plate,1941-08-09,2,3,F,V,1941,8
Liverpool,Central Espanol,1941-08-09,1,1,F,E,1941,8
Racing Club,Nacional,1941-08-09,0,4,F,V,1941,8
Rampla Juniors Futbol Club,Montevideo Wanderers,1941-08-09,2,2,F,E,1941,8
Bella Vista,Rampla Juniors Futbol Club,1941-08-16,2,3,F,V,1941,8
Defensor Sporting,CA Penarol,1941-08-16,1,4,F,V,1941,8
Institucion Atletica Sud America,Racing Club,1941-08-16,2,2,F,E,1941,8
Montevideo Wanderers,Central Espanol,1941-08-16,0,2,F,V,1941,8
River Plate,Liverpool,1941-08-16,1,3,F,V,1941,8
Bella Vista,Racing Club,1941-08-23,0,4,F,V,1941,8
Institucion Atletica Sud America,Rampla Juniors Futbol Club,1941-08-23,1,3,F,V,1941,8
Liverpool,Defensor Sporting,1941-08-23,4,2,F,L,1941,8
Montevideo Wanderers,CA Penarol,1941-08-23,1,2,F,V,1941,8
River Plate,Nacional,1941-08-23,1,4,F,V,1941,8
CA Penarol,River Plate,1942-03-07,4,1,F,L,1942,3
Central Espanol,Racing Club,1942-03-07,2,1,F,L,1942,3
Liverpool,Defensor Sporting,1942-03-07,4,1,F,L,1942,3
Nacional,Institucion Atletica Sud America,1942-03-07,4,2,F,L,1942,3
Rampla Juniors Futbol Club,Montevideo Wanderers,1942-03-07,1,0,F,L,1942,3
Central Espanol,River Plate,1942-03-14,2,1,F,L,1942,3
Institucion Atletica Sud America,Racing Club,1942-03-14,3,1,F,L,1942,3
Liverpool,Rampla Juniors Futbol Club,1942-03-14,2,1,F,L,1942,3
Montevideo Wanderers,CA Penarol,1942-03-14,2,0,F,L,1942,3
Nacional,Defensor Sporting,1942-03-14,10,1,F,L,1942,3
Central Espanol,Rampla Juniors Futbol Club,1942-03-21,5,2,F,L,1942,3
Defensor Sporting,CA Penarol,1942-03-21,1,1,F,E,1942,3
Institucion Atletica Sud America,Liverpool,1942-03-21,2,1,F,L,1942,3
Montevideo Wanderers,River Plate,1942-03-21,2,0,F,L,1942,3
Racing Club,Nacional,1942-03-21,3,3,F,E,1942,3
CA Penarol,Institucion Atletica Sud America,1942-03-28,3,0,F,L,1942,3
Liverpool,Central Espanol,1942-03-28,4,1,F,L,1942,3
Nacional,Rampla Juniors Futbol Club,1942-03-28,1,0,F,L,1942,3
Racing Club,Montevideo Wanderers,1942-03-28,2,1,F,L,1942,3
River Plate,Defensor Sporting,1942-03-28,1,0,F,L,1942,3
CA Penarol,Racing Club,1942-04-04,6,0,F,L,1942,4
Institucion Atletica Sud America,Defensor Sporting,1942-04-04,5,1,F,L,1942,4
Liverpool,Nacional,1942-04-04,3,2,F,L,1942,4
Montevideo Wanderers,Central Espanol,1942-04-04,3,2,F,L,1942,4
River Plate,Rampla Juniors Futbol Club,1942-04-04,1,1,F,E,1942,4
CA Penarol,Rampla Juniors Futbol Club,1942-04-11,2,2,F,E,1942,4
Institucion Atletica Sud America,River Plate,1942-04-11,4,1,F,L,1942,4
Montevideo Wanderers,Liverpool,1942-04-11,3,1,F,L,1942,4
Nacional,Central Espanol,1942-04-11,4,3,F,L,1942,4
Racing Club,Defensor Sporting,1942-04-11,2,2,F,E,1942,4
CA Penarol,Liverpool,1942-04-18,3,1,F,L,1942,4
Defensor Sporting,Central Espanol,1942-04-18,2,2,F,E,1942,4
Montevideo Wanderers,Nacional,1942-04-18,0,0,F,E,1942,4
Racing Club,River Plate,1942-04-18,2,2,F,E,1942,4
Rampla Juniors Futbol Club,Institucion Atletica Sud America,1942-04-18,1,0,F,L,1942,4
Central Espanol,CA Penarol,1942-04-25,1,0,F,L,1942,4
Institucion Atletica Sud America,Montevideo Wanderers,1942-04-25,3,0,F,L,1942,4
Nacional,River Plate,1942-04-25,6,0,F,L,1942,4
Racing Club,Liverpool,1942-04-25,2,1,F,L,1942,4
Rampla Juniors Futbol Club,Defensor Sporting,1942-04-25,4,2,F,L,1942,4
Central Espanol,Institucion Atletica Sud America,1942-05-02,3,2,F,L,1942,5
Defensor Sporting,Montevideo Wanderers,1942-05-02,1,1,F,E,1942,5
Liverpool,River Plate,1942-05-02,2,1,F,L,1942,5
Nacional,CA Penarol,1942-05-02,3,2,F,L,1942,5
Racing Club,Rampla Juniors Futbol Club,1942-05-02,2,1,F,L,1942,5
Defensor Sporting,Liverpool,1942-05-09,1,0,F,L,1942,5
Institucion Atletica Sud America,Nacional,1942-05-09,3,1,F,L,1942,5
Montevideo Wanderers,Rampla Juniors Futbol Club,1942-05-09,1,1,F,E,1942,5
Racing Club,Central Espanol,1942-05-09,1,0,F,L,1942,5
River Plate,CA Penarol,1942-05-09,1,2,F,V,1942,5
CA Penarol,Montevideo Wanderers,1942-05-16,1,1,F,E,1942,5
Defensor Sporting,Nacional,1942-05-16,2,3,F,V,1942,5
Racing Club,Institucion Atletica Sud America,1942-05-16,2,0,F,L,1942,5
Rampla Juniors Futbol Club,Liverpool,1942-05-16,0,0,F,E,1942,5
River Plate,Central Espanol,1942-05-16,2,1,F,L,1942,5
CA Penarol,Defensor Sporting,1942-05-23,3,2,F,L,1942,5
Liverpool,Institucion Atletica Sud America,1942-05-23,3,3,F,E,1942,5
Nacional,Racing Club,1942-05-23,2,0,F,L,1942,5
Rampla Juniors Futbol Club,Central Espanol,1942-05-23,2,1,F,L,1942,5
River Plate,Montevideo Wanderers,1942-05-23,0,1,F,V,1942,5
Central Espanol,Liverpool,1942-05-30,2,1,F,L,1942,5
Defensor Sporting,River Plate,1942-05-30,2,2,F,E,1942,5
Institucion Atletica Sud America,CA Penarol,1942-05-30,1,5,F,V,1942,5
Montevideo Wanderers,Racing Club,1942-05-30,0,4,F,V,1942,5
Rampla Juniors Futbol Club,Nacional,1942-05-30,2,4,F,V,1942,5
Central Espanol,Montevideo Wanderers,1942-06-06,2,4,F,V,1942,6
Defensor Sporting,Institucion Atletica Sud America,1942-06-06,2,0,F,L,1942,6
Nacional,Liverpool,1942-06-06,6,0,F,L,1942,6
Racing Club,CA Penarol,1942-06-06,0,2,F,V,1942,6
Rampla Juniors Futbol Club,River Plate,1942-06-06,3,2,F,L,1942,6
Central Espanol,Nacional,1942-06-13,0,3,F,V,1942,6
Defensor Sporting,Racing Club,1942-06-13,5,2,F,L,1942,6
Liverpool,Montevideo Wanderers,1942-06-13,0,0,F,E,1942,6
Rampla Juniors Futbol Club,CA Penarol,1942-06-13,1,4,F,V,1942,6
River Plate,Institucion Atletica Sud America,1942-06-13,0,2,F,V,1942,6
Central Espanol,Defensor Sporting,1942-06-20,4,2,F,L,1942,6
Institucion Atletica Sud America,Rampla Juniors Futbol Club,1942-06-20,1,0,F,L,1942,6
Liverpool,CA Penarol,1942-06-20,1,3,F,V,1942,6
Nacional,Montevideo Wanderers,1942-06-20,1,2,F,V,1942,6
River Plate,Racing Club,1942-06-20,1,1,F,E,1942,6
CA Penarol,Central Espanol,1942-06-27,2,0,F,L,1942,6
Defensor Sporting,Rampla Juniors Futbol Club,1942-06-27,1,3,F,V,1942,6
Liverpool,Racing Club,1942-06-27,5,3,F,L,1942,6
Montevideo Wanderers,Institucion Atletica Sud America,1942-06-27,1,1,F,E,1942,6
River Plate,Nacional,1942-06-27,1,2,F,V,1942,6
CA Penarol,Nacional,1942-08-01,0,4,F,V,1942,8
Institucion Atletica Sud America,Central Espanol,1942-08-01,3,0,F,L,1942,8
Montevideo Wanderers,Defensor Sporting,1942-08-01,2,1,F,L,1942,8
Rampla Juniors Futbol Club,Racing Club,1942-08-01,2,0,F,L,1942,8
River Plate,Liverpool,1942-08-01,0,2,F,V,1942,8
CA Penarol,Institucion Atletica Sud America,1943-03-06,3,0,F,L,1943,3
Miramar Misiones,Racing Club,1943-03-06,3,1,F,L,1943,3
Montevideo Wanderers,Defensor Sporting,1943-03-06,3,2,F,L,1943,3
Nacional,Central Espanol,1943-03-06,4,1,F,L,1943,3
Rampla Juniors Futbol Club,Liverpool,1943-03-06,2,0,F,L,1943,3
CA Penarol,Liverpool,1943-03-13,2,1,F,L,1943,3
Miramar Misiones,Central Espanol,1943-03-13,1,0,F,L,1943,3
Montevideo Wanderers,Rampla Juniors Futbol Club,1943-03-13,3,2,F,L,1943,3
Nacional,Defensor Sporting,1943-03-13,2,0,F,L,1943,3
Racing Club,Institucion Atletica Sud America,1943-03-13,1,0,F,L,1943,3
CA Penarol,Defensor Sporting,1943-03-20,6,1,F,L,1943,3
Central Espanol,Montevideo Wanderers,1943-03-20,4,3,F,L,1943,3
Liverpool,Institucion Atletica Sud America,1943-03-20,2,0,F,L,1943,3
Nacional,Miramar Misiones,1943-03-20,7,0,F,L,1943,3
Rampla Juniors Futbol Club,Racing Club,1943-03-20,4,0,F,L,1943,3
CA Penarol,Central Espanol,1943-03-27,3,1,F,L,1943,3
Defensor Sporting,Institucion Atletica Sud America,1943-03-27,3,2,F,L,1943,3
Liverpool,Miramar Misiones,1943-03-27,4,2,F,L,1943,3
Montevideo Wanderers,Racing Club,1943-03-27,1,1,F,E,1943,3
Rampla Juniors Futbol Club,Nacional,1943-03-27,4,1,F,L,1943,3
CA Penarol,Miramar Misiones,1943-04-03,3,1,F,L,1943,4
Central Espanol,Defensor Sporting,1943-04-03,1,1,F,E,1943,4
Institucion Atletica Sud America,Rampla Juniors Futbol Club,1943-04-03,3,0,F,L,1943,4
Liverpool,Racing Club,1943-04-03,5,2,F,L,1943,4
Montevideo Wanderers,Nacional,1943-04-03,1,1,F,E,1943,4
CA Penarol,Rampla Juniors Futbol Club,1943-04-10,2,2,F,E,1943,4
Institucion Atletica Sud America,Central Espanol,1943-04-10,4,3,F,L,1943,4
Miramar Misiones,Defensor Sporting,1943-04-10,2,0,F,L,1943,4
Montevideo Wanderers,Liverpool,1943-04-10,3,1,F,L,1943,4
Nacional,Racing Club,1943-04-10,3,0,F,L,1943,4
Central Espanol,Rampla Juniors Futbol Club,1943-04-17,5,1,F,L,1943,4
Defensor Sporting,Racing Club,1943-04-17,5,0,F,L,1943,4
Institucion Atletica Sud America,Miramar Misiones,1943-04-17,2,1,F,L,1943,4
Montevideo Wanderers,CA Penarol,1943-04-17,2,2,F,E,1943,4
Nacional,Liverpool,1943-04-17,3,2,F,L,1943,4
Liverpool,Defensor Sporting,1943-04-24,3,1,F,L,1943,4
Miramar Misiones,Rampla Juniors Futbol Club,1943-04-24,2,1,F,L,1943,4
Montevideo Wanderers,Institucion Atletica Sud America,1943-04-24,1,0,F,L,1943,4
Nacional,CA Penarol,1943-04-24,2,1,F,L,1943,4
Racing Club,Central Espanol,1943-04-24,3,0,F,L,1943,4
Central Espanol,Liverpool,1943-05-01,2,1,F,L,1943,5
Defensor Sporting,Rampla Juniors Futbol Club,1943-05-01,1,0,F,L,1943,5
Miramar Misiones,Montevideo Wanderers,1943-05-01,1,0,F,L,1943,5
Nacional,Institucion Atletica Sud America,1943-05-01,4,2,F,L,1943,5
Racing Club,CA Penarol,1943-05-01,3,2,F,L,1943,5
Central Espanol,Nacional,1943-05-08,1,2,F,V,1943,5
Defensor Sporting,Montevideo Wanderers,1943-05-08,1,0,F,L,1943,5
Institucion Atletica Sud America,CA Penarol,1943-05-08,2,2,F,E,1943,5
Liverpool,Rampla Juniors Futbol Club,1943-05-08,2,2,F,E,1943,5
Racing Club,Miramar Misiones,1943-05-08,1,3,F,V,1943,5
Central Espanol,Miramar Misiones,1943-05-15,6,4,F,L,1943,5
Defensor Sporting,Nacional,1943-05-15,2,2,F,E,1943,5
Institucion Atletica Sud America,Racing Club,1943-05-15,1,1,F,E,1943,5
Liverpool,CA Penarol,1943-05-15,0,7,F,V,1943,5
Rampla Juniors Futbol Club,Montevideo Wanderers,1943-05-15,1,2,F,V,1943,5
Defensor Sporting,CA Penarol,1943-05-22,1,5,F,V,1943,5
Institucion Atletica Sud America,Liverpool,1943-05-22,1,2,F,V,1943,5
Miramar Misiones,Nacional,1943-05-22,1,6,F,V,1943,5
Montevideo Wanderers,Central Espanol,1943-05-22,1,2,F,V,1943,5
Racing Club,Rampla Juniors Futbol Club,1943-05-22,2,1,F,L,1943,5
Central Espanol,CA Penarol,1943-05-29,0,5,F,V,1943,5
Institucion Atletica Sud America,Defensor Sporting,1943-05-29,1,0,F,L,1943,5
Miramar Misiones,Liverpool,1943-05-29,2,1,F,L,1943,5
Nacional,Rampla Juniors Futbol Club,1943-05-29,2,1,F,L,1943,5
Racing Club,Montevideo Wanderers,1943-05-29,6,2,F,L,1943,5
Defensor Sporting,Central Espanol,1943-06-05,5,1,F,L,1943,6
Miramar Misiones,CA Penarol,1943-06-05,1,4,F,V,1943,6
Nacional,Montevideo Wanderers,1943-06-05,3,2,F,L,1943,6
Racing Club,Liverpool,1943-06-05,3,1,F,L,1943,6
Rampla Juniors Futbol Club,Institucion Atletica Sud America,1943-06-05,0,0,F,E,1943,6
Central Espanol,Institucion Atletica Sud America,1943-06-12,1,1,F,E,1943,6
Defensor Sporting,Miramar Misiones,1943-06-12,0,1,F,V,1943,6
Liverpool,Montevideo Wanderers,1943-06-12,1,0,F,L,1943,6
Racing Club,Nacional,1943-06-12,0,5,F,V,1943,6
Rampla Juniors Futbol Club,CA Penarol,1943-06-12,1,3,F,V,1943,6
CA Penarol,Montevideo Wanderers,1943-06-19,4,0,F,L,1943,6
Liverpool,Nacional,1943-06-19,1,3,F,V,1943,6
Miramar Misiones,Institucion Atletica Sud America,1943-06-19,2,3,F,V,1943,6
Racing Club,Defensor Sporting,1943-06-19,2,2,F,E,1943,6
Rampla Juniors Futbol Club,Central Espanol,1943-06-19,1,0,F,L,1943,6
CA Penarol,Nacional,1943-06-26,1,3,F,V,1943,6
Central Espanol,Racing Club,1943-06-26,2,1,F,L,1943,6
Defensor Sporting,Liverpool,1943-06-26,1,1,F,E,1943,6
Institucion Atletica Sud America,Montevideo Wanderers,1943-06-26,2,3,F,V,1943,6
Rampla Juniors Futbol Club,Miramar Misiones,1943-06-26,5,1,F,L,1943,6
CA Penarol,Racing Club,1943-08-07,6,1,F,L,1943,8
Institucion Atletica Sud America,Nacional,1943-08-07,3,4,F,V,1943,8
Liverpool,Central Espanol,1943-08-07,0,0,F,E,1943,8
Montevideo Wanderers,Miramar Misiones,1943-08-07,1,1,F,E,1943,8
Rampla Juniors Futbol Club,Defensor Sporting,1943-08-07,0,1,F,V,1943,8
CA Penarol,Racing Club,1944-03-04,3,1,F,L,1944,3
Defensor Sporting,River Plate,1944-03-04,3,2,F,L,1944,3
Liverpool,Central Espanol,1944-03-04,2,1,F,L,1944,3
Miramar Misiones,Nacional,1944-03-04,3,2,F,L,1944,3
Montevideo Wanderers,Institucion Atletica Sud America,1944-03-04,3,2,F,L,1944,3
CA Penarol,River Plate,1944-03-11,3,1,F,L,1944,3
Central Espanol,Defensor Sporting,1944-03-11,2,0,F,L,1944,3
Institucion Atletica Sud America,Racing Club,1944-03-11,2,0,F,L,1944,3
Montevideo Wanderers,Miramar Misiones,1944-03-11,1,1,F,E,1944,3
Nacional,Liverpool,1944-03-11,4,1,F,L,1944,3
CA Penarol,Institucion Atletica Sud America,1944-03-18,1,1,F,E,1944,3
Central Espanol,Montevideo Wanderers,1944-03-18,1,1,F,E,1944,3
Defensor Sporting,Racing Club,1944-03-18,1,0,F,L,1944,3
Miramar Misiones,Liverpool,1944-03-18,2,1,F,L,1944,3
Nacional,River Plate,1944-03-18,3,1,F,L,1944,3
CA Penarol,Central Espanol,1944-03-25,5,1,F,L,1944,3
Defensor Sporting,Montevideo Wanderers,1944-03-25,2,2,F,E,1944,3
Liverpool,Institucion Atletica Sud America,1944-03-25,3,1,F,L,1944,3
Nacional,Racing Club,1944-03-25,7,0,F,L,1944,3
River Plate,Miramar Misiones,1944-03-25,3,2,F,L,1944,3
Central Espanol,Miramar Misiones,1944-04-01,3,1,F,L,1944,4
Defensor Sporting,CA Penarol,1944-04-01,3,3,F,E,1944,4
Montevideo Wanderers,Liverpool,1944-04-01,3,0,F,L,1944,4
Nacional,Institucion Atletica Sud America,1944-04-01,1,1,F,E,1944,4
Racing Club,River Plate,1944-04-01,2,1,F,L,1944,4
Defensor Sporting,Liverpool,1944-04-08,2,1,F,L,1944,4
Institucion Atletica Sud America,River Plate,1944-04-08,2,0,F,L,1944,4
Miramar Misiones,Racing Club,1944-04-08,2,2,F,E,1944,4
Montevideo Wanderers,CA Penarol,1944-04-08,2,0,F,L,1944,4
Nacional,Central Espanol,1944-04-08,4,2,F,L,1944,4
CA Penarol,Liverpool,1944-04-15,4,2,F,L,1944,4
Institucion Atletica Sud America,Miramar Misiones,1944-04-15,1,0,F,L,1944,4
Montevideo Wanderers,River Plate,1944-04-15,2,0,F,L,1944,4
Nacional,Defensor Sporting,1944-04-15,3,0,F,L,1944,4
Racing Club,Central Espanol,1944-04-15,3,1,F,L,1944,4
CA Penarol,Nacional,1944-04-22,2,0,F,L,1944,4
Central Espanol,Institucion Atletica Sud America,1944-04-22,5,1,F,L,1944,4
Defensor Sporting,Miramar Misiones,1944-04-22,3,1,F,L,1944,4
Montevideo Wanderers,Racing Club,1944-04-22,4,3,F,L,1944,4
River Plate,Liverpool,1944-04-22,2,1,F,L,1944,4
CA Penarol,Miramar Misiones,1944-04-29,8,4,F,L,1944,4
Central Espanol,River Plate,1944-04-29,4,1,F,L,1944,4
Defensor Sporting,Institucion Atletica Sud America,1944-04-29,3,0,F,L,1944,4
Liverpool,Racing Club,1944-04-29,1,1,F,E,1944,4
Montevideo Wanderers,Nacional,1944-04-29,2,2,F,E,1944,4
Central Espanol,Liverpool,1944-05-06,2,0,F,L,1944,5
Institucion Atletica Sud America,Montevideo Wanderers,1944-05-06,1,1,F,E,1944,5
Nacional,Miramar Misiones,1944-05-06,3,0,F,L,1944,5
Racing Club,CA Penarol,1944-05-06,1,0,F,L,1944,5
River Plate,Defensor Sporting,1944-05-06,2,5,F,V,1944,5
Defensor Sporting,Central Espanol,1944-05-13,2,2,F,E,1944,5
Liverpool,Nacional,1944-05-13,2,0,F,L,1944,5
Miramar Misiones,Montevideo Wanderers,1944-05-13,2,1,F,L,1944,5
Racing Club,Institucion Atletica Sud America,1944-05-13,2,3,F,V,1944,5
River Plate,CA Penarol,1944-05-13,1,2,F,V,1944,5
Institucion Atletica Sud America,CA Penarol,1944-05-20,0,1,F,V,1944,5
Liverpool,Miramar Misiones,1944-05-20,0,1,F,V,1944,5
Montevideo Wanderers,Central Espanol,1944-05-20,3,2,F,L,1944,5
Racing Club,Defensor Sporting,1944-05-20,2,6,F,V,1944,5
River Plate,Nacional,1944-05-20,1,5,F,V,1944,5
Central Espanol,CA Penarol,1944-05-27,0,2,F,V,1944,5
Institucion Atletica Sud America,Liverpool,1944-05-27,0,3,F,V,1944,5
Miramar Misiones,River Plate,1944-05-27,1,2,F,V,1944,5
Montevideo Wanderers,Defensor Sporting,1944-05-27,2,4,F,V,1944,5
Racing Club,Nacional,1944-05-27,0,1,F,V,1944,5
CA Penarol,Defensor Sporting,1944-06-03,0,2,F,V,1944,6
Institucion Atletica Sud America,Nacional,1944-06-03,1,4,F,V,1944,6
Liverpool,Montevideo Wanderers,1944-06-03,2,1,F,L,1944,6
Miramar Misiones,Central Espanol,1944-06-03,1,1,F,E,1944,6
River Plate,Racing Club,1944-06-03,2,1,F,L,1944,6
CA Penarol,Montevideo Wanderers,1944-06-10,1,0,F,L,1944,6
Central Espanol,Nacional,1944-06-10,1,2,F,V,1944,6
Liverpool,Defensor Sporting,1944-06-10,0,0,F,E,1944,6
Racing Club,Miramar Misiones,1944-06-10,2,1,F,L,1944,6
River Plate,Institucion Atletica Sud America,1944-06-10,4,3,F,L,1944,6
Central Espanol,Racing Club,1944-06-17,4,2,F,L,1944,6
Defensor Sporting,Nacional,1944-06-17,1,2,F,V,1944,6
Liverpool,CA Penarol,1944-06-17,0,1,F,V,1944,6
Miramar Misiones,Institucion Atletica Sud America,1944-06-17,0,0,F,E,1944,6
River Plate,Montevideo Wanderers,1944-06-17,3,0,F,L,1944,6
Institucion Atletica Sud America,Central Espanol,1944-06-24,3,1,F,L,1944,6
Liverpool,River Plate,1944-06-24,2,2,F,E,1944,6
Miramar Misiones,Defensor Sporting,1944-06-24,1,1,F,E,1944,6
Nacional,CA Penarol,1944-06-24,2,2,F,E,1944,6
Racing Club,Montevideo Wanderers,1944-06-24,2,3,F,V,1944,6
Institucion Atletica Sud America,Defensor Sporting,1944-08-05,2,5,F,V,1944,8
Miramar Misiones,CA Penarol,1944-08-05,0,3,F,V,1944,8
Nacional,Montevideo Wanderers,1944-08-05,3,1,F,L,1944,8
Racing Club,Liverpool,1944-08-05,3,1,F,L,1944,8
River Plate,Central Espanol,1944-08-05,1,2,F,V,1944,8
CA Penarol,Nacional,1944-08-12,0,0,F,E,1944,8
Nacional,CA Penarol,1944-08-19,2,3,F,V,1944,8
CA Penarol,Liverpool,1945-03-03,8,2,F,L,1945,3
Defensor Sporting,Central Espanol,1945-03-03,2,1,F,L,1945,3
Institucion Atletica Sud America,Miramar Misiones,1945-03-03,4,2,F,L,1945,3
Nacional,Rampla Juniors Futbol Club,1945-03-03,3,1,F,L,1945,3
River Plate,Montevideo Wanderers,1945-03-03,5,2,F,L,1945,3
CA Penarol,Montevideo Wanderers,1945-03-10,3,1,F,L,1945,3
Central Espanol,Rampla Juniors Futbol Club,1945-03-10,4,0,F,L,1945,3
Defensor Sporting,Liverpool,1945-03-10,2,1,F,L,1945,3
Nacional,Miramar Misiones,1945-03-10,1,1,F,E,1945,3
River Plate,Institucion Atletica Sud America,1945-03-10,1,0,F,L,1945,3
Central Espanol,Nacional,1945-03-17,3,3,F,E,1945,3
Miramar Misiones,CA Penarol,1945-03-17,2,1,F,L,1945,3
Montevideo Wanderers,Liverpool,1945-03-17,3,1,F,L,1945,3
Rampla Juniors Futbol Club,Institucion Atletica Sud America,1945-03-17,5,1,F,L,1945,3
River Plate,Defensor Sporting,1945-03-17,2,2,F,E,1945,3
CA Penarol,Rampla Juniors Futbol Club,1945-03-24,2,0,F,L,1945,3
Central Espanol,Montevideo Wanderers,1945-03-24,3,1,F,L,1945,3
Defensor Sporting,Institucion Atletica Sud America,1945-03-24,5,3,F,L,1945,3
Miramar Misiones,Liverpool,1945-03-24,3,2,F,L,1945,3
River Plate,Nacional,1945-03-24,4,3,F,L,1945,3
CA Penarol,Central Espanol,1945-03-31,4,1,F,L,1945,3
Defensor Sporting,Montevideo Wanderers,1945-03-31,2,1,F,L,1945,3
Nacional,Institucion Atletica Sud America,1945-03-31,5,2,F,L,1945,3
Rampla Juniors Futbol Club,Miramar Misiones,1945-03-31,2,2,F,E,1945,3
River Plate,Liverpool,1945-03-31,1,0,F,L,1945,3
CA Penarol,River Plate,1945-04-07,5,0,F,L,1945,4
Central Espanol,Miramar Misiones,1945-04-07,4,0,F,L,1945,4
Liverpool,Rampla Juniors Futbol Club,1945-04-07,2,2,F,E,1945,4
Montevideo Wanderers,Institucion Atletica Sud America,1945-04-07,2,1,F,L,1945,4
Nacional,Defensor Sporting,1945-04-07,3,1,F,L,1945,4
CA Penarol,Institucion Atletica Sud America,1945-04-14,4,0,F,L,1945,4
Central Espanol,Liverpool,1945-04-14,2,2,F,E,1945,4
Defensor Sporting,Miramar Misiones,1945-04-14,2,1,F,L,1945,4
Nacional,Montevideo Wanderers,1945-04-14,4,2,F,L,1945,4
Rampla Juniors Futbol Club,River Plate,1945-04-14,4,1,F,L,1945,4
CA Penarol,Nacional,1945-04-21,2,1,F,L,1945,4
Defensor Sporting,Rampla Juniors Futbol Club,1945-04-21,2,2,F,E,1945,4
Liverpool,Institucion Atletica Sud America,1945-04-21,4,0,F,L,1945,4
Miramar Misiones,Montevideo Wanderers,1945-04-21,2,1,F,L,1945,4
River Plate,Central Espanol,1945-04-21,5,1,F,L,1945,4
CA Penarol,Defensor Sporting,1945-04-28,2,1,F,L,1945,4
Central Espanol,Institucion Atletica Sud America,1945-04-28,3,2,F,L,1945,4
Nacional,Liverpool,1945-04-28,3,1,F,L,1945,4
Rampla Juniors Futbol Club,Montevideo Wanderers,1945-04-28,1,0,F,L,1945,4
River Plate,Miramar Misiones,1945-04-28,1,0,F,L,1945,4
Central Espanol,Defensor Sporting,1945-05-05,1,1,F,E,1945,5
Liverpool,CA Penarol,1945-05-05,1,3,F,V,1945,5
Miramar Misiones,Institucion Atletica Sud America,1945-05-05,1,0,F,L,1945,5
Montevideo Wanderers,River Plate,1945-05-05,0,1,F,V,1945,5
Rampla Juniors Futbol Club,Nacional,1945-05-05,3,2,F,L,1945,5
Institucion Atletica Sud America,River Plate,1945-05-12,1,1,F,E,1945,5
Liverpool,Defensor Sporting,1945-05-12,1,0,F,L,1945,5
Miramar Misiones,Nacional,1945-05-12,0,3,F,V,1945,5
Montevideo Wanderers,CA Penarol,1945-05-12,0,3,F,V,1945,5
Rampla Juniors Futbol Club,Central Espanol,1945-05-12,3,1,F,L,1945,5
CA Penarol,Miramar Misiones,1945-05-19,4,1,F,L,1945,5
Defensor Sporting,River Plate,1945-05-19,3,1,F,L,1945,5
Institucion Atletica Sud America,Rampla Juniors Futbol Club,1945-05-19,2,3,F,V,1945,5
Liverpool,Montevideo Wanderers,1945-05-19,1,1,F,E,1945,5
Nacional,Central Espanol,1945-05-19,2,0,F,L,1945,5
Institucion Atletica Sud America,Defensor Sporting,1945-05-26,2,4,F,V,1945,5
Liverpool,Miramar Misiones,1945-05-26,6,0,F,L,1945,5
Montevideo Wanderers,Central Espanol,1945-05-26,0,3,F,V,1945,5
Nacional,River Plate,1945-05-26,1,1,F,E,1945,5
Rampla Juniors Futbol Club,CA Penarol,1945-05-26,2,5,F,V,1945,5
Central Espanol,CA Penarol,1945-06-02,1,3,F,V,1945,6
Institucion Atletica Sud America,Nacional,1945-06-02,1,8,F,V,1945,6
Liverpool,River Plate,1945-06-02,0,0,F,E,1945,6
Miramar Misiones,Rampla Juniors Futbol Club,1945-06-02,3,0,F,L,1945,6
Montevideo Wanderers,Defensor Sporting,1945-06-02,1,1,F,E,1945,6
Defensor Sporting,Nacional,1945-06-09,3,3,F,E,1945,6
Institucion Atletica Sud America,Montevideo Wanderers,1945-06-09,1,1,F,E,1945,6
Miramar Misiones,Central Espanol,1945-06-09,2,3,F,V,1945,6
Rampla Juniors Futbol Club,Liverpool,1945-06-09,0,1,F,V,1945,6
River Plate,CA Penarol,1945-06-09,1,2,F,V,1945,6
Institucion Atletica Sud America,CA Penarol,1945-06-16,1,6,F,V,1945,6
Liverpool,Central Espanol,1945-06-16,2,3,F,V,1945,6
Miramar Misiones,Defensor Sporting,1945-06-16,2,3,F,V,1945,6
Montevideo Wanderers,Nacional,1945-06-16,0,5,F,V,1945,6
River Plate,Rampla Juniors Futbol Club,1945-06-16,1,1,F,E,1945,6
Central Espanol,River Plate,1945-06-23,4,2,F,L,1945,6
Institucion Atletica Sud America,Liverpool,1945-06-23,2,2,F,E,1945,6
Montevideo Wanderers,Miramar Misiones,1945-06-23,0,3,F,V,1945,6
Nacional,CA Penarol,1945-06-23,2,1,F,L,1945,6
Rampla Juniors Futbol Club,Defensor Sporting,1945-06-23,2,1,F,L,1945,6
Defensor Sporting,CA Penarol,1945-06-30,2,2,F,E,1945,6
Institucion Atletica Sud America,Central Espanol,1945-06-30,3,1,F,L,1945,6
Liverpool,Nacional,1945-06-30,2,2,F,E,1945,6
Miramar Misiones,River Plate,1945-06-30,0,5,F,V,1945,6
Montevideo Wanderers,Rampla Juniors Futbol Club,1945-06-30,0,0,F,E,1945,6
Central Espanol,CA Penarol,1946-03-02,3,2,F,L,1946,3
Miramar Misiones,Liverpool,1946-03-02,2,2,F,E,1946,3
Nacional,Defensor Sporting,1946-03-02,5,4,F,L,1946,3
Rampla Juniors Futbol Club,CA Progreso,1946-03-02,3,2,F,L,1946,3
River Plate,Montevideo Wanderers,1946-03-02,3,1,F,L,1946,3
CA Penarol,Miramar Misiones,1946-03-09,8,0,F,L,1946,3
Central Espanol,CA Progreso,1946-03-09,2,1,F,L,1946,3
Montevideo Wanderers,Defensor Sporting,1946-03-09,1,1,F,E,1946,3
Nacional,Liverpool,1946-03-09,3,1,F,L,1946,3
Rampla Juniors Futbol Club,River Plate,1946-03-09,1,0,F,L,1946,3
CA Penarol,Rampla Juniors Futbol Club,1946-03-16,3,0,F,L,1946,3
Central Espanol,Miramar Misiones,1946-03-16,4,1,F,L,1946,3
Defensor Sporting,CA Progreso,1946-03-16,2,2,F,E,1946,3
Montevideo Wanderers,Liverpool,1946-03-16,3,2,F,L,1946,3
Nacional,River Plate,1946-03-16,2,0,F,L,1946,3
CA Penarol,CA Progreso,1946-03-23,4,1,F,L,1946,3
Liverpool,River Plate,1946-03-23,2,1,F,L,1946,3
Miramar Misiones,Montevideo Wanderers,1946-03-23,2,1,F,L,1946,3
Nacional,Central Espanol,1946-03-23,1,1,F,E,1946,3
Rampla Juniors Futbol Club,Defensor Sporting,1946-03-23,2,1,F,L,1946,3
CA Penarol,Montevideo Wanderers,1946-03-30,1,1,F,E,1946,3
Liverpool,Central Espanol,1946-03-30,2,2,F,E,1946,3
Miramar Misiones,CA Progreso,1946-03-30,4,2,F,L,1946,3
Nacional,Rampla Juniors Futbol Club,1946-03-30,7,0,F,L,1946,3
River Plate,Defensor Sporting,1946-03-30,2,1,F,L,1946,3
CA Progreso,Montevideo Wanderers,1946-04-06,2,1,F,L,1946,4
Defensor Sporting,CA Penarol,1946-04-06,1,1,F,E,1946,4
Liverpool,Rampla Juniors Futbol Club,1946-04-06,4,0,F,L,1946,4
Nacional,Miramar Misiones,1946-04-06,2,1,F,L,1946,4
River Plate,Central Espanol,1946-04-06,1,1,F,E,1946,4
CA Penarol,Liverpool,1946-04-13,3,1,F,L,1946,4
Liverpool,Defensor Sporting,1946-04-13,2,1,F,L,1946,4
Miramar Misiones,Rampla Juniors Futbol Club,1946-04-13,1,1,F,E,1946,4
Nacional,Montevideo Wanderers,1946-04-13,4,1,F,L,1946,4
River Plate,CA Progreso,1946-04-13,5,1,F,L,1946,4
CA Penarol,Nacional,1946-04-20,1,1,F,E,1946,4
Defensor Sporting,Central Espanol,1946-04-20,5,2,F,L,1946,4
Liverpool,CA Progreso,1946-04-20,3,2,F,L,1946,4
Montevideo Wanderers,Rampla Juniors Futbol Club,1946-04-20,2,1,F,L,1946,4
River Plate,Miramar Misiones,1946-04-20,2,0,F,L,1946,4
CA Penarol,River Plate,1946-04-27,4,1,F,L,1946,4
Central Espanol,Montevideo Wanderers,1946-04-27,1,0,F,L,1946,4
Defensor Sporting,Miramar Misiones,1946-04-27,4,2,F,L,1946,4
Nacional,CA Progreso,1946-04-27,5,2,F,L,1946,4
Rampla Juniors Futbol Club,Central Espanol,1946-04-27,0,0,F,E,1946,4
CA Penarol,Central Espanol,1946-05-04,2,0,F,L,1946,5
CA Progreso,Rampla Juniors Futbol Club,1946-05-04,1,1,F,E,1946,5
Defensor Sporting,Nacional,1946-05-04,2,4,F,V,1946,5
Liverpool,Miramar Misiones,1946-05-04,2,2,F,E,1946,5
Montevideo Wanderers,River Plate,1946-05-04,0,2,F,V,1946,5
CA Progreso,Central Espanol,1946-05-11,3,3,F,E,1946,5
Defensor Sporting,Montevideo Wanderers,1946-05-11,2,1,F,L,1946,5
Liverpool,Nacional,1946-05-11,0,2,F,V,1946,5
Miramar Misiones,CA Penarol,1946-05-11,1,2,F,V,1946,5
River Plate,Rampla Juniors Futbol Club,1946-05-11,2,0,F,L,1946,5
CA Progreso,Defensor Sporting,1946-05-18,0,4,F,V,1946,5
Liverpool,Montevideo Wanderers,1946-05-18,3,5,F,V,1946,5
Miramar Misiones,Central Espanol,1946-05-18,3,3,F,E,1946,5
Rampla Juniors Futbol Club,CA Penarol,1946-05-18,0,2,F,V,1946,5
River Plate,Nacional,1946-05-18,0,3,F,V,1946,5
CA Progreso,CA Penarol,1946-05-25,2,5,F,V,1946,5
Central Espanol,Nacional,1946-05-25,2,4,F,V,1946,5
Defensor Sporting,Rampla Juniors Futbol Club,1946-05-25,5,1,F,L,1946,5
Montevideo Wanderers,Miramar Misiones,1946-05-25,1,1,F,E,1946,5
River Plate,Liverpool,1946-05-25,1,0,F,L,1946,5
CA Progreso,Miramar Misiones,1946-06-01,0,1,F,V,1946,6
Central Espanol,Liverpool,1946-06-01,3,2,F,L,1946,6
Defensor Sporting,River Plate,1946-06-01,1,2,F,V,1946,6
Montevideo Wanderers,CA Penarol,1946-06-01,1,6,F,V,1946,6
Rampla Juniors Futbol Club,Nacional,1946-06-01,1,5,F,V,1946,6
CA Penarol,Defensor Sporting,1946-06-08,2,1,F,L,1946,6
Central Espanol,River Plate,1946-06-08,1,4,F,V,1946,6
Miramar Misiones,Nacional,1946-06-08,2,4,F,V,1946,6
Montevideo Wanderers,CA Progreso,1946-06-08,3,2,F,L,1946,6
Rampla Juniors Futbol Club,Liverpool,1946-06-08,1,1,F,E,1946,6
CA Progreso,River Plate,1946-06-15,2,1,F,L,1946,6
Defensor Sporting,Liverpool,1946-06-15,3,1,F,L,1946,6
Liverpool,CA Penarol,1946-06-15,3,3,F,E,1946,6
Montevideo Wanderers,Nacional,1946-06-15,1,3,F,V,1946,6
Rampla Juniors Futbol Club,Miramar Misiones,1946-06-15,6,0,F,L,1946,6
CA Progreso,Liverpool,1946-06-22,1,0,F,L,1946,6
Central Espanol,Defensor Sporting,1946-06-22,1,2,F,V,1946,6
Miramar Misiones,River Plate,1946-06-22,1,0,F,L,1946,6
Nacional,CA Penarol,1946-06-22,3,4,F,V,1946,6
Rampla Juniors Futbol Club,Montevideo Wanderers,1946-06-22,4,0,F,L,1946,6
CA Progreso,Nacional,1946-06-29,1,5,F,V,1946,6
Central Espanol,Rampla Juniors Futbol Club,1946-06-29,1,2,F,V,1946,6
Miramar Misiones,Defensor Sporting,1946-06-29,0,0,F,E,1946,6
Montevideo Wanderers,Central Espanol,1946-06-29,4,3,F,L,1946,6
River Plate,CA Penarol,1946-06-29,1,0,F,L,1946,6
Defensor Sporting,Miramar Misiones,1947-03-01,1,0,F,L,1947,3
Montevideo Wanderers,CA Penarol,1947-03-01,3,1,F,L,1947,3
Nacional,Liverpool,1947-03-01,5,1,F,L,1947,3
Rampla Juniors Futbol Club,Central Espanol,1947-03-01,3,2,F,L,1947,3
River Plate,CA Cerro,1947-03-01,2,2,F,E,1947,3
CA Penarol,Central Espanol,1947-03-08,3,2,F,L,1947,3
Liverpool,Defensor Sporting,1947-03-08,2,1,F,L,1947,3
Miramar Misiones,CA Cerro,1947-03-08,3,3,F,E,1947,3
Rampla Juniors Futbol Club,Nacional,1947-03-08,1,1,F,E,1947,3
River Plate,Montevideo Wanderers,1947-03-08,1,0,F,L,1947,3
CA Cerro,Central Espanol,1947-03-15,2,1,F,L,1947,3
Defensor Sporting,CA Penarol,1947-03-15,2,1,F,L,1947,3
Liverpool,Montevideo Wanderers,1947-03-15,3,2,F,L,1947,3
Nacional,Miramar Misiones,1947-03-15,4,0,F,L,1947,3
River Plate,Rampla Juniors Futbol Club,1947-03-15,1,1,F,E,1947,3
CA Penarol,CA Cerro,1947-03-22,3,0,F,L,1947,3
Central Espanol,Liverpool,1947-03-22,2,1,F,L,1947,3
Montevideo Wanderers,Defensor Sporting,1947-03-22,3,1,F,L,1947,3
Nacional,River Plate,1947-03-22,0,0,F,E,1947,3
Rampla Juniors Futbol Club,Miramar Misiones,1947-03-22,5,1,F,L,1947,3
CA Cerro,Liverpool,1947-03-29,3,0,F,L,1947,3
CA Penarol,Miramar Misiones,1947-03-29,2,0,F,L,1947,3
Defensor Sporting,Nacional,1947-03-29,3,2,F,L,1947,3
Rampla Juniors Futbol Club,Montevideo Wanderers,1947-03-29,4,1,F,L,1947,3
River Plate,Central Espanol,1947-03-29,5,3,F,L,1947,3
CA Penarol,River Plate,1947-04-05,0,0,F,E,1947,4
Central Espanol,Montevideo Wanderers,1947-04-05,4,1,F,L,1947,4
Defensor Sporting,Rampla Juniors Futbol Club,1947-04-05,1,0,F,L,1947,4
Liverpool,Miramar Misiones,1947-04-05,2,0,F,L,1947,4
Nacional,CA Cerro,1947-04-05,3,1,F,L,1947,4
Central Espanol,Miramar Misiones,1947-04-12,2,1,F,L,1947,4
Defensor Sporting,River Plate,1947-04-12,0,0,F,E,1947,4
Montevideo Wanderers,CA Cerro,1947-04-12,2,2,F,E,1947,4
Montevideo Wanderers,Nacional,1947-04-12,1,0,F,L,1947,4
Rampla Juniors Futbol Club,CA Penarol,1947-04-12,1,0,F,L,1947,4
CA Cerro,Rampla Juniors Futbol Club,1947-04-19,1,1,F,E,1947,4
Defensor Sporting,Central Espanol,1947-04-19,4,2,F,L,1947,4
Liverpool,River Plate,1947-04-19,2,0,F,L,1947,4
Miramar Misiones,Montevideo Wanderers,1947-04-19,2,2,F,E,1947,4
Nacional,CA Penarol,1947-04-19,1,0,F,L,1947,4
Defensor Sporting,CA Cerro,1947-04-26,4,2,F,L,1947,4
Liverpool,CA Penarol,1947-04-26,1,0,F,L,1947,4
Miramar Misiones,River Plate,1947-04-26,2,1,F,L,1947,4
Nacional,Central Espanol,1947-04-26,3,1,F,L,1947,4
Rampla Juniors Futbol Club,Liverpool,1947-04-26,2,1,F,L,1947,4
CA Cerro,River Plate,1947-05-03,1,2,F,V,1947,5
CA Penarol,Montevideo Wanderers,1947-05-03,1,0,F,L,1947,5
Central Espanol,Rampla Juniors Futbol Club,1947-05-03,3,1,F,L,1947,5
Liverpool,Nacional,1947-05-03,1,1,F,E,1947,5
Miramar Misiones,Defensor Sporting,1947-05-03,1,5,F,V,1947,5
CA Cerro,Miramar Misiones,1947-05-10,6,1,F,L,1947,5
Central Espanol,CA Penarol,1947-05-10,2,6,F,V,1947,5
Defensor Sporting,Liverpool,1947-05-10,3,2,F,L,1947,5
Montevideo Wanderers,River Plate,1947-05-10,1,1,F,E,1947,5
Nacional,Rampla Juniors Futbol Club,1947-05-10,5,1,F,L,1947,5
CA Penarol,Defensor Sporting,1947-05-17,4,3,F,L,1947,5
Central Espanol,CA Cerro,1947-05-17,2,0,F,L,1947,5
Miramar Misiones,Nacional,1947-05-17,0,0,F,E,1947,5
Montevideo Wanderers,Liverpool,1947-05-17,2,3,F,V,1947,5
Rampla Juniors Futbol Club,River Plate,1947-05-17,0,3,F,V,1947,5
CA Cerro,CA Penarol,1947-05-24,0,7,F,V,1947,5
Defensor Sporting,Montevideo Wanderers,1947-05-24,0,1,F,V,1947,5
Liverpool,Central Espanol,1947-05-24,3,2,F,L,1947,5
Miramar Misiones,Rampla Juniors Futbol Club,1947-05-24,0,3,F,V,1947,5
River Plate,Nacional,1947-05-24,0,2,F,V,1947,5
Central Espanol,River Plate,1947-05-31,1,0,F,L,1947,5
Liverpool,CA Cerro,1947-05-31,4,1,F,L,1947,5
Miramar Misiones,CA Penarol,1947-05-31,2,5,F,V,1947,5
Montevideo Wanderers,Rampla Juniors Futbol Club,1947-05-31,1,5,F,V,1947,5
Nacional,Defensor Sporting,1947-05-31,2,0,F,L,1947,5
CA Cerro,Nacional,1947-06-07,0,5,F,V,1947,6
Miramar Misiones,Liverpool,1947-06-07,1,1,F,E,1947,6
Montevideo Wanderers,Central Espanol,1947-06-07,2,2,F,E,1947,6
Rampla Juniors Futbol Club,Defensor Sporting,1947-06-07,1,2,F,V,1947,6
River Plate,CA Penarol,1947-06-07,2,2,F,E,1947,6
CA Cerro,Montevideo Wanderers,1947-06-14,1,0,F,L,1947,6
CA Penarol,Rampla Juniors Futbol Club,1947-06-14,1,3,F,V,1947,6
Miramar Misiones,Central Espanol,1947-06-14,4,2,F,L,1947,6
Nacional,Montevideo Wanderers,1947-06-14,4,1,F,L,1947,6
River Plate,Defensor Sporting,1947-06-14,1,1,F,E,1947,6
CA Penarol,Nacional,1947-06-21,2,2,F,E,1947,6
Central Espanol,Defensor Sporting,1947-06-21,1,1,F,E,1947,6
Montevideo Wanderers,Miramar Misiones,1947-06-21,1,1,F,E,1947,6
Rampla Juniors Futbol Club,CA Cerro,1947-06-21,1,0,F,L,1947,6
River Plate,Liverpool,1947-06-21,5,1,F,L,1947,6
CA Cerro,Defensor Sporting,1947-06-28,3,1,F,L,1947,6
CA Penarol,Liverpool,1947-06-28,3,2,F,L,1947,6
Central Espanol,Nacional,1947-06-28,2,4,F,V,1947,6
Liverpool,Rampla Juniors Futbol Club,1947-06-28,3,2,F,L,1947,6
River Plate,Miramar Misiones,1947-06-28,1,0,F,L,1947,6
Defensor Sporting,CA Penarol,1947-08-02,3,1,F,L,1947,8
CA Penarol,Rampla Juniors Futbol Club,1947-08-09,2,1,F,L,1947,8
CA Cerro,Liverpool,1948-03-06,1,1,F,E,1948,3
CA Penarol,Danubio,1948-03-06,2,2,F,E,1948,3
Montevideo Wanderers,Rampla Juniors Futbol Club,1948-03-06,0,3,F,V,1948,3
Nacional,Central Espanol,1948-03-06,0,0,F,E,1948,3
River Plate,Defensor Sporting,1948-03-06,2,2,F,E,1948,3
CA Penarol,Montevideo Wanderers,1948-03-13,2,0,F,L,1948,3
Defensor Sporting,CA Cerro,1948-03-13,5,0,F,L,1948,3
Liverpool,Central Espanol,1948-03-13,3,2,F,L,1948,3
Nacional,Rampla Juniors Futbol Club,1948-03-13,3,0,F,L,1948,3
River Plate,Danubio,1948-03-13,4,0,F,L,1948,3
Danubio,Central Espanol,1948-03-20,1,2,F,V,1948,3
Defensor Sporting,CA Penarol,1948-03-20,1,5,F,V,1948,3
Montevideo Wanderers,Liverpool,1948-03-20,5,1,F,L,1948,3
Nacional,River Plate,1948-03-20,7,1,F,L,1948,3
Rampla Juniors Futbol Club,CA Cerro,1948-03-20,3,0,F,L,1948,3
CA Cerro,Nacional,1948-03-27,1,2,F,V,1948,3
Central Espanol,River Plate,1948-03-27,2,4,F,V,1948,3
Defensor Sporting,Montevideo Wanderers,1948-03-27,5,3,F,L,1948,3
Liverpool,CA Penarol,1948-03-27,0,2,F,V,1948,3
Rampla Juniors Futbol Club,Danubio,1948-03-27,3,3,F,E,1948,3
CA Cerro,Danubio,1948-04-03,2,2,F,E,1948,4
CA Penarol,River Plate,1948-04-03,2,1,F,L,1948,4
Central Espanol,Montevideo Wanderers,1948-04-03,4,1,F,L,1948,4
Liverpool,Rampla Juniors Futbol Club,1948-04-03,4,3,F,L,1948,4
Nacional,Defensor Sporting,1948-04-03,4,1,F,L,1948,4
CA Penarol,CA Cerro,1948-04-10,6,1,F,L,1948,4
Danubio,Defensor Sporting,1948-04-10,1,2,F,V,1948,4
Liverpool,Nacional,1948-04-10,1,2,F,V,1948,4
Montevideo Wanderers,River Plate,1948-04-10,2,0,F,L,1948,4
Rampla Juniors Futbol Club,Central Espanol,1948-04-10,3,0,F,L,1948,4
CA Cerro,Montevideo Wanderers,1948-04-17,1,1,F,E,1948,4
Central Espanol,CA Penarol,1948-04-17,1,2,F,V,1948,4
Defensor Sporting,Liverpool,1948-04-17,1,3,F,V,1948,4
Nacional,Danubio,1948-04-17,4,0,F,L,1948,4
River Plate,Rampla Juniors Futbol Club,1948-04-17,1,0,F,L,1948,4
Central Espanol,CA Cerro,1948-04-24,2,5,F,V,1948,4
Defensor Sporting,Rampla Juniors Futbol Club,1948-04-24,1,1,F,E,1948,4
Liverpool,River Plate,1948-04-24,2,4,F,V,1948,4
Montevideo Wanderers,Danubio,1948-04-24,2,2,F,E,1948,4
Nacional,CA Penarol,1948-04-24,2,0,F,L,1948,4
CA Penarol,Rampla Juniors Futbol Club,1948-05-01,1,0,F,L,1948,5
Central Espanol,Defensor Sporting,1948-05-01,2,1,F,L,1948,5
Danubio,Liverpool,1948-05-01,2,2,F,E,1948,5
Montevideo Wanderers,Nacional,1948-05-01,0,3,F,V,1948,5
River Plate,CA Cerro,1948-05-01,3,1,F,L,1948,5
Central Espanol,Nacional,1948-05-08,2,2,F,E,1948,5
Danubio,CA Penarol,1948-05-08,1,2,F,V,1948,5
Defensor Sporting,River Plate,1948-05-08,0,0,F,E,1948,5
Liverpool,CA Cerro,1948-05-08,1,0,F,L,1948,5
Rampla Juniors Futbol Club,Montevideo Wanderers,1948-05-08,4,3,F,L,1948,5
CA Penarol,Liverpool,1949-03-05,5,0,F,L,1949,3
Central Espanol,Rampla Juniors Futbol Club,1949-03-05,1,1,F,E,1949,3
Montevideo Wanderers,Danubio,1949-03-05,4,4,F,E,1949,3
Nacional,CA Cerro,1949-03-05,8,3,F,L,1949,3
River Plate,Defensor Sporting,1949-03-05,3,1,F,L,1949,3
CA Cerro,Danubio,1949-03-12,3,1,F,L,1949,3
CA Penarol,Central Espanol,1949-03-12,5,2,F,L,1949,3
Defensor Sporting,Liverpool,1949-03-12,1,1,F,E,1949,3
Nacional,Rampla Juniors Futbol Club,1949-03-12,2,2,F,E,1949,3
River Plate,Montevideo Wanderers,1949-03-12,2,1,F,L,1949,3
CA Cerro,Liverpool,1949-03-19,2,2,F,E,1949,3
CA Penarol,River Plate,1949-03-19,3,0,F,L,1949,3
Danubio,Central Espanol,1949-03-19,4,1,F,L,1949,3
Nacional,Defensor Sporting,1949-03-19,4,3,F,L,1949,3
Rampla Juniors Futbol Club,Montevideo Wanderers,1949-03-19,2,1,F,L,1949,3
CA Cerro,Defensor Sporting,1949-03-26,2,0,F,L,1949,3
CA Penarol,Danubio,1949-03-26,3,1,F,L,1949,3
Central Espanol,River Plate,1949-03-26,1,0,F,L,1949,3
Nacional,Montevideo Wanderers,1949-03-26,5,1,F,L,1949,3
Rampla Juniors Futbol Club,Liverpool,1949-03-26,0,0,F,E,1949,3
CA Cerro,Central Espanol,1949-04-02,3,2,F,L,1949,4
CA Penarol,Defensor Sporting,1949-04-02,6,1,F,L,1949,4
Danubio,Rampla Juniors Futbol Club,1949-04-02,1,1,F,E,1949,4
Montevideo Wanderers,Liverpool,1949-04-02,2,0,F,L,1949,4
Nacional,River Plate,1949-04-02,3,2,F,L,1949,4
CA Penarol,Montevideo Wanderers,1949-04-09,6,0,F,L,1949,4
Central Espanol,Defensor Sporting,1949-04-09,3,2,F,L,1949,4
Nacional,Danubio,1949-04-09,1,1,F,E,1949,4
Rampla Juniors Futbol Club,CA Cerro,1949-04-09,1,0,F,L,1949,4
River Plate,Liverpool,1949-04-09,2,1,F,L,1949,4
CA Penarol,CA Cerro,1949-04-16,5,3,F,L,1949,4
Defensor Sporting,Rampla Juniors Futbol Club,1949-04-16,1,1,F,E,1949,4
Montevideo Wanderers,Central Espanol,1949-04-16,4,1,F,L,1949,4
Nacional,Liverpool,1949-04-16,2,1,F,L,1949,4
River Plate,Danubio,1949-04-16,3,1,F,L,1949,4
CA Cerro,Montevideo Wanderers,1949-04-23,1,0,F,L,1949,4
CA Penarol,Nacional,1949-04-23,2,0,F,L,1949,4
Danubio,Defensor Sporting,1949-04-23,4,1,F,L,1949,4
Liverpool,Central Espanol,1949-04-23,2,0,F,L,1949,4
Rampla Juniors Futbol Club,River Plate,1949-04-23,3,1,F,L,1949,4
CA Penarol,Rampla Juniors Futbol Club,1949-04-30,2,2,F,E,1949,4
Liverpool,Danubio,1949-04-30,1,1,F,E,1949,4
Montevideo Wanderers,Defensor Sporting,1949-04-30,2,1,F,L,1949,4
Nacional,Central Espanol,1949-04-30,2,0,F,L,1949,4
River Plate,CA Cerro,1949-04-30,2,1,F,L,1949,4
CA Cerro,Nacional,1949-05-07,2,3,F,V,1949,5
Danubio,Montevideo Wanderers,1949-05-07,2,0,F,L,1949,5
Defensor Sporting,River Plate,1949-05-07,2,3,F,V,1949,5
Liverpool,CA Penarol,1949-05-07,0,2,F,V,1949,5
Rampla Juniors Futbol Club,Central Espanol,1949-05-07,3,0,F,L,1949,5
Central Espanol,CA Penarol,1949-05-14,0,5,F,V,1949,5
Danubio,CA Cerro,1949-05-14,1,1,F,E,1949,5
Liverpool,Defensor Sporting,1949-05-14,2,1,F,L,1949,5
Montevideo Wanderers,River Plate,1949-05-14,1,3,F,V,1949,5
Rampla Juniors Futbol Club,Nacional,1949-05-14,1,1,F,E,1949,5
Central Espanol,Danubio,1949-05-21,0,0,F,E,1949,5
Defensor Sporting,Nacional,1949-05-21,2,3,F,V,1949,5
Liverpool,CA Cerro,1949-05-21,0,1,F,V,1949,5
Montevideo Wanderers,Rampla Juniors Futbol Club,1949-05-21,1,1,F,E,1949,5
River Plate,CA Penarol,1949-05-21,1,2,F,V,1949,5
Danubio,CA Penarol,1949-05-28,1,2,F,V,1949,5
Defensor Sporting,CA Cerro,1949-05-28,3,0,F,L,1949,5
Liverpool,Rampla Juniors Futbol Club,1949-05-28,0,0,F,E,1949,5
Montevideo Wanderers,Nacional,1949-05-28,0,1,F,V,1949,5
River Plate,Central Espanol,1949-05-28,4,3,F,L,1949,5
Central Espanol,CA Cerro,1949-06-04,2,1,F,L,1949,6
Defensor Sporting,CA Penarol,1949-06-04,1,3,F,V,1949,6
Liverpool,Montevideo Wanderers,1949-06-04,2,2,F,E,1949,6
Rampla Juniors Futbol Club,Danubio,1949-06-04,2,0,F,L,1949,6
River Plate,Nacional,1949-06-04,1,3,F,V,1949,6
CA Cerro,Rampla Juniors Futbol Club,1949-06-11,1,1,F,E,1949,6
Danubio,Nacional,1949-06-11,1,1,F,E,1949,6
Defensor Sporting,Central Espanol,1949-06-11,1,1,F,E,1949,6
Liverpool,River Plate,1949-06-11,2,4,F,V,1949,6
Montevideo Wanderers,CA Penarol,1949-06-11,1,1,F,E,1949,6
CA Cerro,CA Penarol,1949-06-18,1,3,F,V,1949,6
Central Espanol,Montevideo Wanderers,1949-06-18,0,1,F,V,1949,6
Danubio,River Plate,1949-06-18,1,2,F,V,1949,6
Liverpool,Nacional,1949-06-18,0,3,F,V,1949,6
Rampla Juniors Futbol Club,Defensor Sporting,1949-06-18,4,1,F,L,1949,6
Central Espanol,Liverpool,1949-06-25,1,1,F,E,1949,6
Defensor Sporting,Danubio,1949-06-25,2,3,F,V,1949,6
Montevideo Wanderers,CA Cerro,1949-06-25,0,2,F,V,1949,6
Nacional,CA Penarol,1949-06-25,3,4,F,V,1949,6
River Plate,Rampla Juniors Futbol Club,1949-06-25,2,2,F,E,1949,6
CA Cerro,River Plate,1949-08-06,4,1,F,L,1949,8
Central Espanol,Nacional,1949-08-06,2,3,F,V,1949,8
Danubio,Liverpool,1949-08-06,0,4,F,V,1949,8
Defensor Sporting,Montevideo Wanderers,1949-08-06,4,4,F,E,1949,8
Rampla Juniors Futbol Club,CA Penarol,1949-08-06,0,3,F,V,1949,8
Bella Vista,Liverpool,1950-03-04,3,1,F,L,1950,3
CA Cerro,Central Espanol,1950-03-04,2,1,F,L,1950,3
CA Penarol,Rampla Juniors Futbol Club,1950-03-04,2,1,F,L,1950,3
Nacional,Montevideo Wanderers,1950-03-04,4,2,F,L,1950,3
River Plate,Danubio,1950-03-04,3,2,F,L,1950,3
CA Penarol,Central Espanol,1950-03-11,2,1,F,L,1950,3
Danubio,Liverpool,1950-03-11,1,1,F,E,1950,3
Montevideo Wanderers,River Plate,1950-03-11,1,1,F,E,1950,3
Nacional,CA Cerro,1950-03-11,4,2,F,L,1950,3
Rampla Juniors Futbol Club,Bella Vista,1950-03-11,2,0,F,L,1950,3
CA Cerro,Bella Vista,1950-03-18,3,2,F,L,1950,3
CA Penarol,River Plate,1950-03-18,2,0,F,L,1950,3
Central Espanol,Liverpool,1950-03-18,3,1,F,L,1950,3
Nacional,Danubio,1950-03-18,3,2,F,L,1950,3
Rampla Juniors Futbol Club,Montevideo Wanderers,1950-03-18,4,0,F,L,1950,3
CA Cerro,Danubio,1950-03-25,2,1,F,L,1950,3
CA Penarol,Liverpool,1950-03-25,4,2,F,L,1950,3
Central Espanol,Montevideo Wanderers,1950-03-25,1,0,F,L,1950,3
Nacional,Bella Vista,1950-03-25,3,0,F,L,1950,3
Rampla Juniors Futbol Club,River Plate,1950-03-25,2,0,F,L,1950,3
CA Penarol,Danubio,1950-04-01,0,0,F,E,1950,4
Central Espanol,Bella Vista,1950-04-01,3,1,F,L,1950,4
Liverpool,Montevideo Wanderers,1950-04-01,3,0,F,L,1950,4
Nacional,River Plate,1950-04-01,3,0,F,L,1950,4
Rampla Juniors Futbol Club,CA Cerro,1950-04-01,3,1,F,L,1950,4
CA Cerro,River Plate,1950-04-08,3,2,F,L,1950,4
CA Penarol,Bella Vista,1950-04-08,2,2,F,E,1950,4
Central Espanol,Rampla Juniors Futbol Club,1950-04-08,1,0,F,L,1950,4
Danubio,Montevideo Wanderers,1950-04-08,2,1,F,L,1950,4
Nacional,Liverpool,1950-04-08,4,0,F,L,1950,4
CA Penarol,Montevideo Wanderers,1950-04-15,1,1,F,E,1950,4
Central Espanol,River Plate,1950-04-15,1,1,F,E,1950,4
Danubio,Bella Vista,1950-04-15,2,1,F,L,1950,4
Liverpool,CA Cerro,1950-04-15,4,1,F,L,1950,4
Nacional,Rampla Juniors Futbol Club,1950-04-15,3,1,F,L,1950,4
CA Cerro,Montevideo Wanderers,1950-04-22,5,2,F,L,1950,4
CA Penarol,Nacional,1950-04-22,2,0,F,L,1950,4
Danubio,Central Espanol,1950-04-22,2,2,F,E,1950,4
Rampla Juniors Futbol Club,Liverpool,1950-04-22,2,1,F,L,1950,4
River Plate,Bella Vista,1950-04-22,3,1,F,L,1950,4
CA Penarol,CA Cerro,1950-04-29,2,0,F,L,1950,4
Liverpool,River Plate,1950-04-29,1,0,F,L,1950,4
Montevideo Wanderers,Bella Vista,1950-04-29,5,1,F,L,1950,4
Nacional,Central Espanol,1950-04-29,3,3,F,E,1950,4
Rampla Juniors Futbol Club,Danubio,1950-04-29,2,2,F,E,1950,4
Central Espanol,CA Cerro,1950-05-06,1,2,F,V,1950,5
Danubio,River Plate,1950-05-06,1,0,F,L,1950,5
Liverpool,Bella Vista,1950-05-06,3,2,F,L,1950,5
Montevideo Wanderers,Nacional,1950-05-06,0,1,F,V,1950,5
Rampla Juniors Futbol Club,CA Penarol,1950-05-06,1,3,F,V,1950,5
Bella Vista,Rampla Juniors Futbol Club,1950-05-13,1,3,F,V,1950,5
CA Cerro,Nacional,1950-05-13,2,3,F,V,1950,5
Central Espanol,CA Penarol,1950-05-13,1,2,F,V,1950,5
Liverpool,Danubio,1950-05-13,1,0,F,L,1950,5
River Plate,Montevideo Wanderers,1950-05-13,2,2,F,E,1950,5
Bella Vista,CA Cerro,1950-05-20,1,0,F,L,1950,5
Danubio,Nacional,1950-05-20,1,0,F,L,1950,5
Liverpool,Central Espanol,1950-05-20,3,4,F,V,1950,5
Montevideo Wanderers,Rampla Juniors Futbol Club,1950-05-20,2,3,F,V,1950,5
River Plate,CA Penarol,1950-05-20,3,1,F,L,1950,5
Bella Vista,Nacional,1950-05-27,0,3,F,V,1950,5
Danubio,CA Cerro,1950-05-27,1,3,F,V,1950,5
Liverpool,CA Penarol,1950-05-27,0,2,F,V,1950,5
Montevideo Wanderers,Central Espanol,1950-05-27,1,4,F,V,1950,5
River Plate,Rampla Juniors Futbol Club,1950-05-27,3,3,F,E,1950,5
Bella Vista,Central Espanol,1950-06-03,2,2,F,E,1950,6
CA Cerro,Rampla Juniors Futbol Club,1950-06-03,1,2,F,V,1950,6
Danubio,CA Penarol,1950-06-03,1,4,F,V,1950,6
Montevideo Wanderers,Liverpool,1950-06-03,2,2,F,E,1950,6
River Plate,Nacional,1950-06-03,0,4,F,V,1950,6
Bella Vista,CA Penarol,1950-06-10,0,1,F,V,1950,6
Liverpool,Nacional,1950-06-10,1,7,F,V,1950,6
Montevideo Wanderers,Danubio,1950-06-10,0,2,F,V,1950,6
Rampla Juniors Futbol Club,Central Espanol,1950-06-10,1,0,F,L,1950,6
River Plate,CA Cerro,1950-06-10,0,3,F,V,1950,6
Bella Vista,Danubio,1950-06-17,2,2,F,E,1950,6
CA Cerro,Liverpool,1950-06-17,4,0,F,L,1950,6
Montevideo Wanderers,CA Penarol,1950-06-17,3,3,F,E,1950,6
Rampla Juniors Futbol Club,Nacional,1950-06-17,0,3,F,V,1950,6
River Plate,Central Espanol,1950-06-17,1,4,F,V,1950,6
Bella Vista,River Plate,1950-06-24,0,3,F,V,1950,6
Central Espanol,Danubio,1950-06-24,3,2,F,L,1950,6
Liverpool,Rampla Juniors Futbol Club,1950-06-24,2,0,F,L,1950,6
Montevideo Wanderers,CA Cerro,1950-06-24,3,0,F,L,1950,6
Nacional,CA Penarol,1950-06-24,2,0,F,L,1950,6
Bella Vista,Montevideo Wanderers,1950-08-05,1,0,F,L,1950,8
CA Cerro,CA Penarol,1950-08-05,3,6,F,V,1950,8
Central Espanol,Nacional,1950-08-05,2,2,F,E,1950,8
Danubio,Rampla Juniors Futbol Club,1950-08-05,1,5,F,V,1950,8
River Plate,Liverpool,1950-08-05,2,2,F,E,1950,8
Montevideo Wanderers,Bella Vista,1950-08-12,1,2,F,V,1950,8
Bella Vista,Montevideo Wanderers,1950-08-19,0,1,F,V,1950,8
Montevideo Wanderers,Bella Vista,1950-08-26,2,2,F,E,1950,8
CA Penarol,Liverpool,1951-03-03,2,0,F,L,1951,3
Danubio,Montevideo Wanderers,1951-03-03,2,1,F,L,1951,3
Nacional,Central Espanol,1951-03-03,1,1,F,E,1951,3
Rampla Juniors Futbol Club,CA Cerro,1951-03-03,3,1,F,L,1951,3
River Plate,Defensor Sporting,1951-03-03,4,1,F,L,1951,3
CA Penarol,Danubio,1951-03-10,1,1,F,E,1951,3
Central Espanol,Defensor Sporting,1951-03-10,3,2,F,L,1951,3
Nacional,Montevideo Wanderers,1951-03-10,5,1,F,L,1951,3
Rampla Juniors Futbol Club,Liverpool,1951-03-10,1,1,F,E,1951,3
River Plate,CA Cerro,1951-03-10,2,1,F,L,1951,3
CA Penarol,CA Cerro,1951-03-17,6,2,F,L,1951,3
Central Espanol,Liverpool,1951-03-17,1,1,F,E,1951,3
Danubio,Defensor Sporting,1951-03-17,4,0,F,L,1951,3
Nacional,Rampla Juniors Futbol Club,1951-03-17,5,1,F,L,1951,3
River Plate,Montevideo Wanderers,1951-03-17,2,1,F,L,1951,3
CA Cerro,Danubio,1951-03-24,4,2,F,L,1951,3
CA Penarol,Defensor Sporting,1951-03-24,3,0,F,L,1951,3
Central Espanol,Rampla Juniors Futbol Club,1951-03-24,1,1,F,E,1951,3
Montevideo Wanderers,Liverpool,1951-03-24,1,0,F,L,1951,3
Nacional,River Plate,1951-03-24,5,3,F,L,1951,3
CA Penarol,Rampla Juniors Futbol Club,1951-03-31,3,1,F,L,1951,3
Central Espanol,Danubio,1951-03-31,3,1,F,L,1951,3
Defensor Sporting,Montevideo Wanderers,1951-03-31,2,1,F,L,1951,3
Liverpool,River Plate,1951-03-31,3,2,F,L,1951,3
Nacional,CA Cerro,1951-03-31,3,0,F,L,1951,3
CA Cerro,Liverpool,1951-04-07,2,1,F,L,1951,4
CA Penarol,River Plate,1951-04-07,2,1,F,L,1951,4
Danubio,Rampla Juniors Futbol Club,1951-04-07,2,1,F,L,1951,4
Montevideo Wanderers,Central Espanol,1951-04-07,1,1,F,E,1951,4
Nacional,Defensor Sporting,1951-04-07,4,2,F,L,1951,4
CA Penarol,Central Espanol,1951-04-14,3,1,F,L,1951,4
Defensor Sporting,CA Cerro,1951-04-14,2,0,F,L,1951,4
Nacional,Liverpool,1951-04-14,1,1,F,E,1951,4
Rampla Juniors Futbol Club,Montevideo Wanderers,1951-04-14,3,0,F,L,1951,4
River Plate,Danubio,1951-04-14,4,2,F,L,1951,4
CA Cerro,Montevideo Wanderers,1951-04-21,1,1,F,E,1951,4
CA Penarol,Nacional,1951-04-21,1,1,F,E,1951,4
Central Espanol,River Plate,1951-04-21,0,0,F,E,1951,4
Danubio,Liverpool,1951-04-21,5,0,F,L,1951,4
Defensor Sporting,Rampla Juniors Futbol Club,1951-04-21,2,2,F,E,1951,4
CA Penarol,Montevideo Wanderers,1951-04-28,3,0,F,L,1951,4
Central Espanol,CA Cerro,1951-04-28,2,0,F,L,1951,4
Defensor Sporting,Liverpool,1951-04-28,3,2,F,L,1951,4
Nacional,Danubio,1951-04-28,4,0,F,L,1951,4
Rampla Juniors Futbol Club,River Plate,1951-04-28,8,1,F,L,1951,4
CA Cerro,Rampla Juniors Futbol Club,1951-05-05,2,2,F,E,1951,5
Central Espanol,Nacional,1951-05-05,2,1,F,L,1951,5
Defensor Sporting,River Plate,1951-05-05,4,0,F,L,1951,5
Liverpool,CA Penarol,1951-05-05,0,5,F,V,1951,5
Montevideo Wanderers,Danubio,1951-05-05,3,1,F,L,1951,5
CA Cerro,River Plate,1951-05-12,2,1,F,L,1951,5
Danubio,CA Penarol,1951-05-12,1,2,F,V,1951,5
Defensor Sporting,Central Espanol,1951-05-12,2,2,F,E,1951,5
Liverpool,Rampla Juniors Futbol Club,1951-05-12,1,2,F,V,1951,5
Montevideo Wanderers,Nacional,1951-05-12,0,1,F,V,1951,5
CA Cerro,CA Penarol,1951-05-19,0,6,F,V,1951,5
Defensor Sporting,Danubio,1951-05-19,0,1,F,V,1951,5
Liverpool,Central Espanol,1951-05-19,1,3,F,V,1951,5
Montevideo Wanderers,River Plate,1951-05-19,3,3,F,E,1951,5
Rampla Juniors Futbol Club,Nacional,1951-05-19,3,2,F,L,1951,5
Danubio,CA Cerro,1951-05-26,2,3,F,V,1951,5
Defensor Sporting,CA Penarol,1951-05-26,0,0,F,E,1951,5
Liverpool,Montevideo Wanderers,1951-05-26,1,0,F,L,1951,5
Rampla Juniors Futbol Club,Central Espanol,1951-05-26,3,0,F,L,1951,5
River Plate,Nacional,1951-05-26,2,4,F,V,1951,5
CA Cerro,Nacional,1951-06-02,1,0,F,L,1951,6
Danubio,Central Espanol,1951-06-02,2,0,F,L,1951,6
Montevideo Wanderers,Defensor Sporting,1951-06-02,3,2,F,L,1951,6
Rampla Juniors Futbol Club,CA Penarol,1951-06-02,1,2,F,V,1951,6
River Plate,Liverpool,1951-06-02,2,3,F,V,1951,6
Central Espanol,Montevideo Wanderers,1951-06-09,1,4,F,V,1951,6
Defensor Sporting,Nacional,1951-06-09,0,1,F,V,1951,6
Liverpool,CA Cerro,1951-06-09,1,1,F,E,1951,6
Rampla Juniors Futbol Club,Danubio,1951-06-09,2,2,F,E,1951,6
River Plate,CA Penarol,1951-06-09,2,1,F,L,1951,6
CA Cerro,Defensor Sporting,1951-06-16,2,1,F,L,1951,6
Central Espanol,CA Penarol,1951-06-16,0,4,F,V,1951,6
Danubio,River Plate,1951-06-16,1,1,F,E,1951,6
Liverpool,Nacional,1951-06-16,1,3,F,V,1951,6
Montevideo Wanderers,Rampla Juniors Futbol Club,1951-06-16,3,4,F,V,1951,6
Liverpool,Danubio,1951-06-23,1,1,F,E,1951,6
Montevideo Wanderers,CA Cerro,1951-06-23,1,3,F,V,1951,6
Nacional,CA Penarol,1951-06-23,3,2,F,L,1951,6
Rampla Juniors Futbol Club,Defensor Sporting,1951-06-23,2,0,F,L,1951,6
River Plate,Central Espanol,1951-06-23,1,0,F,L,1951,6
CA Cerro,Central Espanol,1951-06-30,1,2,F,V,1951,6
Danubio,Nacional,1951-06-30,0,6,F,V,1951,6
Liverpool,Defensor Sporting,1951-06-30,2,2,F,E,1951,6
Montevideo Wanderers,CA Penarol,1951-06-30,0,4,F,V,1951,6
River Plate,Rampla Juniors Futbol Club,1951-06-30,0,0,F,E,1951,6
CA Cerro,Institucion Atletica Sud America,1952-03-01,2,1,F,L,1952,3
CA Penarol,Central Espanol,1952-03-01,4,2,F,L,1952,3
Defensor Sporting,Danubio,1952-03-01,0,0,F,E,1952,3
Nacional,Liverpool,1952-03-01,5,1,F,L,1952,3
River Plate,Rampla Juniors Futbol Club,1952-03-01,1,1,F,E,1952,3
CA Cerro,Liverpool,1952-03-08,2,0,F,L,1952,3
CA Penarol,River Plate,1952-03-08,2,0,F,L,1952,3
Central Espanol,Defensor Sporting,1952-03-08,3,2,F,L,1952,3
Danubio,Institucion Atletica Sud America,1952-03-08,3,1,F,L,1952,3
Nacional,Rampla Juniors Futbol Club,1952-03-08,3,3,F,E,1952,3
CA Penarol,CA Cerro,1952-03-15,2,1,F,L,1952,3
Liverpool,Central Espanol,1952-03-15,1,1,F,E,1952,3
Nacional,Institucion Atletica Sud America,1952-03-15,4,2,F,L,1952,3
Rampla Juniors Futbol Club,Defensor Sporting,1952-03-15,6,0,F,L,1952,3
River Plate,Danubio,1952-03-15,2,5,F,V,1952,3
CA Penarol,Danubio,1952-03-22,2,2,F,E,1952,3
Central Espanol,CA Cerro,1952-03-22,4,2,F,L,1952,3
Defensor Sporting,Nacional,1952-03-22,3,2,F,L,1952,3
Institucion Atletica Sud America,Rampla Juniors Futbol Club,1952-03-22,1,1,F,E,1952,3
River Plate,Liverpool,1952-03-22,4,1,F,L,1952,3
CA Penarol,Institucion Atletica Sud America,1952-03-29,5,0,F,L,1952,3
Liverpool,Danubio,1952-03-29,2,1,F,L,1952,3
Nacional,CA Cerro,1952-03-29,5,0,F,L,1952,3
Rampla Juniors Futbol Club,Central Espanol,1952-03-29,5,1,F,L,1952,3
River Plate,Defensor Sporting,1952-03-29,4,1,F,L,1952,3
CA Penarol,Defensor Sporting,1952-04-05,2,0,F,L,1952,4
Central Espanol,River Plate,1952-04-05,1,2,F,V,1952,4
Liverpool,Institucion Atletica Sud America,1952-04-05,2,2,F,E,1952,4
Nacional,Danubio,1952-04-05,4,2,F,L,1952,4
Rampla Juniors Futbol Club,CA Cerro,1952-04-05,1,1,F,E,1952,4
CA Penarol,Liverpool,1952-04-12,5,0,F,L,1952,4
Danubio,Rampla Juniors Futbol Club,1952-04-12,1,0,F,L,1952,4
Institucion Atletica Sud America,Defensor Sporting,1952-04-12,4,1,F,L,1952,4
Nacional,Central Espanol,1952-04-12,6,0,F,L,1952,4
River Plate,CA Cerro,1952-04-12,1,0,F,L,1952,4
CA Penarol,Nacional,1952-04-19,2,0,F,L,1952,4
Central Espanol,Danubio,1952-04-19,1,1,F,E,1952,4
Defensor Sporting,CA Cerro,1952-04-19,2,2,F,E,1952,4
Liverpool,Rampla Juniors Futbol Club,1952-04-19,2,0,F,L,1952,4
River Plate,Institucion Atletica Sud America,1952-04-19,4,2,F,L,1952,4
CA Cerro,Danubio,1952-04-26,4,0,F,L,1952,4
CA Penarol,Rampla Juniors Futbol Club,1952-04-26,2,0,F,L,1952,4
Defensor Sporting,Liverpool,1952-04-26,4,1,F,L,1952,4
Institucion Atletica Sud America,Central Espanol,1952-04-26,2,1,F,L,1952,4
Nacional,River Plate,1952-04-26,3,1,F,L,1952,4
Central Espanol,CA Penarol,1952-05-03,1,2,F,V,1952,5
Danubio,Defensor Sporting,1952-05-03,1,1,F,E,1952,5
Institucion Atletica Sud America,CA Cerro,1952-05-03,0,1,F,V,1952,5
Liverpool,Nacional,1952-05-03,0,3,F,V,1952,5
Rampla Juniors Futbol Club,River Plate,1952-05-03,2,1,F,L,1952,5
Defensor Sporting,Central Espanol,1952-05-10,4,4,F,E,1952,5
Institucion Atletica Sud America,Danubio,1952-05-10,2,5,F,V,1952,5
Liverpool,CA Cerro,1952-05-10,0,3,F,V,1952,5
Rampla Juniors Futbol Club,Nacional,1952-05-10,2,5,F,V,1952,5
River Plate,CA Penarol,1952-05-10,1,2,F,V,1952,5
CA Cerro,CA Penarol,1952-05-17,1,3,F,V,1952,5
Central Espanol,Liverpool,1952-05-17,2,3,F,V,1952,5
Danubio,River Plate,1952-05-17,3,1,F,L,1952,5
Defensor Sporting,Rampla Juniors Futbol Club,1952-05-17,2,3,F,V,1952,5
Institucion Atletica Sud America,Nacional,1952-05-17,0,5,F,V,1952,5
CA Cerro,Central Espanol,1952-05-24,2,0,F,L,1952,5
Danubio,CA Penarol,1952-05-24,0,2,F,V,1952,5
Liverpool,River Plate,1952-05-24,0,0,F,E,1952,5
Nacional,Defensor Sporting,1952-05-24,2,1,F,L,1952,5
Rampla Juniors Futbol Club,Institucion Atletica Sud America,1952-05-24,4,2,F,L,1952,5
CA Cerro,Nacional,1952-05-31,2,3,F,V,1952,5
Central Espanol,Rampla Juniors Futbol Club,1952-05-31,2,2,F,E,1952,5
Danubio,Liverpool,1952-05-31,5,0,F,L,1952,5
Defensor Sporting,River Plate,1952-05-31,3,0,F,L,1952,5
Institucion Atletica Sud America,CA Penarol,1952-05-31,1,4,F,V,1952,5
CA Cerro,Rampla Juniors Futbol Club,1952-06-07,1,1,F,E,1952,6
Danubio,Nacional,1952-06-07,0,1,F,V,1952,6
Defensor Sporting,CA Penarol,1952-06-07,1,4,F,V,1952,6
Institucion Atletica Sud America,Liverpool,1952-06-07,1,1,F,E,1952,6
River Plate,Central Espanol,1952-06-07,0,1,F,V,1952,6
CA Cerro,River Plate,1952-06-14,0,3,F,V,1952,6
Central Espanol,Nacional,1952-06-14,0,2,F,V,1952,6
Defensor Sporting,Institucion Atletica Sud America,1952-06-14,1,1,F,E,1952,6
Liverpool,CA Penarol,1952-06-14,3,1,F,L,1952,6
Rampla Juniors Futbol Club,Danubio,1952-06-14,2,1,F,L,1952,6
CA Cerro,Defensor Sporting,1952-06-21,0,1,F,V,1952,6
Danubio,Central Espanol,1952-06-21,2,3,F,V,1952,6
Institucion Atletica Sud America,River Plate,1952-06-21,2,3,F,V,1952,6
Nacional,CA Penarol,1952-06-21,1,0,F,L,1952,6
Rampla Juniors Futbol Club,Liverpool,1952-06-21,1,1,F,E,1952,6
Central Espanol,Institucion Atletica Sud America,1952-06-28,2,3,F,V,1952,6
Danubio,CA Cerro,1952-06-28,1,0,F,L,1952,6
Liverpool,Defensor Sporting,1952-06-28,1,2,F,V,1952,6
Rampla Juniors Futbol Club,CA Penarol,1952-06-28,0,2,F,V,1952,6
River Plate,Nacional,1952-06-28,1,5,F,V,1952,6
Nacional,CA Penarol,1952-08-02,4,2,F,L,1952,8
CA Penarol,River Plate,1953-03-07,5,1,F,L,1953,3
Defensor Sporting,Central Espanol,1953-03-07,2,0,F,L,1953,3
Liverpool,CA Cerro,1953-03-07,1,0,F,L,1953,3
Montevideo Wanderers,Rampla Juniors Futbol Club,1953-03-07,3,3,F,E,1953,3
Nacional,Danubio,1953-03-07,1,1,F,E,1953,3
CA Penarol,Rampla Juniors Futbol Club,1953-03-14,0,0,F,E,1953,3
Central Espanol,CA Cerro,1953-03-14,1,0,F,L,1953,3
Defensor Sporting,River Plate,1953-03-14,1,1,F,E,1953,3
Liverpool,Danubio,1953-03-14,0,0,F,E,1953,3
Nacional,Montevideo Wanderers,1953-03-14,4,2,F,L,1953,3
CA Penarol,Liverpool,1953-03-21,6,1,F,L,1953,3
Defensor Sporting,Montevideo Wanderers,1953-03-21,3,2,F,L,1953,3
Nacional,CA Cerro,1953-03-21,0,0,F,E,1953,3
Rampla Juniors Futbol Club,Central Espanol,1953-03-21,3,0,F,L,1953,3
River Plate,Danubio,1953-03-21,2,2,F,E,1953,3
CA Cerro,Montevideo Wanderers,1953-03-28,2,0,F,L,1953,3
CA Penarol,Central Espanol,1953-03-28,4,1,F,L,1953,3
Liverpool,River Plate,1953-03-28,4,1,F,L,1953,3
Nacional,Defensor Sporting,1953-03-28,2,2,F,E,1953,3
Rampla Juniors Futbol Club,Danubio,1953-03-28,1,0,F,L,1953,3
CA Penarol,CA Cerro,1953-04-04,3,1,F,L,1953,4
Danubio,Central Espanol,1953-04-04,3,1,F,L,1953,4
Montevideo Wanderers,River Plate,1953-04-04,1,1,F,E,1953,4
Nacional,Liverpool,1953-04-04,3,0,F,L,1953,4
Rampla Juniors Futbol Club,Defensor Sporting,1953-04-04,3,1,F,L,1953,4
CA Cerro,Danubio,1953-04-11,2,1,F,L,1953,4
CA Penarol,Defensor Sporting,1953-04-11,4,0,F,L,1953,4
Montevideo Wanderers,Liverpool,1953-04-11,4,3,F,L,1953,4
Nacional,Central Espanol,1953-04-11,5,2,F,L,1953,4
River Plate,Rampla Juniors Futbol Club,1953-04-11,2,1,F,L,1953,4
CA Cerro,Defensor Sporting,1953-04-18,2,2,F,E,1953,4
CA Penarol,Danubio,1953-04-18,3,1,F,L,1953,4
Montevideo Wanderers,Central Espanol,1953-04-18,2,1,F,L,1953,4
Nacional,River Plate,1953-04-18,2,0,F,L,1953,4
Rampla Juniors Futbol Club,Liverpool,1953-04-18,2,1,F,L,1953,4
CA Cerro,Rampla Juniors Futbol Club,1953-04-25,2,1,F,L,1953,4
CA Penarol,Nacional,1953-04-25,5,0,F,L,1953,4
Defensor Sporting,Liverpool,1953-04-25,4,4,F,E,1953,4
Montevideo Wanderers,Danubio,1953-04-25,1,0,F,L,1953,4
River Plate,Central Espanol,1953-04-25,2,1,F,L,1953,4
CA Penarol,Montevideo Wanderers,1953-05-02,4,2,F,L,1953,5
Danubio,Defensor Sporting,1953-05-02,5,3,F,L,1953,5
Liverpool,Central Espanol,1953-05-02,4,0,F,L,1953,5
Nacional,Rampla Juniors Futbol Club,1953-05-02,1,1,F,E,1953,5
River Plate,CA Cerro,1953-05-02,3,1,F,L,1953,5
CA Cerro,Liverpool,1953-05-09,0,1,F,V,1953,5
Central Espanol,Defensor Sporting,1953-05-09,0,2,F,V,1953,5
Danubio,Nacional,1953-05-09,1,1,F,E,1953,5
Rampla Juniors Futbol Club,Montevideo Wanderers,1953-05-09,0,1,F,V,1953,5
River Plate,CA Penarol,1953-05-09,0,5,F,V,1953,5
CA Cerro,Central Espanol,1953-05-16,1,1,F,E,1953,5
Danubio,Liverpool,1953-05-16,2,2,F,E,1953,5
Montevideo Wanderers,Nacional,1953-05-16,1,2,F,V,1953,5
Rampla Juniors Futbol Club,CA Penarol,1953-05-16,2,3,F,V,1953,5
River Plate,Defensor Sporting,1953-05-16,1,1,F,E,1953,5
CA Cerro,Nacional,1953-05-23,2,1,F,L,1953,5
Central Espanol,Rampla Juniors Futbol Club,1953-05-23,1,3,F,V,1953,5
Danubio,River Plate,1953-05-23,1,2,F,V,1953,5
Liverpool,CA Penarol,1953-05-23,1,1,F,E,1953,5
Montevideo Wanderers,Defensor Sporting,1953-05-23,2,2,F,E,1953,5
Central Espanol,CA Penarol,1953-05-30,0,4,F,V,1953,5
Danubio,Rampla Juniors Futbol Club,1953-05-30,2,0,F,L,1953,5
Defensor Sporting,Nacional,1953-05-30,0,2,F,V,1953,5
Montevideo Wanderers,CA Cerro,1953-05-30,2,1,F,L,1953,5
River Plate,Liverpool,1953-05-30,3,1,F,L,1953,5
CA Cerro,CA Penarol,1953-06-06,0,3,F,V,1953,6
Central Espanol,Danubio,1953-06-06,2,4,F,V,1953,6
Defensor Sporting,Rampla Juniors Futbol Club,1953-06-06,2,4,F,V,1953,6
Liverpool,Nacional,1953-06-06,0,4,F,V,1953,6
River Plate,Montevideo Wanderers,1953-06-06,2,2,F,E,1953,6
Central Espanol,Nacional,1953-06-13,2,2,F,E,1953,6
Danubio,CA Cerro,1953-06-13,0,0,F,E,1953,6
Defensor Sporting,CA Penarol,1953-06-13,0,2,F,V,1953,6
Liverpool,Montevideo Wanderers,1953-06-13,0,0,F,E,1953,6
Rampla Juniors Futbol Club,River Plate,1953-06-13,2,0,F,L,1953,6
Central Espanol,Montevideo Wanderers,1953-06-20,2,0,F,L,1953,6
Danubio,CA Penarol,1953-06-20,0,3,F,V,1953,6
Defensor Sporting,CA Cerro,1953-06-20,5,0,F,L,1953,6
Liverpool,Rampla Juniors Futbol Club,1953-06-20,1,2,F,V,1953,6
River Plate,Nacional,1953-06-20,0,1,F,V,1953,6
Central Espanol,River Plate,1953-06-27,0,2,F,V,1953,6
Danubio,Montevideo Wanderers,1953-06-27,2,0,F,L,1953,6
Liverpool,Defensor Sporting,1953-06-27,0,1,F,V,1953,6
Nacional,CA Penarol,1953-06-27,2,1,F,L,1953,6
Rampla Juniors Futbol Club,CA Cerro,1953-06-27,1,0,F,L,1953,6
CA Cerro,River Plate,1953-08-01,0,5,F,V,1953,8
Central Espanol,Liverpool,1953-08-01,0,3,F,V,1953,8
Defensor Sporting,Danubio,1953-08-01,1,0,F,L,1953,8
Montevideo Wanderers,CA Penarol,1953-08-01,1,3,F,V,1953,8
Rampla Juniors Futbol Club,Nacional,1953-08-01,1,1,F,E,1953,8
CA Cerro,Miramar Misiones,1954-03-06,3,1,F,L,1954,3
CA Penarol,Defensor Sporting,1954-03-06,5,1,F,L,1954,3
Danubio,Rampla Juniors Futbol Club,1954-03-06,2,1,F,L,1954,3
Liverpool,River Plate,1954-03-06,1,0,F,L,1954,3
Nacional,Montevideo Wanderers,1954-03-06,1,0,F,L,1954,3
CA Penarol,Miramar Misiones,1954-03-13,3,0,F,L,1954,3
Liverpool,Danubio,1954-03-13,1,0,F,L,1954,3
Nacional,CA Cerro,1954-03-13,1,0,F,L,1954,3
Rampla Juniors Futbol Club,Defensor Sporting,1954-03-13,0,0,F,E,1954,3
River Plate,Montevideo Wanderers,1954-03-13,2,1,F,L,1954,3
CA Penarol,River Plate,1954-03-20,3,0,F,L,1954,3
Danubio,Miramar Misiones,1954-03-20,1,0,F,L,1954,3
Montevideo Wanderers,Defensor Sporting,1954-03-20,0,0,F,E,1954,3
Nacional,Liverpool,1954-03-20,0,0,F,E,1954,3
Rampla Juniors Futbol Club,CA Cerro,1954-03-20,2,0,F,L,1954,3
CA Penarol,Danubio,1954-03-27,3,2,F,L,1954,3
Liverpool,CA Cerro,1954-03-27,1,1,F,E,1954,3
Miramar Misiones,Montevideo Wanderers,1954-03-27,1,1,F,E,1954,3
Rampla Juniors Futbol Club,Nacional,1954-03-27,1,0,F,L,1954,3
River Plate,Defensor Sporting,1954-03-27,2,1,F,L,1954,3
CA Penarol,Liverpool,1954-04-03,5,0,F,L,1954,4
Danubio,Montevideo Wanderers,1954-04-03,3,2,F,L,1954,4
Defensor Sporting,CA Cerro,1954-04-03,3,2,F,L,1954,4
Nacional,River Plate,1954-04-03,4,0,F,L,1954,4
Rampla Juniors Futbol Club,Miramar Misiones,1954-04-03,1,0,F,L,1954,4
CA Cerro,River Plate,1954-04-10,1,0,F,L,1954,4
CA Penarol,Rampla Juniors Futbol Club,1954-04-10,3,1,F,L,1954,4
Miramar Misiones,Defensor Sporting,1954-04-10,0,0,F,E,1954,4
Montevideo Wanderers,Liverpool,1954-04-10,2,2,F,E,1954,4
Nacional,Danubio,1954-04-10,3,0,F,L,1954,4
CA Penarol,Montevideo Wanderers,1954-04-17,4,0,F,L,1954,4
Danubio,CA Cerro,1954-04-17,2,1,F,L,1954,4
Defensor Sporting,Nacional,1954-04-17,2,0,F,L,1954,4
Liverpool,Rampla Juniors Futbol Club,1954-04-17,2,2,F,E,1954,4
Miramar Misiones,River Plate,1954-04-17,1,2,F,V,1954,4
CA Cerro,Montevideo Wanderers,1954-04-24,2,1,F,L,1954,4
CA Penarol,Nacional,1954-04-24,1,1,F,E,1954,4
Danubio,Defensor Sporting,1954-04-24,3,0,F,L,1954,4
Liverpool,Miramar Misiones,1954-04-24,1,0,F,L,1954,4
Rampla Juniors Futbol Club,River Plate,1954-04-24,2,1,F,L,1954,4
CA Penarol,CA Cerro,1954-05-01,3,0,F,L,1954,5
Danubio,River Plate,1954-05-01,1,1,F,E,1954,5
Liverpool,Defensor Sporting,1954-05-01,2,2,F,E,1954,5
Miramar Misiones,Nacional,1954-05-01,4,2,F,L,1954,5
Montevideo Wanderers,Rampla Juniors Futbol Club,1954-05-01,1,1,F,E,1954,5
Defensor Sporting,CA Penarol,1954-05-08,0,2,F,V,1954,5
Miramar Misiones,CA Cerro,1954-05-08,1,1,F,E,1954,5
Montevideo Wanderers,Nacional,1954-05-08,3,1,F,L,1954,5
Rampla Juniors Futbol Club,Danubio,1954-05-08,2,4,F,V,1954,5
River Plate,Liverpool,1954-05-08,3,3,F,E,1954,5
CA Cerro,Nacional,1954-05-15,0,0,F,E,1954,5
Danubio,Liverpool,1954-05-15,3,1,F,L,1954,5
Defensor Sporting,Rampla Juniors Futbol Club,1954-05-15,3,2,F,L,1954,5
Miramar Misiones,CA Penarol,1954-05-15,1,5,F,V,1954,5
Montevideo Wanderers,River Plate,1954-05-15,0,0,F,E,1954,5
CA Cerro,Rampla Juniors Futbol Club,1954-05-22,1,0,F,L,1954,5
Defensor Sporting,Montevideo Wanderers,1954-05-22,3,1,F,L,1954,5
Liverpool,Nacional,1954-05-22,1,5,F,V,1954,5
Miramar Misiones,Danubio,1954-05-22,1,3,F,V,1954,5
River Plate,CA Penarol,1954-05-22,0,0,F,E,1954,5
CA Cerro,Liverpool,1954-05-29,4,3,F,L,1954,5
Danubio,CA Penarol,1954-05-29,0,1,F,V,1954,5
Defensor Sporting,River Plate,1954-05-29,0,0,F,E,1954,5
Montevideo Wanderers,Miramar Misiones,1954-05-29,3,2,F,L,1954,5
Nacional,Rampla Juniors Futbol Club,1954-05-29,3,0,F,L,1954,5
CA Cerro,Defensor Sporting,1954-06-05,2,2,F,E,1954,6
Liverpool,CA Penarol,1954-06-05,2,4,F,V,1954,6
Miramar Misiones,Rampla Juniors Futbol Club,1954-06-05,1,3,F,V,1954,6
Montevideo Wanderers,Danubio,1954-06-05,0,1,F,V,1954,6
River Plate,Nacional,1954-06-05,2,5,F,V,1954,6
Danubio,Nacional,1954-06-12,0,0,F,E,1954,6
Defensor Sporting,Miramar Misiones,1954-06-12,2,0,F,L,1954,6
Liverpool,Montevideo Wanderers,1954-06-12,2,0,F,L,1954,6
Rampla Juniors Futbol Club,CA Penarol,1954-06-12,2,2,F,E,1954,6
River Plate,CA Cerro,1954-06-12,1,0,F,L,1954,6
CA Cerro,Danubio,1954-06-19,1,1,F,E,1954,6
Montevideo Wanderers,CA Penarol,1954-06-19,0,0,F,E,1954,6
Nacional,Defensor Sporting,1954-06-19,2,1,F,L,1954,6
Rampla Juniors Futbol Club,Liverpool,1954-06-19,1,0,F,L,1954,6
River Plate,Miramar Misiones,1954-06-19,4,4,F,E,1954,6
Defensor Sporting,Danubio,1954-06-26,4,2,F,L,1954,6
Miramar Misiones,Liverpool,1954-06-26,1,1,F,E,1954,6
Montevideo Wanderers,CA Cerro,1954-06-26,0,1,F,V,1954,6
Nacional,CA Penarol,1954-06-26,0,1,F,V,1954,6
River Plate,Rampla Juniors Futbol Club,1954-06-26,1,1,F,E,1954,6
CA Cerro,CA Penarol,1954-08-07,1,4,F,V,1954,8
Defensor Sporting,Liverpool,1954-08-07,1,2,F,V,1954,8
Nacional,Miramar Misiones,1954-08-07,6,1,F,L,1954,8
Rampla Juniors Futbol Club,Montevideo Wanderers,1954-08-07,3,2,F,L,1954,8
River Plate,Danubio,1954-08-07,1,1,F,E,1954,8
CA Penarol,Danubio,1955-03-05,3,1,F,L,1955,3
Defensor Sporting,Rampla Juniors Futbol Club,1955-03-05,2,1,F,L,1955,3
Institucion Atletica Sud America,Montevideo Wanderers,1955-03-05,2,2,F,E,1955,3
Liverpool,River Plate,1955-03-05,4,2,F,L,1955,3
Nacional,CA Cerro,1955-03-05,3,1,F,L,1955,3
CA Penarol,Defensor Sporting,1955-03-12,2,0,F,L,1955,3
Danubio,Institucion Atletica Sud America,1955-03-12,4,0,F,L,1955,3
Montevideo Wanderers,Liverpool,1955-03-12,3,1,F,L,1955,3
Nacional,Rampla Juniors Futbol Club,1955-03-12,2,1,F,L,1955,3
River Plate,CA Cerro,1955-03-12,1,0,F,L,1955,3
CA Penarol,Montevideo Wanderers,1955-03-19,1,0,F,L,1955,3
Danubio,CA Cerro,1955-03-19,2,2,F,E,1955,3
Defensor Sporting,River Plate,1955-03-19,2,2,F,E,1955,3
Nacional,Institucion Atletica Sud America,1955-03-19,2,0,F,L,1955,3
Rampla Juniors Futbol Club,Liverpool,1955-03-19,1,0,F,L,1955,3
CA Cerro,Institucion Atletica Sud America,1955-03-26,5,0,F,L,1955,3
CA Penarol,River Plate,1955-03-26,2,1,F,L,1955,3
Montevideo Wanderers,Defensor Sporting,1955-03-26,0,0,F,E,1955,3
Nacional,Liverpool,1955-03-26,2,1,F,L,1955,3
Rampla Juniors Futbol Club,Danubio,1955-03-26,2,2,F,E,1955,3
CA Penarol,Institucion Atletica Sud America,1955-04-02,4,2,F,L,1955,4
Defensor Sporting,CA Cerro,1955-04-02,3,1,F,L,1955,4
Liverpool,Danubio,1955-04-02,2,0,F,L,1955,4
Nacional,Montevideo Wanderers,1955-04-02,3,1,F,L,1955,4
Rampla Juniors Futbol Club,River Plate,1955-04-02,1,0,F,L,1955,4
Danubio,Montevideo Wanderers,1955-04-09,2,1,F,L,1955,4
Institucion Atletica Sud America,Defensor Sporting,1955-04-09,2,1,F,L,1955,4
Liverpool,CA Penarol,1955-04-09,3,0,F,L,1955,4
Rampla Juniors Futbol Club,CA Cerro,1955-04-09,1,1,F,E,1955,4
River Plate,Nacional,1955-04-09,2,1,F,L,1955,4
CA Penarol,CA Cerro,1955-04-16,0,0,F,E,1955,4
Defensor Sporting,Liverpool,1955-04-16,3,2,F,L,1955,4
Institucion Atletica Sud America,Rampla Juniors Futbol Club,1955-04-16,2,2,F,E,1955,4
Montevideo Wanderers,River Plate,1955-04-16,0,0,F,E,1955,4
Nacional,Danubio,1955-04-16,3,2,F,L,1955,4
Danubio,Defensor Sporting,1955-04-23,2,2,F,E,1955,4
Liverpool,CA Cerro,1955-04-23,1,1,F,E,1955,4
Nacional,CA Penarol,1955-04-23,3,3,F,E,1955,4
Rampla Juniors Futbol Club,Montevideo Wanderers,1955-04-23,5,3,F,L,1955,4
River Plate,Institucion Atletica Sud America,1955-04-23,1,1,F,E,1955,4
CA Cerro,Montevideo Wanderers,1955-04-30,2,1,F,L,1955,4
CA Penarol,Rampla Juniors Futbol Club,1955-04-30,2,2,F,E,1955,4
Danubio,River Plate,1955-04-30,6,0,F,L,1955,4
Institucion Atletica Sud America,Liverpool,1955-04-30,1,0,F,L,1955,4
Nacional,Defensor Sporting,1955-04-30,5,1,F,L,1955,4
CA Cerro,Nacional,1955-05-07,1,2,F,V,1955,5
Danubio,CA Penarol,1955-05-07,1,1,F,E,1955,5
Montevideo Wanderers,Institucion Atletica Sud America,1955-05-07,2,1,F,L,1955,5
Rampla Juniors Futbol Club,Defensor Sporting,1955-05-07,3,4,F,V,1955,5
River Plate,Liverpool,1955-05-07,0,3,F,V,1955,5
CA Cerro,River Plate,1955-05-14,5,0,F,L,1955,5
Defensor Sporting,CA Penarol,1955-05-14,0,3,F,V,1955,5
Institucion Atletica Sud America,Danubio,1955-05-14,1,3,F,V,1955,5
Liverpool,Montevideo Wanderers,1955-05-14,2,1,F,L,1955,5
Rampla Juniors Futbol Club,Nacional,1955-05-14,0,4,F,V,1955,5
CA Cerro,Danubio,1955-05-21,4,2,F,L,1955,5
Institucion Atletica Sud America,Nacional,1955-05-21,1,3,F,V,1955,5
Liverpool,Rampla Juniors Futbol Club,1955-05-21,1,0,F,L,1955,5
Montevideo Wanderers,CA Penarol,1955-05-21,0,0,F,E,1955,5
River Plate,Defensor Sporting,1955-05-21,1,1,F,E,1955,5
Danubio,Rampla Juniors Futbol Club,1955-05-28,1,1,F,E,1955,5
Defensor Sporting,Montevideo Wanderers,1955-05-28,0,1,F,V,1955,5
Institucion Atletica Sud America,CA Cerro,1955-05-28,2,0,F,L,1955,5
Liverpool,Nacional,1955-05-28,0,2,F,V,1955,5
River Plate,CA Penarol,1955-05-28,0,3,F,V,1955,5
CA Cerro,Defensor Sporting,1955-06-04,0,0,F,E,1955,6
Danubio,Liverpool,1955-06-04,2,0,F,L,1955,6
Institucion Atletica Sud America,CA Penarol,1955-06-04,1,5,F,V,1955,6
Montevideo Wanderers,Nacional,1955-06-04,2,2,F,E,1955,6
River Plate,Rampla Juniors Futbol Club,1955-06-04,1,2,F,V,1955,6
CA Cerro,Rampla Juniors Futbol Club,1955-06-11,3,0,F,L,1955,6
CA Penarol,Liverpool,1955-06-11,4,1,F,L,1955,6
Defensor Sporting,Institucion Atletica Sud America,1955-06-11,1,2,F,V,1955,6
Montevideo Wanderers,Danubio,1955-06-11,0,1,F,V,1955,6
Nacional,River Plate,1955-06-11,3,0,F,L,1955,6
CA Cerro,CA Penarol,1955-06-18,0,1,F,V,1955,6
Danubio,Nacional,1955-06-18,2,5,F,V,1955,6
Liverpool,Defensor Sporting,1955-06-18,1,3,F,V,1955,6
Rampla Juniors Futbol Club,Institucion Atletica Sud America,1955-06-18,4,0,F,L,1955,6
River Plate,Montevideo Wanderers,1955-06-18,1,2,F,V,1955,6
CA Cerro,Liverpool,1955-06-25,4,0,F,L,1955,6
CA Penarol,Nacional,1955-06-25,1,1,F,E,1955,6
Defensor Sporting,Danubio,1955-06-25,4,3,F,L,1955,6
Institucion Atletica Sud America,River Plate,1955-06-25,3,2,F,L,1955,6
Montevideo Wanderers,Rampla Juniors Futbol Club,1955-06-25,2,1,F,L,1955,6
Defensor Sporting,Nacional,1955-08-06,2,7,F,V,1955,8
Liverpool,Institucion Atletica Sud America,1955-08-06,0,2,F,V,1955,8
Montevideo Wanderers,CA Cerro,1955-08-06,0,0,F,E,1955,8
Rampla Juniors Futbol Club,CA Penarol,1955-08-06,1,1,F,E,1955,8
River Plate,Danubio,1955-08-06,1,1,F,E,1955,8
CA Penarol,Racing Club,1956-03-03,7,1,F,L,1956,3
Defensor Sporting,Danubio,1956-03-03,2,0,F,L,1956,3
Liverpool,Institucion Atletica Sud America,1956-03-03,2,1,F,L,1956,3
Nacional,CA Cerro,1956-03-03,3,0,F,L,1956,3
Rampla Juniors Futbol Club,Montevideo Wanderers,1956-03-03,0,0,F,E,1956,3
CA Cerro,Institucion Atletica Sud America,1956-03-10,2,1,F,L,1956,3
CA Penarol,Rampla Juniors Futbol Club,1956-03-10,2,1,F,L,1956,3
Danubio,Racing Club,1956-03-10,4,1,F,L,1956,3
Defensor Sporting,Liverpool,1956-03-10,3,1,F,L,1956,3
Nacional,Montevideo Wanderers,1956-03-10,3,1,F,L,1956,3
CA Penarol,Defensor Sporting,1956-03-17,2,2,F,E,1956,3
Montevideo Wanderers,Liverpool,1956-03-17,1,0,F,L,1956,3
Nacional,Danubio,1956-03-17,3,0,F,L,1956,3
Racing Club,CA Cerro,1956-03-17,2,0,F,L,1956,3
Rampla Juniors Futbol Club,Institucion Atletica Sud America,1956-03-17,2,0,F,L,1956,3
CA Cerro,Danubio,1956-03-24,1,0,F,L,1956,3
CA Penarol,Institucion Atletica Sud America,1956-03-24,3,0,F,L,1956,3
Defensor Sporting,Rampla Juniors Futbol Club,1956-03-24,3,3,F,E,1956,3
Nacional,Liverpool,1956-03-24,4,3,F,L,1956,3
Racing Club,Montevideo Wanderers,1956-03-24,3,2,F,L,1956,3
CA Cerro,Rampla Juniors Futbol Club,1956-03-31,2,0,F,L,1956,3
CA Penarol,Danubio,1956-03-31,4,0,F,L,1956,3
Liverpool,Racing Club,1956-03-31,2,2,F,E,1956,3
Montevideo Wanderers,Institucion Atletica Sud America,1956-03-31,2,2,F,E,1956,3
Nacional,Defensor Sporting,1956-03-31,3,2,F,L,1956,3
CA Penarol,Liverpool,1956-04-07,5,1,F,L,1956,4
Defensor Sporting,Racing Club,1956-04-07,2,1,F,L,1956,4
Montevideo Wanderers,CA Cerro,1956-04-07,2,2,F,E,1956,4
Nacional,Institucion Atletica Sud America,1956-04-07,5,1,F,L,1956,4
Rampla Juniors Futbol Club,Danubio,1956-04-07,4,1,F,L,1956,4
CA Cerro,CA Penarol,1956-04-14,2,1,F,L,1956,4
Institucion Atletica Sud America,Defensor Sporting,1956-04-14,2,1,F,L,1956,4
Liverpool,Rampla Juniors Futbol Club,1956-04-14,4,1,F,L,1956,4
Montevideo Wanderers,Danubio,1956-04-14,0,0,F,E,1956,4
Nacional,Racing Club,1956-04-14,2,1,F,L,1956,4
CA Cerro,Liverpool,1956-04-21,4,1,F,L,1956,4
CA Penarol,Nacional,1956-04-21,3,1,F,L,1956,4
Danubio,Institucion Atletica Sud America,1956-04-21,3,1,F,L,1956,4
Montevideo Wanderers,Defensor Sporting,1956-04-21,1,1,F,E,1956,4
Rampla Juniors Futbol Club,Racing Club,1956-04-21,2,2,F,E,1956,4
CA Penarol,Montevideo Wanderers,1956-04-28,4,0,F,L,1956,4
Defensor Sporting,CA Cerro,1956-04-28,2,2,F,E,1956,4
Liverpool,Danubio,1956-04-28,4,2,F,L,1956,4
Nacional,Rampla Juniors Futbol Club,1956-04-28,3,1,F,L,1956,4
Racing Club,Institucion Atletica Sud America,1956-04-28,2,1,F,L,1956,4
CA Cerro,Nacional,1956-05-05,2,3,F,V,1956,5
Danubio,Defensor Sporting,1956-05-05,1,2,F,V,1956,5
Institucion Atletica Sud America,Liverpool,1956-05-05,2,3,F,V,1956,5
Montevideo Wanderers,Rampla Juniors Futbol Club,1956-05-05,0,0,F,E,1956,5
Racing Club,CA Penarol,1956-05-05,1,4,F,V,1956,5
Institucion Atletica Sud America,CA Cerro,1956-05-12,3,3,F,E,1956,5
Liverpool,Defensor Sporting,1956-05-12,2,1,F,L,1956,5
Montevideo Wanderers,Nacional,1956-05-12,0,2,F,V,1956,5
Racing Club,Danubio,1956-05-12,0,1,F,V,1956,5
Rampla Juniors Futbol Club,CA Penarol,1956-05-12,1,2,F,V,1956,5
CA Cerro,Racing Club,1956-05-19,5,1,F,L,1956,5
Danubio,Nacional,1956-05-19,0,3,F,V,1956,5
Defensor Sporting,CA Penarol,1956-05-19,2,4,F,V,1956,5
Institucion Atletica Sud America,Rampla Juniors Futbol Club,1956-05-19,1,1,F,E,1956,5
Liverpool,Montevideo Wanderers,1956-05-19,2,1,F,L,1956,5
Danubio,CA Cerro,1956-05-26,1,0,F,L,1956,5
Institucion Atletica Sud America,CA Penarol,1956-05-26,1,1,F,E,1956,5
Liverpool,Nacional,1956-05-26,0,2,F,V,1956,5
Montevideo Wanderers,Racing Club,1956-05-26,0,0,F,E,1956,5
Rampla Juniors Futbol Club,Defensor Sporting,1956-05-26,2,2,F,E,1956,5
Danubio,CA Penarol,1956-06-02,0,2,F,V,1956,6
Defensor Sporting,Nacional,1956-06-02,1,4,F,V,1956,6
Institucion Atletica Sud America,Montevideo Wanderers,1956-06-02,0,1,F,V,1956,6
Racing Club,Liverpool,1956-06-02,2,1,F,L,1956,6
Rampla Juniors Futbol Club,CA Cerro,1956-06-02,2,5,F,V,1956,6
CA Cerro,Montevideo Wanderers,1956-06-09,2,2,F,E,1956,6
Danubio,Rampla Juniors Futbol Club,1956-06-09,3,1,F,L,1956,6
Institucion Atletica Sud America,Nacional,1956-06-09,0,5,F,V,1956,6
Liverpool,CA Penarol,1956-06-09,1,3,F,V,1956,6
Racing Club,Defensor Sporting,1956-06-09,0,2,F,V,1956,6
CA Penarol,CA Cerro,1956-06-16,1,2,F,V,1956,6
Danubio,Montevideo Wanderers,1956-06-16,0,2,F,V,1956,6
Defensor Sporting,Institucion Atletica Sud America,1956-06-16,2,0,F,L,1956,6
Racing Club,Nacional,1956-06-16,1,5,F,V,1956,6
Rampla Juniors Futbol Club,Liverpool,1956-06-16,1,1,F,E,1956,6
Defensor Sporting,Montevideo Wanderers,1956-06-23,1,1,F,E,1956,6
Institucion Atletica Sud America,Danubio,1956-06-23,0,1,F,V,1956,6
Liverpool,CA Cerro,1956-06-23,2,4,F,V,1956,6
Nacional,CA Penarol,1956-06-23,1,1,F,E,1956,6
Racing Club,Rampla Juniors Futbol Club,1956-06-23,1,3,F,V,1956,6
CA Cerro,Defensor Sporting,1956-06-30,4,3,F,L,1956,6
Danubio,Liverpool,1956-06-30,1,1,F,E,1956,6
Institucion Atletica Sud America,Racing Club,1956-06-30,2,4,F,V,1956,6
Montevideo Wanderers,CA Penarol,1956-06-30,0,1,F,V,1956,6
Rampla Juniors Futbol Club,Nacional,1956-06-30,2,2,F,E,1956,6
CA Fenix,Racing Club,1957-03-02,1,1,F,E,1957,3
CA Penarol,Montevideo Wanderers,1957-03-02,3,1,F,L,1957,3
Danubio,Liverpool,1957-03-02,3,0,F,L,1957,3
Nacional,CA Cerro,1957-03-02,3,0,F,L,1957,3
Rampla Juniors Futbol Club,Defensor Sporting,1957-03-02,3,0,F,L,1957,3
CA Fenix,CA Cerro,1957-03-09,2,0,F,L,1957,3
CA Penarol,Danubio,1957-03-09,3,2,F,L,1957,3
Montevideo Wanderers,Defensor Sporting,1957-03-09,1,0,F,L,1957,3
Nacional,Liverpool,1957-03-09,1,0,F,L,1957,3
Rampla Juniors Futbol Club,Racing Club,1957-03-09,1,0,F,L,1957,3
CA Cerro,Montevideo Wanderers,1957-03-16,1,0,F,L,1957,3
CA Penarol,CA Fenix,1957-03-16,1,0,F,L,1957,3
Defensor Sporting,Liverpool,1957-03-16,3,1,F,L,1957,3
Nacional,Racing Club,1957-03-16,4,0,F,L,1957,3
Rampla Juniors Futbol Club,Danubio,1957-03-16,3,2,F,L,1957,3
Danubio,CA Cerro,1957-03-23,0,0,F,E,1957,3
Montevideo Wanderers,CA Fenix,1957-03-23,3,1,F,L,1957,3
Nacional,Defensor Sporting,1957-03-23,1,0,F,L,1957,3
Racing Club,Liverpool,1957-03-23,1,0,F,L,1957,3
Rampla Juniors Futbol Club,CA Penarol,1957-03-23,1,0,F,L,1957,3
CA Fenix,Nacional,1957-03-30,1,0,F,L,1957,3
Defensor Sporting,Danubio,1957-03-30,2,0,F,L,1957,3
Liverpool,Montevideo Wanderers,1957-03-30,3,1,F,L,1957,3
Racing Club,CA Penarol,1957-03-30,2,0,F,L,1957,3
Rampla Juniors Futbol Club,CA Cerro,1957-03-30,0,0,F,E,1957,3
CA Cerro,Racing Club,1957-04-06,4,1,F,L,1957,4
CA Fenix,Liverpool,1957-04-06,3,2,F,L,1957,4
Defensor Sporting,CA Penarol,1957-04-06,5,1,F,L,1957,4
Montevideo Wanderers,Danubio,1957-04-06,0,0,F,E,1957,4
Rampla Juniors Futbol Club,Nacional,1957-04-06,0,0,F,E,1957,4
CA Penarol,CA Cerro,1957-04-13,3,2,F,L,1957,4
Danubio,CA Fenix,1957-04-13,1,1,F,E,1957,4
Nacional,Montevideo Wanderers,1957-04-13,2,1,F,L,1957,4
Racing Club,Defensor Sporting,1957-04-13,2,2,F,E,1957,4
Rampla Juniors Futbol Club,Liverpool,1957-04-13,2,2,F,E,1957,4
CA Cerro,Liverpool,1957-04-20,2,0,F,L,1957,4
Danubio,Racing Club,1957-04-20,2,0,F,L,1957,4
Defensor Sporting,CA Fenix,1957-04-20,2,1,F,L,1957,4
Montevideo Wanderers,Rampla Juniors Futbol Club,1957-04-20,2,1,F,L,1957,4
Nacional,CA Penarol,1957-04-20,2,0,F,L,1957,4
CA Cerro,Defensor Sporting,1957-04-27,3,3,F,E,1957,4
CA Fenix,Rampla Juniors Futbol Club,1957-04-27,3,1,F,L,1957,4
Liverpool,CA Penarol,1957-04-27,1,0,F,L,1957,4
Montevideo Wanderers,Racing Club,1957-04-27,0,0,F,E,1957,4
Nacional,Danubio,1957-04-27,2,0,F,L,1957,4
CA Cerro,Nacional,1957-05-04,0,2,F,V,1957,5
Defensor Sporting,Rampla Juniors Futbol Club,1957-05-04,1,1,F,E,1957,5
Liverpool,Danubio,1957-05-04,0,2,F,V,1957,5
Montevideo Wanderers,CA Penarol,1957-05-04,3,3,F,E,1957,5
Racing Club,CA Fenix,1957-05-04,1,1,F,E,1957,5
CA Cerro,CA Fenix,1957-05-11,3,2,F,L,1957,5
Danubio,CA Penarol,1957-05-11,1,1,F,E,1957,5
Defensor Sporting,Montevideo Wanderers,1957-05-11,1,1,F,E,1957,5
Liverpool,Nacional,1957-05-11,1,1,F,E,1957,5
Racing Club,Rampla Juniors Futbol Club,1957-05-11,2,1,F,L,1957,5
CA Fenix,CA Penarol,1957-05-18,2,5,F,V,1957,5
Danubio,Rampla Juniors Futbol Club,1957-05-18,1,1,F,E,1957,5
Liverpool,Defensor Sporting,1957-05-18,4,2,F,L,1957,5
Montevideo Wanderers,CA Cerro,1957-05-18,3,4,F,V,1957,5
Racing Club,Nacional,1957-05-18,1,1,F,E,1957,5
CA Cerro,Danubio,1957-05-25,2,3,F,V,1957,5
CA Fenix,Montevideo Wanderers,1957-05-25,3,1,F,L,1957,5
CA Penarol,Rampla Juniors Futbol Club,1957-05-25,4,0,F,L,1957,5
Defensor Sporting,Nacional,1957-05-25,3,1,F,L,1957,5
Liverpool,Racing Club,1957-05-25,2,1,F,L,1957,5
CA Cerro,Rampla Juniors Futbol Club,1957-06-01,7,4,F,L,1957,6
CA Penarol,Racing Club,1957-06-01,3,2,F,L,1957,6
Danubio,Defensor Sporting,1957-06-01,2,4,F,V,1957,6
Montevideo Wanderers,Liverpool,1957-06-01,1,2,F,V,1957,6
Nacional,CA Fenix,1957-06-01,5,1,F,L,1957,6
CA Penarol,Defensor Sporting,1957-06-08,3,1,F,L,1957,6
Danubio,Montevideo Wanderers,1957-06-08,0,1,F,V,1957,6
Liverpool,CA Fenix,1957-06-08,0,1,F,V,1957,6
Nacional,Rampla Juniors Futbol Club,1957-06-08,2,3,F,V,1957,6
Racing Club,CA Cerro,1957-06-08,4,0,F,L,1957,6
CA Cerro,CA Penarol,1957-06-15,2,4,F,V,1957,6
CA Fenix,Danubio,1957-06-15,1,3,F,V,1957,6
Defensor Sporting,Racing Club,1957-06-15,6,2,F,L,1957,6
Liverpool,Rampla Juniors Futbol Club,1957-06-15,2,1,F,L,1957,6
Montevideo Wanderers,Nacional,1957-06-15,0,0,F,E,1957,6
CA Fenix,Defensor Sporting,1957-06-22,3,1,F,L,1957,6
CA Penarol,Nacional,1957-06-22,3,3,F,E,1957,6
Liverpool,CA Cerro,1957-06-22,1,2,F,V,1957,6
Racing Club,Danubio,1957-06-22,1,0,F,L,1957,6
Rampla Juniors Futbol Club,Montevideo Wanderers,1957-06-22,0,0,F,E,1957,6
CA Penarol,Liverpool,1957-06-29,2,4,F,V,1957,6
Danubio,Nacional,1957-06-29,0,0,F,E,1957,6
Defensor Sporting,CA Cerro,1957-06-29,5,3,F,L,1957,6
Racing Club,Montevideo Wanderers,1957-06-29,0,4,F,V,1957,6
Rampla Juniors Futbol Club,CA Fenix,1957-06-29,3,4,F,V,1957,6
Institucion Atletica Sud America,CA Fenix,1958-03-01,1,1,F,E,1958,3
Liverpool,Defensor Sporting,1958-03-01,3,2,F,L,1958,3
Montevideo Wanderers,CA Cerro,1958-03-01,3,3,F,E,1958,3
Nacional,Danubio,1958-03-01,2,2,F,E,1958,3
Rampla Juniors Futbol Club,CA Penarol,1958-03-01,2,1,F,L,1958,3
CA Fenix,CA Cerro,1958-03-08,1,1,F,E,1958,3
CA Penarol,Liverpool,1958-03-08,3,1,F,L,1958,3
Danubio,Montevideo Wanderers,1958-03-08,1,1,F,E,1958,3
Institucion Atletica Sud America,Rampla Juniors Futbol Club,1958-03-08,1,0,F,L,1958,3
Nacional,Defensor Sporting,1958-03-08,2,2,F,E,1958,3
CA Cerro,Defensor Sporting,1958-03-15,0,5,F,V,1958,3
CA Penarol,CA Fenix,1958-03-15,4,0,F,L,1958,3
Danubio,Rampla Juniors Futbol Club,1958-03-15,0,2,F,V,1958,3
Montevideo Wanderers,Liverpool,1958-03-15,0,1,F,V,1958,3
Nacional,Institucion Atletica Sud America,1958-03-15,0,0,F,E,1958,3
Institucion Atletica Sud America,Danubio,1958-03-22,0,2,F,V,1958,3
Liverpool,CA Fenix,1958-03-22,1,0,F,L,1958,3
Montevideo Wanderers,CA Penarol,1958-03-22,0,4,F,V,1958,3
Nacional,CA Cerro,1958-03-22,3,1,F,L,1958,3
Rampla Juniors Futbol Club,Defensor Sporting,1958-03-22,0,2,F,V,1958,3
Institucion Atletica Sud America,CA Penarol,1958-03-29,1,0,F,L,1958,3
Liverpool,Danubio,1958-03-29,4,2,F,L,1958,3
Montevideo Wanderers,Defensor Sporting,1958-03-29,1,0,F,L,1958,3
Nacional,CA Fenix,1958-03-29,2,0,F,L,1958,3
Rampla Juniors Futbol Club,CA Cerro,1958-03-29,1,0,F,L,1958,3
CA Penarol,CA Cerro,1958-04-05,1,0,F,L,1958,4
Defensor Sporting,Danubio,1958-04-05,4,1,F,L,1958,4
Liverpool,Institucion Atletica Sud America,1958-04-05,0,0,F,E,1958,4
Nacional,Montevideo Wanderers,1958-04-05,2,0,F,L,1958,4
Rampla Juniors Futbol Club,CA Fenix,1958-04-05,4,1,F,L,1958,4
CA Cerro,Liverpool,1958-04-12,5,0,F,L,1958,4
CA Fenix,Montevideo Wanderers,1958-04-12,1,1,F,E,1958,4
CA Penarol,Danubio,1958-04-12,2,1,F,L,1958,4
Institucion Atletica Sud America,Defensor Sporting,1958-04-12,2,2,F,E,1958,4
Rampla Juniors Futbol Club,Nacional,1958-04-12,0,0,F,E,1958,4
CA Fenix,Defensor Sporting,1958-04-19,3,1,F,L,1958,4
CA Penarol,Nacional,1958-04-19,0,0,F,E,1958,4
Danubio,CA Cerro,1958-04-19,1,1,F,E,1958,4
Montevideo Wanderers,Institucion Atletica Sud America,1958-04-19,3,0,F,L,1958,4
Rampla Juniors Futbol Club,Liverpool,1958-04-19,5,1,F,L,1958,4
CA Penarol,Defensor Sporting,1958-04-26,3,0,F,L,1958,4
Danubio,CA Fenix,1958-04-26,3,1,F,L,1958,4
Institucion Atletica Sud America,CA Cerro,1958-04-26,1,0,F,L,1958,4
Montevideo Wanderers,Rampla Juniors Futbol Club,1958-04-26,1,0,F,L,1958,4
Nacional,Liverpool,1958-04-26,4,1,F,L,1958,4
CA Cerro,Montevideo Wanderers,1958-05-03,3,2,F,L,1958,5
CA Fenix,Institucion Atletica Sud America,1958-05-03,2,2,F,E,1958,5
CA Penarol,Rampla Juniors Futbol Club,1958-05-03,1,0,F,L,1958,5
Danubio,Nacional,1958-05-03,1,5,F,V,1958,5
Defensor Sporting,Liverpool,1958-05-03,1,3,F,V,1958,5
CA Cerro,CA Fenix,1958-05-10,3,1,F,L,1958,5
Defensor Sporting,Nacional,1958-05-10,1,4,F,V,1958,5
Liverpool,CA Penarol,1958-05-10,2,2,F,E,1958,5
Montevideo Wanderers,Danubio,1958-05-10,2,2,F,E,1958,5
Rampla Juniors Futbol Club,Institucion Atletica Sud America,1958-05-10,3,2,F,L,1958,5
CA Fenix,CA Penarol,1958-05-17,1,3,F,V,1958,5
Defensor Sporting,CA Cerro,1958-05-17,0,0,F,E,1958,5
Institucion Atletica Sud America,Nacional,1958-05-17,1,0,F,L,1958,5
Liverpool,Montevideo Wanderers,1958-05-17,1,2,F,V,1958,5
Rampla Juniors Futbol Club,Danubio,1958-05-17,1,1,F,E,1958,5
CA Cerro,Nacional,1958-05-24,1,1,F,E,1958,5
CA Fenix,Liverpool,1958-05-24,3,4,F,V,1958,5
CA Penarol,Montevideo Wanderers,1958-05-24,2,3,F,V,1958,5
Danubio,Institucion Atletica Sud America,1958-05-24,0,0,F,E,1958,5
Defensor Sporting,Rampla Juniors Futbol Club,1958-05-24,0,1,F,V,1958,5
CA Cerro,Rampla Juniors Futbol Club,1958-05-31,0,0,F,E,1958,5
CA Fenix,Nacional,1958-05-31,1,8,F,V,1958,5
CA Penarol,Institucion Atletica Sud America,1958-05-31,1,2,F,V,1958,5
Danubio,Liverpool,1958-05-31,1,1,F,E,1958,5
Defensor Sporting,Montevideo Wanderers,1958-05-31,2,2,F,E,1958,5
CA Cerro,CA Penarol,1958-06-07,0,0,F,E,1958,6
CA Fenix,Rampla Juniors Futbol Club,1958-06-07,3,1,F,L,1958,6
Danubio,Defensor Sporting,1958-06-07,4,4,F,E,1958,6
Institucion Atletica Sud America,Liverpool,1958-06-07,4,0,F,L,1958,6
Montevideo Wanderers,Nacional,1958-06-07,0,0,F,E,1958,6
Danubio,CA Penarol,1958-06-14,1,3,F,V,1958,6
Defensor Sporting,Institucion Atletica Sud America,1958-06-14,1,0,F,L,1958,6
Liverpool,CA Cerro,1958-06-14,3,1,F,L,1958,6
Montevideo Wanderers,CA Fenix,1958-06-14,1,1,F,E,1958,6
Nacional,Rampla Juniors Futbol Club,1958-06-14,0,2,F,V,1958,6
CA Cerro,Danubio,1958-06-21,0,0,F,E,1958,6
Defensor Sporting,CA Fenix,1958-06-21,4,2,F,L,1958,6
Institucion Atletica Sud America,Montevideo Wanderers,1958-06-21,0,0,F,E,1958,6
Liverpool,Rampla Juniors Futbol Club,1958-06-21,0,2,F,V,1958,6
Nacional,CA Penarol,1958-06-21,1,2,F,V,1958,6
CA Cerro,Institucion Atletica Sud America,1958-06-28,1,3,F,V,1958,6
CA Fenix,Danubio,1958-06-28,2,1,F,L,1958,6
Defensor Sporting,CA Penarol,1958-06-28,1,1,F,E,1958,6
Liverpool,Nacional,1958-06-28,0,3,F,V,1958,6
Rampla Juniors Futbol Club,Montevideo Wanderers,1958-06-28,5,4,F,L,1958,6
CA Penarol,Danubio,1959-03-07,2,1,F,L,1959,3
Liverpool,Institucion Atletica Sud America,1959-03-07,2,1,F,L,1959,3
Montevideo Wanderers,CA Cerro,1959-03-07,4,4,F,E,1959,3
Nacional,Defensor Sporting,1959-03-07,1,1,F,E,1959,3
Racing Club,Rampla Juniors Futbol Club,1959-03-07,2,1,F,L,1959,3
CA Cerro,Liverpool,1959-03-14,2,1,F,L,1959,3
CA Penarol,Rampla Juniors Futbol Club,1959-03-14,3,0,F,L,1959,3
Institucion Atletica Sud America,Defensor Sporting,1959-03-14,3,1,F,L,1959,3
Montevideo Wanderers,Danubio,1959-03-14,3,0,F,L,1959,3
Nacional,Racing Club,1959-03-14,2,0,F,L,1959,3
CA Penarol,Institucion Atletica Sud America,1959-03-21,2,1,F,L,1959,3
Defensor Sporting,Danubio,1959-03-21,4,3,F,L,1959,3
Montevideo Wanderers,Racing Club,1959-03-21,2,1,F,L,1959,3
Nacional,Liverpool,1959-03-21,3,2,F,L,1959,3
Rampla Juniors Futbol Club,CA Cerro,1959-03-21,4,0,F,L,1959,3
CA Cerro,CA Penarol,1959-03-28,2,1,F,L,1959,3
Danubio,Institucion Atletica Sud America,1959-03-28,2,1,F,L,1959,3
Nacional,Montevideo Wanderers,1959-03-28,4,0,F,L,1959,3
Racing Club,Liverpool,1959-03-28,2,1,F,L,1959,3
Rampla Juniors Futbol Club,Defensor Sporting,1959-03-28,3,3,F,E,1959,3
CA Cerro,Defensor Sporting,1959-04-04,2,1,F,L,1959,4
CA Penarol,Liverpool,1959-04-04,3,1,F,L,1959,4
Institucion Atletica Sud America,Nacional,1959-04-04,2,2,F,E,1959,4
Racing Club,Danubio,1959-04-04,3,2,F,L,1959,4
Rampla Juniors Futbol Club,Montevideo Wanderers,1959-04-04,4,1,F,L,1959,4
CA Penarol,Montevideo Wanderers,1959-04-11,5,2,F,L,1959,4
Defensor Sporting,Liverpool,1959-04-11,4,0,F,L,1959,4
Nacional,CA Cerro,1959-04-11,2,0,F,L,1959,4
Racing Club,Institucion Atletica Sud America,1959-04-11,1,0,F,L,1959,4
Rampla Juniors Futbol Club,Danubio,1959-04-11,0,0,F,E,1959,4
CA Cerro,Racing Club,1959-04-18,4,3,F,L,1959,4
CA Penarol,Defensor Sporting,1959-04-18,2,1,F,L,1959,4
Montevideo Wanderers,Liverpool,1959-04-18,3,2,F,L,1959,4
Nacional,Danubio,1959-04-18,4,1,F,L,1959,4
Rampla Juniors Futbol Club,Institucion Atletica Sud America,1959-04-18,3,1,F,L,1959,4
CA Penarol,Nacional,1959-04-25,2,0,F,L,1959,4
Danubio,CA Cerro,1959-04-25,0,0,F,E,1959,4
Montevideo Wanderers,Institucion Atletica Sud America,1959-04-25,2,1,F,L,1959,4
Racing Club,Defensor Sporting,1959-04-25,3,0,F,L,1959,4
Rampla Juniors Futbol Club,Liverpool,1959-04-25,1,0,F,L,1959,4
CA Cerro,Institucion Atletica Sud America,1959-05-02,1,1,F,E,1959,5
CA Penarol,Racing Club,1959-05-02,2,1,F,L,1959,5
Defensor Sporting,Montevideo Wanderers,1959-05-02,4,2,F,L,1959,5
Liverpool,Danubio,1959-05-02,3,1,F,L,1959,5
Nacional,Rampla Juniors Futbol Club,1959-05-02,1,0,F,L,1959,5
CA Cerro,Montevideo Wanderers,1959-05-09,4,2,F,L,1959,5
Danubio,CA Penarol,1959-05-09,1,2,F,V,1959,5
Defensor Sporting,Nacional,1959-05-09,2,1,F,L,1959,5
Institucion Atletica Sud America,Liverpool,1959-05-09,2,1,F,L,1959,5
Rampla Juniors Futbol Club,Racing Club,1959-05-09,2,2,F,E,1959,5
Danubio,Montevideo Wanderers,1959-05-16,1,2,F,V,1959,5
Defensor Sporting,Institucion Atletica Sud America,1959-05-16,1,3,F,V,1959,5
Liverpool,CA Cerro,1959-05-16,2,1,F,L,1959,5
Racing Club,Nacional,1959-05-16,0,0,F,E,1959,5
Rampla Juniors Futbol Club,CA Penarol,1959-05-16,0,0,F,E,1959,5
CA Cerro,Rampla Juniors Futbol Club,1959-05-23,1,0,F,L,1959,5
Danubio,Defensor Sporting,1959-05-23,1,1,F,E,1959,5
Institucion Atletica Sud America,CA Penarol,1959-05-23,1,3,F,V,1959,5
Liverpool,Nacional,1959-05-23,1,0,F,L,1959,5
Racing Club,Montevideo Wanderers,1959-05-23,0,2,F,V,1959,5
CA Penarol,CA Cerro,1959-05-30,1,3,F,V,1959,5
Defensor Sporting,Rampla Juniors Futbol Club,1959-05-30,4,2,F,L,1959,5
Institucion Atletica Sud America,Danubio,1959-05-30,2,1,F,L,1959,5
Liverpool,Racing Club,1959-05-30,1,2,F,V,1959,5
Montevideo Wanderers,Nacional,1959-05-30,0,3,F,V,1959,5
Danubio,Racing Club,1959-06-06,1,2,F,V,1959,6
Defensor Sporting,CA Cerro,1959-06-06,3,1,F,L,1959,6
Liverpool,CA Penarol,1959-06-06,2,2,F,E,1959,6
Montevideo Wanderers,Rampla Juniors Futbol Club,1959-06-06,1,2,F,V,1959,6
Nacional,Institucion Atletica Sud America,1959-06-06,3,0,F,L,1959,6
CA Cerro,Nacional,1959-06-13,1,3,F,V,1959,6
Danubio,Rampla Juniors Futbol Club,1959-06-13,2,1,F,L,1959,6
Institucion Atletica Sud America,Racing Club,1959-06-13,0,1,F,V,1959,6
Liverpool,Defensor Sporting,1959-06-13,2,1,F,L,1959,6
Montevideo Wanderers,CA Penarol,1959-06-13,2,1,F,L,1959,6
Danubio,Nacional,1959-06-20,1,1,F,E,1959,6
Defensor Sporting,CA Penarol,1959-06-20,1,2,F,V,1959,6
Institucion Atletica Sud America,Rampla Juniors Futbol Club,1959-06-20,1,0,F,L,1959,6
Liverpool,Montevideo Wanderers,1959-06-20,0,2,F,V,1959,6
Racing Club,CA Cerro,1959-06-20,3,2,F,L,1959,6
CA Cerro,Danubio,1959-06-27,0,1,F,V,1959,6
Defensor Sporting,Racing Club,1959-06-27,1,3,F,V,1959,6
Institucion Atletica Sud America,Montevideo Wanderers,1959-06-27,2,1,F,L,1959,6
Liverpool,Rampla Juniors Futbol Club,1959-06-27,2,2,F,E,1959,6
Nacional,CA Penarol,1959-06-27,1,0,F,L,1959,6
Danubio,Liverpool,1959-08-01,0,1,F,V,1959,8
Institucion Atletica Sud America,CA Cerro,1959-08-01,0,3,F,V,1959,8
Montevideo Wanderers,Defensor Sporting,1959-08-01,1,1,F,E,1959,8
Racing Club,CA Penarol,1959-08-01,0,2,F,V,1959,8
Rampla Juniors Futbol Club,Nacional,1959-08-01,1,2,F,V,1959,8
CA Penarol,Nacional,1959-08-08,2,0,F,L,1959,8
CA Fenix,Institucion Atletica Sud America,1960-03-05,2,1,F,L,1960,3
CA Penarol,Defensor Sporting,1960-03-05,2,1,F,L,1960,3
Liverpool,Nacional,1960-03-05,2,1,F,L,1960,3
Montevideo Wanderers,CA Cerro,1960-03-05,3,0,F,L,1960,3
Rampla Juniors Futbol Club,Racing Club,1960-03-05,4,1,F,L,1960,3
CA Cerro,CA Fenix,1960-03-12,1,0,F,L,1960,3
CA Penarol,Rampla Juniors Futbol Club,1960-03-12,0,0,F,E,1960,3
Institucion Atletica Sud America,Liverpool,1960-03-12,1,0,F,L,1960,3
Montevideo Wanderers,Defensor Sporting,1960-03-12,2,0,F,L,1960,3
Nacional,Racing Club,1960-03-12,5,2,F,L,1960,3
CA Fenix,Racing Club,1960-03-19,2,1,F,L,1960,3
CA Penarol,CA Cerro,1960-03-19,5,1,F,L,1960,3
Defensor Sporting,Liverpool,1960-03-19,2,0,F,L,1960,3
Institucion Atletica Sud America,Rampla Juniors Futbol Club,1960-03-19,1,0,F,L,1960,3
Nacional,Montevideo Wanderers,1960-03-19,2,2,F,E,1960,3
CA Cerro,Rampla Juniors Futbol Club,1960-03-26,3,1,F,L,1960,3
CA Penarol,Institucion Atletica Sud America,1960-03-26,3,1,F,L,1960,3
Liverpool,Montevideo Wanderers,1960-03-26,1,0,F,L,1960,3
Nacional,CA Fenix,1960-03-26,1,0,F,L,1960,3
Racing Club,Defensor Sporting,1960-03-26,1,1,F,E,1960,3
CA Cerro,Nacional,1960-04-02,1,0,F,L,1960,4
CA Fenix,Defensor Sporting,1960-04-02,1,1,F,E,1960,4
CA Penarol,Montevideo Wanderers,1960-04-02,4,0,F,L,1960,4
Racing Club,Institucion Atletica Sud America,1960-04-02,2,1,F,L,1960,4
Rampla Juniors Futbol Club,Liverpool,1960-04-02,2,1,F,L,1960,4
CA Penarol,CA Fenix,1960-04-09,4,1,F,L,1960,4
Defensor Sporting,CA Cerro,1960-04-09,2,2,F,E,1960,4
Nacional,Institucion Atletica Sud America,1960-04-09,4,1,F,L,1960,4
Racing Club,Liverpool,1960-04-09,2,0,F,L,1960,4
Rampla Juniors Futbol Club,Montevideo Wanderers,1960-04-09,1,1,F,E,1960,4
CA Cerro,Institucion Atletica Sud America,1960-04-16,3,0,F,L,1960,4
Liverpool,CA Penarol,1960-04-16,2,2,F,E,1960,4
Nacional,Defensor Sporting,1960-04-16,0,0,F,E,1960,4
Racing Club,Montevideo Wanderers,1960-04-16,1,0,F,L,1960,4
Rampla Juniors Futbol Club,CA Fenix,1960-04-16,0,0,F,E,1960,4
CA Cerro,Racing Club,1960-04-23,4,1,F,L,1960,4
CA Fenix,Liverpool,1960-04-23,2,2,F,E,1960,4
Institucion Atletica Sud America,Montevideo Wanderers,1960-04-23,1,1,F,E,1960,4
Nacional,CA Penarol,1960-04-23,3,2,F,L,1960,4
Rampla Juniors Futbol Club,Defensor Sporting,1960-04-23,2,1,F,L,1960,4
CA Cerro,Liverpool,1960-04-30,3,1,F,L,1960,4
CA Fenix,Montevideo Wanderers,1960-04-30,2,2,F,E,1960,4
CA Penarol,Racing Club,1960-04-30,1,0,F,L,1960,4
Institucion Atletica Sud America,Defensor Sporting,1960-04-30,0,0,F,E,1960,4
Nacional,Rampla Juniors Futbol Club,1960-04-30,3,1,F,L,1960,4
CA Cerro,Montevideo Wanderers,1960-05-07,4,0,F,L,1960,5
Defensor Sporting,CA Penarol,1960-05-07,2,2,F,E,1960,5
Institucion Atletica Sud America,CA Fenix,1960-05-07,4,1,F,L,1960,5
Nacional,Liverpool,1960-05-07,6,2,F,L,1960,5
Racing Club,Rampla Juniors Futbol Club,1960-05-07,4,1,F,L,1960,5
CA Fenix,CA Cerro,1960-05-14,0,4,F,V,1960,5
Defensor Sporting,Montevideo Wanderers,1960-05-14,0,3,F,V,1960,5
Liverpool,Institucion Atletica Sud America,1960-05-14,4,0,F,L,1960,5
Racing Club,Nacional,1960-05-14,3,2,F,L,1960,5
Rampla Juniors Futbol Club,CA Penarol,1960-05-14,0,4,F,V,1960,5
CA Cerro,CA Penarol,1960-05-21,1,3,F,V,1960,5
Liverpool,Defensor Sporting,1960-05-21,3,0,F,L,1960,5
Montevideo Wanderers,Nacional,1960-05-21,3,1,F,L,1960,5
Racing Club,CA Fenix,1960-05-21,0,2,F,V,1960,5
Rampla Juniors Futbol Club,Institucion Atletica Sud America,1960-05-21,2,1,F,L,1960,5
CA Fenix,Nacional,1960-05-28,1,4,F,V,1960,5
Defensor Sporting,Racing Club,1960-05-28,1,0,F,L,1960,5
Institucion Atletica Sud America,CA Penarol,1960-05-28,1,1,F,E,1960,5
Montevideo Wanderers,Liverpool,1960-05-28,1,2,F,V,1960,5
Rampla Juniors Futbol Club,CA Cerro,1960-05-28,0,4,F,V,1960,5
Defensor Sporting,CA Fenix,1960-06-04,2,2,F,E,1960,6
Institucion Atletica Sud America,Racing Club,1960-06-04,0,1,F,V,1960,6
Liverpool,Rampla Juniors Futbol Club,1960-06-04,1,4,F,V,1960,6
Montevideo Wanderers,CA Penarol,1960-06-04,1,3,F,V,1960,6
Nacional,CA Cerro,1960-06-04,1,1,F,E,1960,6
CA Cerro,Defensor Sporting,1960-06-11,2,0,F,L,1960,6
CA Fenix,CA Penarol,1960-06-11,1,1,F,E,1960,6
Institucion Atletica Sud America,Nacional,1960-06-11,0,5,F,V,1960,6
Liverpool,Racing Club,1960-06-11,1,3,F,V,1960,6
Montevideo Wanderers,Rampla Juniors Futbol Club,1960-06-11,0,0,F,E,1960,6
CA Fenix,Rampla Juniors Futbol Club,1960-06-18,2,1,F,L,1960,6
CA Penarol,Liverpool,1960-06-18,3,0,F,L,1960,6
Defensor Sporting,Nacional,1960-06-18,0,2,F,V,1960,6
Institucion Atletica Sud America,CA Cerro,1960-06-18,1,2,F,V,1960,6
Montevideo Wanderers,Racing Club,1960-06-18,1,0,F,L,1960,6
CA Penarol,Nacional,1960-06-25,1,1,F,E,1960,6
Defensor Sporting,Rampla Juniors Futbol Club,1960-06-25,1,1,F,E,1960,6
Liverpool,CA Fenix,1960-06-25,2,0,F,L,1960,6
Montevideo Wanderers,Institucion Atletica Sud America,1960-06-25,2,1,F,L,1960,6
Racing Club,CA Cerro,1960-06-25,2,3,F,V,1960,6
Defensor Sporting,Institucion Atletica Sud America,1960-08-06,0,0,F,E,1960,8
Liverpool,CA Cerro,1960-08-06,1,4,F,V,1960,8
Montevideo Wanderers,CA Fenix,1960-08-06,0,1,F,V,1960,8
Racing Club,CA Penarol,1960-08-06,2,3,F,V,1960,8
Rampla Juniors Futbol Club,Nacional,1960-08-06,0,4,F,V,1960,8
CA Penarol,CA Cerro,1960-08-13,3,1,F,L,1960,8
CA Fenix,CA Cerro,1961-03-04,0,0,F,E,1961,3
CA Penarol,Defensor Sporting,1961-03-04,3,2,F,L,1961,3
Danubio,Rampla Juniors Futbol Club,1961-03-04,1,0,F,L,1961,3
Liverpool,Montevideo Wanderers,1961-03-04,2,0,F,L,1961,3
Nacional,Racing Club,1961-03-04,6,1,F,L,1961,3
CA Penarol,Montevideo Wanderers,1961-03-11,4,0,F,L,1961,3
Danubio,CA Fenix,1961-03-11,1,1,F,E,1961,3
Nacional,Liverpool,1961-03-11,4,1,F,L,1961,3
Racing Club,CA Cerro,1961-03-11,3,1,F,L,1961,3
Rampla Juniors Futbol Club,Defensor Sporting,1961-03-11,3,1,F,L,1961,3
CA Cerro,Montevideo Wanderers,1961-03-18,2,0,F,L,1961,3
CA Penarol,Danubio,1961-03-18,4,1,F,L,1961,3
Defensor Sporting,Racing Club,1961-03-18,2,1,F,L,1961,3
Liverpool,CA Fenix,1961-03-18,0,0,F,E,1961,3
Nacional,Rampla Juniors Futbol Club,1961-03-18,1,0,F,L,1961,3
CA Penarol,CA Cerro,1961-03-25,0,3,F,V,1961,3
Danubio,Montevideo Wanderers,1961-03-25,4,0,F,L,1961,3
Defensor Sporting,Liverpool,1961-03-25,1,1,F,E,1961,3
Nacional,CA Fenix,1961-03-25,5,2,F,L,1961,3
Racing Club,Rampla Juniors Futbol Club,1961-03-25,2,2,F,E,1961,3
CA Cerro,Liverpool,1961-04-01,2,2,F,E,1961,4
CA Penarol,Rampla Juniors Futbol Club,1961-04-01,2,0,F,L,1961,4
Defensor Sporting,CA Fenix,1961-04-01,3,2,F,L,1961,4
Montevideo Wanderers,Racing Club,1961-04-01,2,2,F,E,1961,4
Nacional,Danubio,1961-04-01,4,2,F,L,1961,4
CA Penarol,CA Fenix,1961-04-08,1,1,F,E,1961,4
Defensor Sporting,Danubio,1961-04-08,4,2,F,L,1961,4
Montevideo Wanderers,Rampla Juniors Futbol Club,1961-04-08,1,0,F,L,1961,4
Nacional,CA Cerro,1961-04-08,0,0,F,E,1961,4
Racing Club,Liverpool,1961-04-08,3,2,F,L,1961,4
CA Cerro,Danubio,1961-04-15,1,1,F,E,1961,4
CA Fenix,Montevideo Wanderers,1961-04-15,2,2,F,E,1961,4
CA Penarol,Racing Club,1961-04-15,6,3,F,L,1961,4
Nacional,Defensor Sporting,1961-04-15,3,2,F,L,1961,4
Rampla Juniors Futbol Club,Liverpool,1961-04-15,3,1,F,L,1961,4
CA Penarol,Nacional,1961-04-22,1,0,F,L,1961,4
Danubio,Liverpool,1961-04-22,1,1,F,E,1961,4
Defensor Sporting,Montevideo Wanderers,1961-04-22,2,1,F,L,1961,4
Racing Club,CA Fenix,1961-04-22,3,2,F,L,1961,4
Rampla Juniors Futbol Club,CA Cerro,1961-04-22,4,3,F,L,1961,4
CA Penarol,Liverpool,1961-04-29,2,0,F,L,1961,4
Danubio,Racing Club,1961-04-29,2,1,F,L,1961,4
Defensor Sporting,CA Cerro,1961-04-29,1,1,F,E,1961,4
Nacional,Montevideo Wanderers,1961-04-29,3,0,F,L,1961,4
Rampla Juniors Futbol Club,CA Fenix,1961-04-29,5,0,F,L,1961,4
CA Cerro,CA Fenix,1961-05-06,3,2,F,L,1961,5
Defensor Sporting,CA Penarol,1961-05-06,1,3,F,V,1961,5
Montevideo Wanderers,Liverpool,1961-05-06,3,0,F,L,1961,5
Racing Club,Nacional,1961-05-06,1,0,F,L,1961,5
Rampla Juniors Futbol Club,Danubio,1961-05-06,0,1,F,V,1961,5
CA Cerro,Racing Club,1961-05-13,1,3,F,V,1961,5
CA Fenix,Danubio,1961-05-13,0,3,F,V,1961,5
Defensor Sporting,Rampla Juniors Futbol Club,1961-05-13,0,0,F,E,1961,5
Liverpool,Nacional,1961-05-13,0,1,F,V,1961,5
Montevideo Wanderers,CA Penarol,1961-05-13,1,1,F,E,1961,5
CA Fenix,Liverpool,1961-05-20,3,2,F,L,1961,5
Danubio,CA Penarol,1961-05-20,1,5,F,V,1961,5
Montevideo Wanderers,CA Cerro,1961-05-20,2,2,F,E,1961,5
Racing Club,Defensor Sporting,1961-05-20,1,3,F,V,1961,5
Rampla Juniors Futbol Club,Nacional,1961-05-20,0,3,F,V,1961,5
CA Cerro,CA Penarol,1961-05-27,3,3,F,E,1961,5
CA Fenix,Nacional,1961-05-27,0,1,F,V,1961,5
Liverpool,Defensor Sporting,1961-05-27,2,2,F,E,1961,5
Montevideo Wanderers,Danubio,1961-05-27,1,2,F,V,1961,5
Rampla Juniors Futbol Club,Racing Club,1961-05-27,3,0,F,L,1961,5
CA Fenix,Defensor Sporting,1961-06-03,1,3,F,V,1961,6
Danubio,Nacional,1961-06-03,0,3,F,V,1961,6
Liverpool,CA Cerro,1961-06-03,1,1,F,E,1961,6
Racing Club,Montevideo Wanderers,1961-06-03,2,2,F,E,1961,6
Rampla Juniors Futbol Club,CA Penarol,1961-06-03,0,4,F,V,1961,6
CA Cerro,Nacional,1961-06-10,0,1,F,V,1961,6
CA Fenix,CA Penarol,1961-06-10,2,5,F,V,1961,6
Danubio,Defensor Sporting,1961-06-10,0,1,F,V,1961,6
Liverpool,Racing Club,1961-06-10,1,1,F,E,1961,6
Rampla Juniors Futbol Club,Montevideo Wanderers,1961-06-10,2,1,F,L,1961,6
Danubio,CA Cerro,1961-06-17,0,0,F,E,1961,6
Defensor Sporting,Nacional,1961-06-17,2,0,F,L,1961,6
Liverpool,Rampla Juniors Futbol Club,1961-06-17,3,1,F,L,1961,6
Montevideo Wanderers,CA Fenix,1961-06-17,3,0,F,L,1961,6
Racing Club,CA Penarol,1961-06-17,1,3,F,V,1961,6
CA Cerro,Rampla Juniors Futbol Club,1961-06-24,1,1,F,E,1961,6
CA Fenix,Racing Club,1961-06-24,5,0,F,L,1961,6
Liverpool,Danubio,1961-06-24,3,1,F,L,1961,6
Montevideo Wanderers,Defensor Sporting,1961-06-24,3,3,F,E,1961,6
Nacional,CA Penarol,1961-06-24,2,3,F,V,1961,6
CA Cerro,Defensor Sporting,1961-08-05,0,2,F,V,1961,8
CA Fenix,Rampla Juniors Futbol Club,1961-08-05,3,1,F,L,1961,8
Liverpool,CA Penarol,1961-08-05,1,1,F,E,1961,8
Montevideo Wanderers,Nacional,1961-08-05,1,2,F,V,1961,8
Racing Club,Danubio,1961-08-05,2,2,F,E,1961,8
CA Fenix,Montevideo Wanderers,1961-08-12,4,0,F,L,1961,8
Montevideo Wanderers,CA Fenix,1961-08-19,2,3,F,V,1961,8
CA Cerro,Central Espanol,1962-03-03,1,1,F,E,1962,3
CA Fenix,Liverpool,1962-03-03,2,1,F,L,1962,3
CA Penarol,Racing Club,1962-03-03,2,0,F,L,1962,3
Nacional,Danubio,1962-03-03,3,1,F,L,1962,3
Rampla Juniors Futbol Club,Defensor Sporting,1962-03-03,2,1,F,L,1962,3
CA Cerro,Racing Club,1962-03-10,2,2,F,E,1962,3
CA Penarol,Liverpool,1962-03-10,6,2,F,L,1962,3
Defensor Sporting,Danubio,1962-03-10,4,2,F,L,1962,3
Nacional,CA Fenix,1962-03-10,3,1,F,L,1962,3
Rampla Juniors Futbol Club,Central Espanol,1962-03-10,2,0,F,L,1962,3
CA Fenix,Rampla Juniors Futbol Club,1962-03-17,2,1,F,L,1962,3
CA Penarol,Central Espanol,1962-03-17,2,0,F,L,1962,3
Defensor Sporting,Liverpool,1962-03-17,2,1,F,L,1962,3
Nacional,CA Cerro,1962-03-17,3,0,F,L,1962,3
Racing Club,Danubio,1962-03-17,2,1,F,L,1962,3
CA Cerro,Danubio,1962-03-24,1,0,F,L,1962,3
CA Penarol,Defensor Sporting,1962-03-24,2,2,F,E,1962,3
Liverpool,Central Espanol,1962-03-24,1,0,F,L,1962,3
Nacional,Rampla Juniors Futbol Club,1962-03-24,1,0,F,L,1962,3
Racing Club,CA Fenix,1962-03-24,3,3,F,E,1962,3
CA Fenix,Defensor Sporting,1962-03-31,2,1,F,L,1962,3
CA Penarol,CA Cerro,1962-03-31,4,0,F,L,1962,3
Liverpool,Danubio,1962-03-31,3,0,F,L,1962,3
Nacional,Central Espanol,1962-03-31,2,1,F,L,1962,3
Rampla Juniors Futbol Club,Racing Club,1962-03-31,2,2,F,E,1962,3
CA Cerro,Liverpool,1962-04-07,5,0,F,L,1962,4
CA Fenix,Danubio,1962-04-07,3,1,F,L,1962,4
CA Penarol,Rampla Juniors Futbol Club,1962-04-07,1,0,F,L,1962,4
Nacional,Defensor Sporting,1962-04-07,2,2,F,E,1962,4
Racing Club,Central Espanol,1962-04-07,2,0,F,L,1962,4
CA Cerro,CA Fenix,1962-04-14,4,1,F,L,1962,4
CA Penarol,Danubio,1962-04-14,3,0,F,L,1962,4
Defensor Sporting,Central Espanol,1962-04-14,2,0,F,L,1962,4
Liverpool,Rampla Juniors Futbol Club,1962-04-14,2,1,F,L,1962,4
Nacional,Racing Club,1962-04-14,4,1,F,L,1962,4
CA Cerro,Defensor Sporting,1962-04-21,2,0,F,L,1962,4
CA Fenix,Central Espanol,1962-04-21,3,2,F,L,1962,4
CA Penarol,Nacional,1962-04-21,4,1,F,L,1962,4
Danubio,Rampla Juniors Futbol Club,1962-04-21,3,2,F,L,1962,4
Liverpool,Racing Club,1962-04-21,1,1,F,E,1962,4
CA Fenix,CA Penarol,1962-04-28,2,1,F,L,1962,4
Central Espanol,Danubio,1962-04-28,2,1,F,L,1962,4
Liverpool,Nacional,1962-04-28,1,0,F,L,1962,4
Racing Club,Defensor Sporting,1962-04-28,2,2,F,E,1962,4
Rampla Juniors Futbol Club,CA Cerro,1962-04-28,2,0,F,L,1962,4
Central Espanol,CA Cerro,1962-05-05,2,0,F,L,1962,5
Danubio,Nacional,1962-05-05,0,3,F,V,1962,5
Defensor Sporting,Rampla Juniors Futbol Club,1962-05-05,0,1,F,V,1962,5
Liverpool,CA Fenix,1962-05-05,2,0,F,L,1962,5
Racing Club,CA Penarol,1962-05-05,0,2,F,V,1962,5
CA Fenix,Nacional,1962-05-12,2,4,F,V,1962,5
Central Espanol,Rampla Juniors Futbol Club,1962-05-12,0,1,F,V,1962,5
Danubio,Defensor Sporting,1962-05-12,1,0,F,L,1962,5
Liverpool,CA Penarol,1962-05-12,1,4,F,V,1962,5
Racing Club,CA Cerro,1962-05-12,2,4,F,V,1962,5
CA Cerro,Nacional,1962-05-19,1,3,F,V,1962,5
Central Espanol,CA Penarol,1962-05-19,0,1,F,V,1962,5
Danubio,Racing Club,1962-05-19,0,0,F,E,1962,5
Liverpool,Defensor Sporting,1962-05-19,0,3,F,V,1962,5
Rampla Juniors Futbol Club,CA Fenix,1962-05-19,0,0,F,E,1962,5
CA Fenix,Racing Club,1962-05-26,0,2,F,V,1962,5
Central Espanol,Liverpool,1962-05-26,3,2,F,L,1962,5
Danubio,CA Cerro,1962-05-26,1,2,F,V,1962,5
Defensor Sporting,CA Penarol,1962-05-26,0,1,F,V,1962,5
Rampla Juniors Futbol Club,Nacional,1962-05-26,1,3,F,V,1962,5
CA Cerro,CA Penarol,1962-06-02,0,4,F,V,1962,6
Central Espanol,Nacional,1962-06-02,1,4,F,V,1962,6
Danubio,Liverpool,1962-06-02,1,1,F,E,1962,6
Defensor Sporting,CA Fenix,1962-06-02,4,0,F,L,1962,6
Racing Club,Rampla Juniors Futbol Club,1962-06-02,4,2,F,L,1962,6
Central Espanol,Racing Club,1962-06-09,2,2,F,E,1962,6
Danubio,CA Fenix,1962-06-09,2,0,F,L,1962,6
Defensor Sporting,Nacional,1962-06-09,1,1,F,E,1962,6
Liverpool,CA Cerro,1962-06-09,1,1,F,E,1962,6
Rampla Juniors Futbol Club,CA Penarol,1962-06-09,0,9,F,V,1962,6
CA Fenix,CA Cerro,1962-06-16,1,0,F,L,1962,6
Central Espanol,Defensor Sporting,1962-06-16,2,2,F,E,1962,6
Danubio,CA Penarol,1962-06-16,0,2,F,V,1962,6
Racing Club,Nacional,1962-06-16,3,4,F,V,1962,6
Rampla Juniors Futbol Club,Liverpool,1962-06-16,5,2,F,L,1962,6
Central Espanol,CA Fenix,1962-06-23,1,2,F,V,1962,6
Defensor Sporting,CA Cerro,1962-06-23,1,1,F,E,1962,6
Nacional,CA Penarol,1962-06-23,0,2,F,V,1962,6
Racing Club,Liverpool,1962-06-23,1,1,F,E,1962,6
Rampla Juniors Futbol Club,Danubio,1962-06-23,1,2,F,V,1962,6
CA Cerro,Rampla Juniors Futbol Club,1962-06-30,1,1,F,E,1962,6
CA Penarol,CA Fenix,1962-06-30,4,1,F,L,1962,6
Central Espanol,Nacional,1962-06-30,2,2,F,E,1962,6
Defensor Sporting,Racing Club,1962-06-30,1,1,F,E,1962,6
Liverpool,Danubio,1962-06-30,1,2,F,V,1962,6
CA Penarol,River Plate,1963-03-02,2,1,F,L,1963,3
Danubio,Club Social Y Deportivo Huracan Buceo,1963-03-02,1,0,F,L,1963,3
Liverpool,CA Cerro,1963-03-02,2,1,F,L,1963,3
Montevideo Wanderers,Bella Vista,1963-03-02,1,0,F,L,1963,3
Nacional,Central Espanol,1963-03-02,3,1,F,L,1963,3
Rentistas,Defensor Sporting,1963-03-02,2,0,F,L,1963,3
CA Cerro,Nacional,1963-03-09,1,0,F,L,1963,3
CA Penarol,Club Social Y Deportivo Huracan Buceo,1963-03-09,3,1,F,L,1963,3
Liverpool,Central Espanol,1963-03-09,5,1,F,L,1963,3
Montevideo Wanderers,Defensor Sporting,1963-03-09,1,1,F,E,1963,3
Rentistas,Bella Vista,1963-03-09,1,0,F,L,1963,3
River Plate,Danubio,1963-03-09,0,0,F,E,1963,3
CA Penarol,Defensor Sporting,1963-03-16,3,2,F,L,1963,3
Danubio,Liverpool,1963-03-16,1,1,F,E,1963,3
Montevideo Wanderers,CA Cerro,1963-03-16,0,0,F,E,1963,3
Nacional,Bella Vista,1963-03-16,3,1,F,L,1963,3
Rentistas,Club Social Y Deportivo Huracan Buceo,1963-03-16,2,1,F,L,1963,3
River Plate,Central Espanol,1963-03-16,1,0,F,L,1963,3
CA Cerro,Bella Vista,1963-03-23,2,1,F,L,1963,3
CA Penarol,Montevideo Wanderers,1963-03-23,2,1,F,L,1963,3
Central Espanol,Danubio,1963-03-23,1,0,F,L,1963,3
Defensor Sporting,Club Social Y Deportivo Huracan Buceo,1963-03-23,0,0,F,E,1963,3
Nacional,Rentistas,1963-03-23,1,1,F,E,1963,3
River Plate,Liverpool,1963-03-23,0,0,F,E,1963,3
Bella Vista,Club Social Y Deportivo Huracan Buceo,1963-03-30,0,0,F,E,1963,3
CA Cerro,Defensor Sporting,1963-03-30,3,1,F,L,1963,3
CA Penarol,Danubio,1963-03-30,1,0,F,L,1963,3
Liverpool,Nacional,1963-03-30,2,0,F,L,1963,3
Rentistas,Central Espanol,1963-03-30,0,0,F,E,1963,3
River Plate,Montevideo Wanderers,1963-03-30,0,0,F,E,1963,3
CA Penarol,Central Espanol,1963-04-06,1,1,F,E,1963,4
Club Social Y Deportivo Huracan Buceo,CA Cerro,1963-04-06,2,2,F,E,1963,4
Defensor Sporting,Bella Vista,1963-04-06,2,1,F,L,1963,4
Montevideo Wanderers,Danubio,1963-04-06,0,0,F,E,1963,4
Nacional,River Plate,1963-04-06,3,2,F,L,1963,4
Rentistas,Liverpool,1963-04-06,1,0,F,L,1963,4
Bella Vista,Liverpool,1963-04-13,1,0,F,L,1963,4
CA Cerro,CA Penarol,1963-04-13,2,2,F,E,1963,4
Club Social Y Deportivo Huracan Buceo,Nacional,1963-04-13,2,2,F,E,1963,4
Danubio,Defensor Sporting,1963-04-13,4,1,F,L,1963,4
Montevideo Wanderers,Central Espanol,1963-04-13,1,0,F,L,1963,4
Rentistas,River Plate,1963-04-13,0,0,F,E,1963,4
CA Penarol,Bella Vista,1963-04-20,5,0,F,L,1963,4
Central Espanol,CA Cerro,1963-04-20,2,0,F,L,1963,4
Danubio,Rentistas,1963-04-20,2,0,F,L,1963,4
Liverpool,Montevideo Wanderers,1963-04-20,1,0,F,L,1963,4
Nacional,Defensor Sporting,1963-04-20,1,1,F,E,1963,4
River Plate,Club Social Y Deportivo Huracan Buceo,1963-04-20,1,0,F,L,1963,4
CA Penarol,Nacional,1963-04-27,1,1,F,E,1963,4
Central Espanol,Bella Vista,1963-04-27,2,1,F,L,1963,4
Danubio,CA Cerro,1963-04-27,3,1,F,L,1963,4
Defensor Sporting,River Plate,1963-04-27,1,0,F,L,1963,4
Liverpool,Club Social Y Deportivo Huracan Buceo,1963-04-27,3,0,F,L,1963,4
Montevideo Wanderers,Rentistas,1963-04-27,0,0,F,E,1963,4
CA Penarol,Liverpool,1963-05-04,0,0,F,E,1963,5
Central Espanol,Defensor Sporting,1963-05-04,1,0,F,L,1963,5
Club Social Y Deportivo Huracan Buceo,Montevideo Wanderers,1963-05-04,0,0,F,E,1963,5
Nacional,Danubio,1963-05-04,2,0,F,L,1963,5
Rentistas,CA Cerro,1963-05-04,0,0,F,E,1963,5
River Plate,Bella Vista,1963-05-04,1,1,F,E,1963,5
CA Penarol,Rentistas,1963-05-11,1,0,F,L,1963,5
Club Social Y Deportivo Huracan Buceo,Central Espanol,1963-05-11,2,0,F,L,1963,5
Danubio,Bella Vista,1963-05-11,2,1,F,L,1963,5
Liverpool,Defensor Sporting,1963-05-11,1,1,F,E,1963,5
Nacional,Montevideo Wanderers,1963-05-11,1,0,F,L,1963,5
River Plate,CA Cerro,1963-05-11,0,0,F,E,1963,5
Bella Vista,Montevideo Wanderers,1963-05-18,0,1,F,V,1963,5
CA Cerro,Liverpool,1963-05-18,2,1,F,L,1963,5
Central Espanol,Nacional,1963-05-18,0,2,F,V,1963,5
Club Social Y Deportivo Huracan Buceo,Danubio,1963-05-18,0,0,F,E,1963,5
Defensor Sporting,Rentistas,1963-05-18,2,1,F,L,1963,5
River Plate,CA Penarol,1963-05-18,0,3,F,V,1963,5
Bella Vista,Rentistas,1963-05-25,0,2,F,V,1963,5
Central Espanol,Liverpool,1963-05-25,0,2,F,V,1963,5
Club Social Y Deportivo Huracan Buceo,CA Penarol,1963-05-25,0,1,F,V,1963,5
Danubio,River Plate,1963-05-25,0,0,F,E,1963,5
Defensor Sporting,Montevideo Wanderers,1963-05-25,1,1,F,E,1963,5
Nacional,CA Cerro,1963-05-25,1,1,F,E,1963,5
Bella Vista,Nacional,1963-06-01,0,1,F,V,1963,6
CA Cerro,Montevideo Wanderers,1963-06-01,1,0,F,L,1963,6
Central Espanol,River Plate,1963-06-01,0,2,F,V,1963,6
Club Social Y Deportivo Huracan Buceo,Rentistas,1963-06-01,0,1,F,V,1963,6
Defensor Sporting,CA Penarol,1963-06-01,1,3,F,V,1963,6
Liverpool,Danubio,1963-06-01,0,3,F,V,1963,6
Bella Vista,CA Cerro,1963-06-08,0,2,F,V,1963,6
Club Social Y Deportivo Huracan Buceo,Defensor Sporting,1963-06-08,1,3,F,V,1963,6
Danubio,Central Espanol,1963-06-08,1,0,F,L,1963,6
Liverpool,River Plate,1963-06-08,1,1,F,E,1963,6
Montevideo Wanderers,CA Penarol,1963-06-08,1,1,F,E,1963,6
Rentistas,Nacional,1963-06-08,1,1,F,E,1963,6
Central Espanol,Rentistas,1963-06-15,4,3,F,L,1963,6
Club Social Y Deportivo Huracan Buceo,Bella Vista,1963-06-15,2,2,F,E,1963,6
Danubio,CA Penarol,1963-06-15,1,0,F,L,1963,6
Defensor Sporting,CA Cerro,1963-06-15,3,1,F,L,1963,6
Montevideo Wanderers,River Plate,1963-06-15,1,1,F,E,1963,6
Nacional,Liverpool,1963-06-15,1,0,F,L,1963,6
Bella Vista,Defensor Sporting,1963-06-22,0,2,F,V,1963,6
CA Cerro,Club Social Y Deportivo Huracan Buceo,1963-06-22,0,0,F,E,1963,6
Central Espanol,CA Penarol,1963-06-22,1,2,F,V,1963,6
Danubio,Montevideo Wanderers,1963-06-22,1,1,F,E,1963,6
Liverpool,Rentistas,1963-06-22,1,1,F,E,1963,6
River Plate,Nacional,1963-06-22,1,1,F,E,1963,6
CA Penarol,CA Cerro,1963-06-29,2,0,F,L,1963,6
Central Espanol,Montevideo Wanderers,1963-06-29,1,4,F,V,1963,6
Defensor Sporting,Danubio,1963-06-29,3,0,F,L,1963,6
Liverpool,Bella Vista,1963-06-29,3,0,F,L,1963,6
Nacional,Club Social Y Deportivo Huracan Buceo,1963-06-29,1,1,F,E,1963,6
River Plate,Rentistas,1963-06-29,0,1,F,V,1963,6
Bella Vista,CA Penarol,1963-08-03,1,2,F,V,1963,8
CA Cerro,Central Espanol,1963-08-03,3,1,F,L,1963,8
Club Social Y Deportivo Huracan Buceo,River Plate,1963-08-03,3,3,F,E,1963,8
Defensor Sporting,Nacional,1963-08-03,1,2,F,V,1963,8
Montevideo Wanderers,Liverpool,1963-08-03,1,1,F,E,1963,8
Rentistas,Danubio,1963-08-03,2,2,F,E,1963,8
Bella Vista,Central Espanol,1963-08-10,0,1,F,V,1963,8
CA Cerro,Danubio,1963-08-10,0,1,F,V,1963,8
Club Social Y Deportivo Huracan Buceo,Liverpool,1963-08-10,1,2,F,V,1963,8
Nacional,CA Penarol,1963-08-10,1,1,F,E,1963,8
Rentistas,Montevideo Wanderers,1963-08-10,1,1,F,E,1963,8
River Plate,Defensor Sporting,1963-08-10,1,3,F,V,1963,8
Bella Vista,River Plate,1963-08-17,0,1,F,V,1963,8
CA Cerro,Rentistas,1963-08-17,2,1,F,L,1963,8
Danubio,Nacional,1963-08-17,1,1,F,E,1963,8
Defensor Sporting,Central Espanol,1963-08-17,1,0,F,L,1963,8
Liverpool,CA Penarol,1963-08-17,1,2,F,V,1963,8
Montevideo Wanderers,Club Social Y Deportivo Huracan Buceo,1963-08-17,1,2,F,V,1963,8
Bella Vista,Danubio,1963-08-24,0,3,F,V,1963,8
CA Cerro,River Plate,1963-08-24,0,1,F,V,1963,8
Central Espanol,Club Social Y Deportivo Huracan Buceo,1963-08-24,1,4,F,V,1963,8
Defensor Sporting,Liverpool,1963-08-24,3,1,F,L,1963,8
Montevideo Wanderers,Nacional,1963-08-24,0,0,F,E,1963,8
Rentistas,CA Penarol,1963-08-24,0,0,F,E,1963,8
CA Penarol,CA Cerro,1964-03-07,1,0,F,L,1964,3
Defensor Sporting,CA Fenix,1964-03-07,1,0,F,L,1964,3
Institucion Atletica Sud America,Racing Club,1964-03-07,1,1,F,E,1964,3
Nacional,Danubio,1964-03-07,2,1,F,L,1964,3
Rampla Juniors Futbol Club,Montevideo Wanderers,1964-03-07,2,1,F,L,1964,3
CA Penarol,Institucion Atletica Sud America,1964-03-14,2,0,F,L,1964,3
Danubio,CA Fenix,1964-03-14,2,0,F,L,1964,3
Montevideo Wanderers,Defensor Sporting,1964-03-14,1,0,F,L,1964,3
Nacional,Racing Club,1964-03-14,3,0,F,L,1964,3
Rampla Juniors Futbol Club,CA Cerro,1964-03-14,1,1,F,E,1964,3
CA Cerro,Danubio,1964-03-21,4,2,F,L,1964,3
CA Penarol,Montevideo Wanderers,1964-03-21,2,1,F,L,1964,3
Defensor Sporting,Racing Club,1964-03-21,2,1,F,L,1964,3
Institucion Atletica Sud America,CA Fenix,1964-03-21,0,0,F,E,1964,3
Nacional,Rampla Juniors Futbol Club,1964-03-21,1,0,F,L,1964,3
CA Cerro,Racing Club,1964-03-28,1,0,F,L,1964,3
CA Penarol,CA Fenix,1964-03-28,5,0,F,L,1964,3
Danubio,Rampla Juniors Futbol Club,1964-03-28,2,2,F,E,1964,3
Montevideo Wanderers,Institucion Atletica Sud America,1964-03-28,3,3,F,E,1964,3
Nacional,Defensor Sporting,1964-03-28,3,2,F,L,1964,3
CA Cerro,Defensor Sporting,1964-04-04,0,0,F,E,1964,4
CA Fenix,Racing Club,1964-04-04,3,1,F,L,1964,4
CA Penarol,Rampla Juniors Futbol Club,1964-04-04,4,2,F,L,1964,4
Institucion Atletica Sud America,Danubio,1964-04-04,3,1,F,L,1964,4
Nacional,Montevideo Wanderers,1964-04-04,0,0,F,E,1964,4
CA Penarol,Defensor Sporting,1964-04-11,2,1,F,L,1964,4
Montevideo Wanderers,CA Cerro,1964-04-11,3,1,F,L,1964,4
Nacional,CA Fenix,1964-04-11,3,0,F,L,1964,4
Racing Club,Danubio,1964-04-11,2,2,F,E,1964,4
Rampla Juniors Futbol Club,Institucion Atletica Sud America,1964-04-11,3,1,F,L,1964,4
CA Penarol,Danubio,1964-04-18,6,2,F,L,1964,4
Institucion Atletica Sud America,Defensor Sporting,1964-04-18,3,2,F,L,1964,4
Montevideo Wanderers,CA Fenix,1964-04-18,0,0,F,E,1964,4
Nacional,CA Cerro,1964-04-18,1,0,F,L,1964,4
Rampla Juniors Futbol Club,Racing Club,1964-04-18,3,0,F,L,1964,4
CA Cerro,Institucion Atletica Sud America,1964-04-25,2,0,F,L,1964,4
CA Penarol,Nacional,1964-04-25,2,1,F,L,1964,4
Danubio,Defensor Sporting,1964-04-25,1,0,F,L,1964,4
Montevideo Wanderers,Racing Club,1964-04-25,1,0,F,L,1964,4
Rampla Juniors Futbol Club,CA Fenix,1964-04-25,3,2,F,L,1964,4
CA Cerro,CA Fenix,1964-05-02,3,0,F,L,1964,5
CA Penarol,Racing Club,1964-05-02,0,0,F,E,1964,5
Danubio,Montevideo Wanderers,1964-05-02,1,1,F,E,1964,5
Institucion Atletica Sud America,Nacional,1964-05-02,1,0,F,L,1964,5
Rampla Juniors Futbol Club,Defensor Sporting,1964-05-02,0,0,F,E,1964,5
CA Cerro,CA Penarol,1964-05-09,0,2,F,V,1964,5
CA Fenix,Defensor Sporting,1964-05-09,1,1,F,E,1964,5
Danubio,Nacional,1964-05-09,2,2,F,E,1964,5
Montevideo Wanderers,Rampla Juniors Futbol Club,1964-05-09,4,3,F,L,1964,5
Racing Club,Institucion Atletica Sud America,1964-05-09,0,1,F,V,1964,5
CA Cerro,Rampla Juniors Futbol Club,1964-05-16,2,2,F,E,1964,5
CA Fenix,Danubio,1964-05-16,1,2,F,V,1964,5
Defensor Sporting,Montevideo Wanderers,1964-05-16,1,1,F,E,1964,5
Institucion Atletica Sud America,CA Penarol,1964-05-16,0,1,F,V,1964,5
Racing Club,Nacional,1964-05-16,2,2,F,E,1964,5
CA Fenix,Institucion Atletica Sud America,1964-05-23,2,4,F,V,1964,5
Danubio,CA Cerro,1964-05-23,1,3,F,V,1964,5
Montevideo Wanderers,CA Penarol,1964-05-23,1,1,F,E,1964,5
Racing Club,Defensor Sporting,1964-05-23,0,1,F,V,1964,5
Rampla Juniors Futbol Club,Nacional,1964-05-23,1,0,F,L,1964,5
CA Fenix,CA Penarol,1964-05-30,0,1,F,V,1964,5
Defensor Sporting,Nacional,1964-05-30,0,2,F,V,1964,5
Institucion Atletica Sud America,Montevideo Wanderers,1964-05-30,3,1,F,L,1964,5
Racing Club,CA Cerro,1964-05-30,1,2,F,V,1964,5
Rampla Juniors Futbol Club,Danubio,1964-05-30,4,1,F,L,1964,5
Danubio,Institucion Atletica Sud America,1964-06-06,2,0,F,L,1964,6
Defensor Sporting,CA Cerro,1964-06-06,1,1,F,E,1964,6
Montevideo Wanderers,Nacional,1964-06-06,1,0,F,L,1964,6
Racing Club,CA Fenix,1964-06-06,2,1,F,L,1964,6
Rampla Juniors Futbol Club,CA Penarol,1964-06-06,1,2,F,V,1964,6
CA Cerro,Montevideo Wanderers,1964-06-13,1,0,F,L,1964,6
CA Fenix,Nacional,1964-06-13,4,3,F,L,1964,6
Danubio,Racing Club,1964-06-13,2,3,F,V,1964,6
Defensor Sporting,CA Penarol,1964-06-13,1,3,F,V,1964,6
Institucion Atletica Sud America,Rampla Juniors Futbol Club,1964-06-13,0,3,F,V,1964,6
CA Cerro,Nacional,1964-06-20,0,3,F,V,1964,6
CA Fenix,Montevideo Wanderers,1964-06-20,3,3,F,E,1964,6
Danubio,CA Penarol,1964-06-20,0,4,F,V,1964,6
Defensor Sporting,Institucion Atletica Sud America,1964-06-20,0,2,F,V,1964,6
Racing Club,Rampla Juniors Futbol Club,1964-06-20,1,0,F,L,1964,6
CA Fenix,Rampla Juniors Futbol Club,1964-06-27,0,1,F,V,1964,6
Defensor Sporting,Danubio,1964-06-27,1,1,F,E,1964,6
Institucion Atletica Sud America,CA Cerro,1964-06-27,1,1,F,E,1964,6
Nacional,CA Penarol,1964-06-27,0,2,F,V,1964,6
Racing Club,Montevideo Wanderers,1964-06-27,1,3,F,V,1964,6
CA Fenix,CA Cerro,1964-08-01,1,0,F,L,1964,8
Defensor Sporting,Rampla Juniors Futbol Club,1964-08-01,2,4,F,V,1964,8
Montevideo Wanderers,Danubio,1964-08-01,1,0,F,L,1964,8
Nacional,Institucion Atletica Sud America,1964-08-01,3,2,F,L,1964,8
Racing Club,CA Penarol,1964-08-01,1,2,F,V,1964,8
CA Fenix,Danubio,1965-03-06,3,0,F,L,1965,3
CA Penarol,Rampla Juniors Futbol Club,1965-03-06,1,0,F,L,1965,3
Colon FC,Institucion Atletica Sud America,1965-03-06,1,0,F,L,1965,3
Nacional,CA Cerro,1965-03-06,2,1,F,L,1965,3
Racing Club,Montevideo Wanderers,1965-03-06,2,0,F,L,1965,3
CA Cerro,Racing Club,1965-03-13,4,0,F,L,1965,3
CA Fenix,Nacional,1965-03-13,1,1,F,E,1965,3
CA Penarol,Danubio,1965-03-13,2,1,F,L,1965,3
Montevideo Wanderers,Colon FC,1965-03-13,2,1,F,L,1965,3
Rampla Juniors Futbol Club,Institucion Atletica Sud America,1965-03-13,3,2,F,L,1965,3
CA Cerro,Rampla Juniors Futbol Club,1965-03-20,2,2,F,E,1965,3
CA Penarol,Racing Club,1965-03-20,4,1,F,L,1965,3
Colon FC,Danubio,1965-03-20,3,0,F,L,1965,3
Institucion Atletica Sud America,CA Fenix,1965-03-20,2,1,F,L,1965,3
Nacional,Montevideo Wanderers,1965-03-20,1,0,F,L,1965,3
CA Fenix,Montevideo Wanderers,1965-03-27,3,0,F,L,1965,3
CA Penarol,Colon FC,1965-03-27,5,1,F,L,1965,3
Danubio,CA Cerro,1965-03-27,0,0,F,E,1965,3
Institucion Atletica Sud America,Nacional,1965-03-27,2,0,F,L,1965,3
Racing Club,Rampla Juniors Futbol Club,1965-03-27,2,2,F,E,1965,3
CA Cerro,Colon FC,1965-04-03,2,1,F,L,1965,4
CA Penarol,Montevideo Wanderers,1965-04-03,3,0,F,L,1965,4
Danubio,Institucion Atletica Sud America,1965-04-03,4,1,F,L,1965,4
Nacional,Racing Club,1965-04-03,2,1,F,L,1965,4
Rampla Juniors Futbol Club,CA Fenix,1965-04-03,2,0,F,L,1965,4
CA Cerro,Montevideo Wanderers,1965-04-10,3,2,F,L,1965,4
CA Penarol,Institucion Atletica Sud America,1965-04-10,4,2,F,L,1965,4
Danubio,Rampla Juniors Futbol Club,1965-04-10,1,1,F,E,1965,4
Nacional,Colon FC,1965-04-10,1,0,F,L,1965,4
Racing Club,CA Fenix,1965-04-10,2,1,F,L,1965,4
CA Penarol,CA Cerro,1965-04-17,1,0,F,L,1965,4
Colon FC,CA Fenix,1965-04-17,0,0,F,E,1965,4
Institucion Atletica Sud America,Montevideo Wanderers,1965-04-17,2,1,F,L,1965,4
Nacional,Rampla Juniors Futbol Club,1965-04-17,4,1,F,L,1965,4
Racing Club,Danubio,1965-04-17,1,1,F,E,1965,4
CA Cerro,CA Fenix,1965-04-24,1,0,F,L,1965,4
CA Penarol,Nacional,1965-04-24,1,1,F,E,1965,4
Danubio,Montevideo Wanderers,1965-04-24,3,0,F,L,1965,4
Racing Club,Institucion Atletica Sud America,1965-04-24,2,0,F,L,1965,4
Rampla Juniors Futbol Club,Colon FC,1965-04-24,1,1,F,E,1965,4
CA Cerro,Institucion Atletica Sud America,1965-05-01,2,0,F,L,1965,5
CA Penarol,CA Fenix,1965-05-01,2,1,F,L,1965,5
Nacional,Danubio,1965-05-01,3,0,F,L,1965,5
Racing Club,Colon FC,1965-05-01,2,0,F,L,1965,5
Rampla Juniors Futbol Club,Montevideo Wanderers,1965-05-01,3,1,F,L,1965,5
CA Fenix,Danubio,1965-05-08,1,0,F,L,1965,5
CA Penarol,Rampla Juniors Futbol Club,1965-05-08,1,0,F,L,1965,5
Institucion Atletica Sud America,Colon FC,1965-05-08,3,0,F,L,1965,5
Nacional,CA Cerro,1965-05-08,1,1,F,E,1965,5
Racing Club,Montevideo Wanderers,1965-05-08,2,0,F,L,1965,5
CA Cerro,Racing Club,1965-05-15,2,1,F,L,1965,5
CA Penarol,Danubio,1965-05-15,4,2,F,L,1965,5
Montevideo Wanderers,Colon FC,1965-05-15,1,1,F,E,1965,5
Nacional,CA Fenix,1965-05-15,4,1,F,L,1965,5
Rampla Juniors Futbol Club,Institucion Atletica Sud America,1965-05-15,1,1,F,E,1965,5
CA Cerro,Rampla Juniors Futbol Club,1965-05-22,1,0,F,L,1965,5
CA Fenix,Institucion Atletica Sud America,1965-05-22,1,0,F,L,1965,5
CA Penarol,Racing Club,1965-05-22,1,0,F,L,1965,5
Danubio,Colon FC,1965-05-22,4,1,F,L,1965,5
Nacional,Montevideo Wanderers,1965-05-22,2,1,F,L,1965,5
CA Cerro,Danubio,1965-05-29,2,1,F,L,1965,5
CA Fenix,Montevideo Wanderers,1965-05-29,2,2,F,E,1965,5
CA Penarol,Colon FC,1965-05-29,3,1,F,L,1965,5
Nacional,Institucion Atletica Sud America,1965-05-29,2,0,F,L,1965,5
Racing Club,Rampla Juniors Futbol Club,1965-05-29,1,1,F,E,1965,5
CA Cerro,Colon FC,1965-06-05,4,2,F,L,1965,6
CA Fenix,Rampla Juniors Futbol Club,1965-06-05,1,0,F,L,1965,6
CA Penarol,Montevideo Wanderers,1965-06-05,3,1,F,L,1965,6
Danubio,Institucion Atletica Sud America,1965-06-05,2,2,F,E,1965,6
Nacional,Racing Club,1965-06-05,4,1,F,L,1965,6
CA Cerro,Montevideo Wanderers,1965-06-12,2,1,F,L,1965,6
CA Penarol,Institucion Atletica Sud America,1965-06-12,4,2,F,L,1965,6
Danubio,Rampla Juniors Futbol Club,1965-06-12,1,1,F,E,1965,6
Nacional,Colon FC,1965-06-12,4,0,F,L,1965,6
Racing Club,CA Fenix,1965-06-12,3,1,F,L,1965,6
CA Fenix,Colon FC,1965-06-19,4,0,F,L,1965,6
CA Penarol,CA Cerro,1965-06-19,3,2,F,L,1965,6
Danubio,Racing Club,1965-06-19,3,1,F,L,1965,6
Institucion Atletica Sud America,Montevideo Wanderers,1965-06-19,1,1,F,E,1965,6
Rampla Juniors Futbol Club,Nacional,1965-06-19,1,0,F,L,1965,6
CA Cerro,CA Fenix,1965-06-26,0,0,F,E,1965,6
CA Penarol,Nacional,1965-06-26,1,1,F,E,1965,6
Danubio,Montevideo Wanderers,1965-06-26,2,1,F,L,1965,6
Racing Club,Institucion Atletica Sud America,1965-06-26,3,2,F,L,1965,6
Rampla Juniors Futbol Club,Colon FC,1965-06-26,2,0,F,L,1965,6
CA Cerro,Institucion Atletica Sud America,1965-08-07,2,1,F,L,1965,8
CA Fenix,CA Penarol,1965-08-07,1,0,F,L,1965,8
Danubio,Nacional,1965-08-07,1,0,F,L,1965,8
Montevideo Wanderers,Rampla Juniors Futbol Club,1965-08-07,2,0,F,L,1965,8
Racing Club,Colon FC,1965-08-07,2,1,F,L,1965,8
CA Cerro,CA Fenix,1966-03-05,3,1,F,L,1966,3
CA Penarol,Defensor Sporting,1966-03-05,2,0,F,L,1966,3
Institucion Atletica Sud America,Racing Club,1966-03-05,2,1,F,L,1966,3
Montevideo Wanderers,Rampla Juniors Futbol Club,1966-03-05,2,1,F,L,1966,3
Nacional,Danubio,1966-03-05,1,0,F,L,1966,3
Danubio,CA Cerro,1966-03-12,1,1,F,E,1966,3
Montevideo Wanderers,Defensor Sporting,1966-03-12,2,0,F,L,1966,3
Nacional,Institucion Atletica Sud America,1966-03-12,0,0,F,E,1966,3
Racing Club,CA Penarol,1966-03-12,2,1,F,L,1966,3
Rampla Juniors Futbol Club,CA Fenix,1966-03-12,2,1,F,L,1966,3
CA Cerro,CA Penarol,1966-03-19,1,0,F,L,1966,3
Danubio,Defensor Sporting,1966-03-19,2,0,F,L,1966,3
Montevideo Wanderers,Institucion Atletica Sud America,1966-03-19,1,1,F,E,1966,3
Nacional,CA Fenix,1966-03-19,4,0,F,L,1966,3
Rampla Juniors Futbol Club,Racing Club,1966-03-19,2,1,F,L,1966,3
CA Cerro,Defensor Sporting,1966-03-26,2,1,F,L,1966,3
CA Fenix,Institucion Atletica Sud America,1966-03-26,2,0,F,L,1966,3
CA Penarol,Rampla Juniors Futbol Club,1966-03-26,1,1,F,E,1966,3
Danubio,Racing Club,1966-03-26,2,1,F,L,1966,3
Nacional,Montevideo Wanderers,1966-03-26,1,1,F,E,1966,3
CA Fenix,CA Penarol,1966-04-02,0,0,F,E,1966,4
Defensor Sporting,Institucion Atletica Sud America,1966-04-02,1,1,F,E,1966,4
Montevideo Wanderers,Racing Club,1966-04-02,3,1,F,L,1966,4
Nacional,CA Cerro,1966-04-02,2,1,F,L,1966,4
Rampla Juniors Futbol Club,Danubio,1966-04-02,0,0,F,E,1966,4
CA Penarol,Montevideo Wanderers,1966-04-09,3,0,F,L,1966,4
Danubio,CA Fenix,1966-04-09,1,0,F,L,1966,4
Defensor Sporting,Racing Club,1966-04-09,1,1,F,E,1966,4
Institucion Atletica Sud America,CA Cerro,1966-04-09,0,0,F,E,1966,4
Nacional,Rampla Juniors Futbol Club,1966-04-09,2,0,F,L,1966,4
CA Fenix,Montevideo Wanderers,1966-04-16,2,1,F,L,1966,4
CA Penarol,Danubio,1966-04-16,1,0,F,L,1966,4
Nacional,Defensor Sporting,1966-04-16,2,0,F,L,1966,4
Racing Club,CA Cerro,1966-04-16,1,0,F,L,1966,4
Rampla Juniors Futbol Club,Institucion Atletica Sud America,1966-04-16,3,1,F,L,1966,4
CA Fenix,Racing Club,1966-04-23,1,1,F,E,1966,4
Danubio,Institucion Atletica Sud America,1966-04-23,2,0,F,L,1966,4
Montevideo Wanderers,CA Cerro,1966-04-23,2,1,F,L,1966,4
Nacional,CA Penarol,1966-04-23,0,0,F,E,1966,4
Rampla Juniors Futbol Club,Defensor Sporting,1966-04-23,2,1,F,L,1966,4
CA Cerro,Rampla Juniors Futbol Club,1966-04-30,0,0,F,E,1966,4
CA Fenix,Defensor Sporting,1966-04-30,3,2,F,L,1966,4
CA Penarol,Institucion Atletica Sud America,1966-04-30,3,0,F,L,1966,4
Danubio,Montevideo Wanderers,1966-04-30,3,1,F,L,1966,4
Nacional,Racing Club,1966-04-30,3,0,F,L,1966,4
CA Fenix,CA Cerro,1966-05-07,0,1,F,V,1966,5
Danubio,Nacional,1966-05-07,1,0,F,L,1966,5
Defensor Sporting,CA Penarol,1966-05-07,0,3,F,V,1966,5
Racing Club,Institucion Atletica Sud America,1966-05-07,1,3,F,V,1966,5
Rampla Juniors Futbol Club,Montevideo Wanderers,1966-05-07,1,0,F,L,1966,5
CA Cerro,Danubio,1966-05-14,1,1,F,E,1966,5
CA Fenix,Rampla Juniors Futbol Club,1966-05-14,1,2,F,V,1966,5
CA Penarol,Racing Club,1966-05-14,4,3,F,L,1966,5
Defensor Sporting,Montevideo Wanderers,1966-05-14,1,0,F,L,1966,5
Institucion Atletica Sud America,Nacional,1966-05-14,1,1,F,E,1966,5
CA Fenix,Nacional,1966-05-21,0,3,F,V,1966,5
CA Penarol,CA Cerro,1966-05-21,1,1,F,E,1966,5
Defensor Sporting,Danubio,1966-05-21,1,0,F,L,1966,5
Institucion Atletica Sud America,Montevideo Wanderers,1966-05-21,1,0,F,L,1966,5
Racing Club,Rampla Juniors Futbol Club,1966-05-21,0,3,F,V,1966,5
Defensor Sporting,CA Cerro,1966-05-28,0,4,F,V,1966,5
Institucion Atletica Sud America,CA Fenix,1966-05-28,2,1,F,L,1966,5
Montevideo Wanderers,Nacional,1966-05-28,0,4,F,V,1966,5
Racing Club,Danubio,1966-05-28,1,6,F,V,1966,5
Rampla Juniors Futbol Club,CA Penarol,1966-05-28,0,1,F,V,1966,5
CA Cerro,Nacional,1966-06-04,0,1,F,V,1966,6
CA Penarol,CA Fenix,1966-06-04,3,0,F,L,1966,6
Danubio,Rampla Juniors Futbol Club,1966-06-04,0,3,F,V,1966,6
Institucion Atletica Sud America,Defensor Sporting,1966-06-04,0,0,F,E,1966,6
Racing Club,Montevideo Wanderers,1966-06-04,4,1,F,L,1966,6
CA Cerro,Institucion Atletica Sud America,1966-06-11,4,0,F,L,1966,6
CA Fenix,Danubio,1966-06-11,1,1,F,E,1966,6
Montevideo Wanderers,CA Penarol,1966-06-11,1,2,F,V,1966,6
Racing Club,Defensor Sporting,1966-06-11,0,1,F,V,1966,6
Rampla Juniors Futbol Club,Nacional,1966-06-11,0,1,F,V,1966,6
CA Cerro,Racing Club,1966-06-18,6,2,F,L,1966,6
Danubio,CA Penarol,1966-06-18,1,1,F,E,1966,6
Defensor Sporting,Nacional,1966-06-18,0,0,F,E,1966,6
Institucion Atletica Sud America,Rampla Juniors Futbol Club,1966-06-18,2,4,F,V,1966,6
Montevideo Wanderers,CA Fenix,1966-06-18,2,1,F,L,1966,6
CA Cerro,Montevideo Wanderers,1966-06-25,1,0,F,L,1966,6
CA Penarol,Nacional,1966-06-25,1,1,F,E,1966,6
Defensor Sporting,Rampla Juniors Futbol Club,1966-06-25,0,0,F,E,1966,6
Institucion Atletica Sud America,Danubio,1966-06-25,1,2,F,V,1966,6
Racing Club,CA Fenix,1966-06-25,2,1,F,L,1966,6
Defensor Sporting,CA Fenix,1966-08-06,0,0,F,E,1966,8
Institucion Atletica Sud America,CA Penarol,1966-08-06,0,4,F,V,1966,8
Montevideo Wanderers,Danubio,1966-08-06,1,1,F,E,1966,8
Racing Club,Nacional,1966-08-06,1,2,F,V,1966,8
Rampla Juniors Futbol Club,CA Cerro,1966-08-06,2,4,F,V,1966,8
CA Cerro,Rampla Juniors Futbol Club,1967-03-04,1,0,F,L,1967,3
CA Penarol,Defensor Sporting,1967-03-04,1,0,F,L,1967,3
Danubio,Institucion Atletica Sud America,1967-03-04,2,0,F,L,1967,3
Nacional,Liverpool,1967-03-04,3,1,F,L,1967,3
Racing Club,CA Fenix,1967-03-04,0,0,F,E,1967,3
CA Cerro,Institucion Atletica Sud America,1967-03-11,2,1,F,L,1967,3
CA Penarol,Racing Club,1967-03-11,7,1,F,L,1967,3
Defensor Sporting,Danubio,1967-03-11,1,0,F,L,1967,3
Nacional,CA Fenix,1967-03-11,1,1,F,E,1967,3
Rampla Juniors Futbol Club,Liverpool,1967-03-11,1,0,F,L,1967,3
CA Cerro,CA Fenix,1967-03-18,2,1,F,L,1967,3
CA Penarol,Institucion Atletica Sud America,1967-03-18,4,0,F,L,1967,3
Defensor Sporting,Liverpool,1967-03-18,2,1,F,L,1967,3
Nacional,Danubio,1967-03-18,2,1,F,L,1967,3
Racing Club,Rampla Juniors Futbol Club,1967-03-18,0,0,F,E,1967,3
CA Penarol,Rampla Juniors Futbol Club,1967-03-25,4,2,F,L,1967,3
Danubio,Liverpool,1967-03-25,1,1,F,E,1967,3
Defensor Sporting,CA Fenix,1967-03-25,2,0,F,L,1967,3
Nacional,CA Cerro,1967-03-25,2,1,F,L,1967,3
Racing Club,Institucion Atletica Sud America,1967-03-25,1,0,F,L,1967,3
CA Cerro,Defensor Sporting,1967-04-01,2,0,F,L,1967,4
CA Penarol,Danubio,1967-04-01,1,0,F,L,1967,4
Liverpool,Racing Club,1967-04-01,0,0,F,E,1967,4
Nacional,Institucion Atletica Sud America,1967-04-01,1,0,F,L,1967,4
Rampla Juniors Futbol Club,CA Fenix,1967-04-01,1,0,F,L,1967,4
CA Fenix,Liverpool,1967-04-08,1,0,F,L,1967,4
CA Penarol,CA Cerro,1967-04-08,2,0,F,L,1967,4
Danubio,Racing Club,1967-04-08,2,1,F,L,1967,4
Defensor Sporting,Institucion Atletica Sud America,1967-04-08,2,2,F,E,1967,4
Rampla Juniors Futbol Club,Nacional,1967-04-08,3,0,F,L,1967,4
CA Penarol,Liverpool,1967-04-15,4,0,F,L,1967,4
Danubio,CA Fenix,1967-04-15,3,2,F,L,1967,4
Institucion Atletica Sud America,Rampla Juniors Futbol Club,1967-04-15,2,1,F,L,1967,4
Nacional,Defensor Sporting,1967-04-15,2,1,F,L,1967,4
Racing Club,CA Cerro,1967-04-15,0,0,F,E,1967,4
Institucion Atletica Sud America,CA Fenix,1967-04-22,1,0,F,L,1967,4
Liverpool,CA Cerro,1967-04-22,1,1,F,E,1967,4
Nacional,CA Penarol,1967-04-22,0,0,F,E,1967,4
Racing Club,Defensor Sporting,1967-04-22,0,0,F,E,1967,4
Rampla Juniors Futbol Club,Danubio,1967-04-22,0,0,F,E,1967,4
CA Penarol,CA Fenix,1967-04-29,4,0,F,L,1967,4
Danubio,CA Cerro,1967-04-29,1,0,F,L,1967,4
Defensor Sporting,Rampla Juniors Futbol Club,1967-04-29,2,1,F,L,1967,4
Liverpool,Institucion Atletica Sud America,1967-04-29,3,1,F,L,1967,4
Nacional,Racing Club,1967-04-29,0,0,F,E,1967,4
CA Fenix,Racing Club,1967-05-06,2,4,F,V,1967,5
Defensor Sporting,CA Penarol,1967-05-06,0,2,F,V,1967,5
Institucion Atletica Sud America,Danubio,1967-05-06,1,0,F,L,1967,5
Liverpool,Nacional,1967-05-06,1,4,F,V,1967,5
Rampla Juniors Futbol Club,CA Cerro,1967-05-06,3,2,F,L,1967,5
CA Fenix,Nacional,1967-05-13,1,1,F,E,1967,5
Danubio,Defensor Sporting,1967-05-13,1,2,F,V,1967,5
Institucion Atletica Sud America,CA Cerro,1967-05-13,0,0,F,E,1967,5
Liverpool,Rampla Juniors Futbol Club,1967-05-13,3,0,F,L,1967,5
Racing Club,CA Penarol,1967-05-13,1,1,F,E,1967,5
CA Fenix,CA Cerro,1967-05-20,1,2,F,V,1967,5
Danubio,Nacional,1967-05-20,2,3,F,V,1967,5
Institucion Atletica Sud America,CA Penarol,1967-05-20,0,2,F,V,1967,5
Liverpool,Defensor Sporting,1967-05-20,0,0,F,E,1967,5
Rampla Juniors Futbol Club,Racing Club,1967-05-20,1,1,F,E,1967,5
CA Cerro,Nacional,1967-05-27,0,1,F,V,1967,5
CA Fenix,Defensor Sporting,1967-05-27,3,2,F,L,1967,5
Institucion Atletica Sud America,Racing Club,1967-05-27,1,1,F,E,1967,5
Liverpool,Danubio,1967-05-27,1,1,F,E,1967,5
Rampla Juniors Futbol Club,CA Penarol,1967-05-27,0,2,F,V,1967,5
CA Fenix,Rampla Juniors Futbol Club,1967-06-03,1,1,F,E,1967,6
Danubio,CA Penarol,1967-06-03,1,2,F,V,1967,6
Defensor Sporting,CA Cerro,1967-06-03,0,3,F,V,1967,6
Institucion Atletica Sud America,Nacional,1967-06-03,1,2,F,V,1967,6
Racing Club,Liverpool,1967-06-03,0,0,F,E,1967,6
CA Cerro,CA Penarol,1967-06-10,1,1,F,E,1967,6
Institucion Atletica Sud America,Defensor Sporting,1967-06-10,3,3,F,E,1967,6
Liverpool,CA Fenix,1967-06-10,1,0,F,L,1967,6
Nacional,Rampla Juniors Futbol Club,1967-06-10,1,0,F,L,1967,6
Racing Club,Danubio,1967-06-10,1,2,F,V,1967,6
CA Cerro,Racing Club,1967-06-17,1,1,F,E,1967,6
CA Fenix,Danubio,1967-06-17,1,1,F,E,1967,6
Defensor Sporting,Nacional,1967-06-17,1,3,F,V,1967,6
Liverpool,CA Penarol,1967-06-17,0,1,F,V,1967,6
Rampla Juniors Futbol Club,Institucion Atletica Sud America,1967-06-17,5,2,F,L,1967,6
CA Cerro,Liverpool,1967-06-24,3,1,F,L,1967,6
CA Fenix,Institucion Atletica Sud America,1967-06-24,1,0,F,L,1967,6
CA Penarol,Nacional,1967-06-24,2,0,F,L,1967,6
Danubio,Rampla Juniors Futbol Club,1967-06-24,0,0,F,E,1967,6
Defensor Sporting,Racing Club,1967-06-24,0,1,F,V,1967,6
CA Cerro,Danubio,1967-08-05,0,0,F,E,1967,8
CA Fenix,CA Penarol,1967-08-05,0,3,F,V,1967,8
Institucion Atletica Sud America,Liverpool,1967-08-05,0,0,F,E,1967,8
Racing Club,Nacional,1967-08-05,0,0,F,E,1967,8
Rampla Juniors Futbol Club,Defensor Sporting,1967-08-05,2,1,F,L,1967,8
CA Penarol,Danubio,1968-03-02,3,1,F,L,1968,3
Institucion Atletica Sud America,Racing Club,1968-03-02,0,0,F,E,1968,3
Liverpool,Rampla Juniors Futbol Club,1968-03-02,2,1,F,L,1968,3
Nacional,CA Cerro,1968-03-02,1,0,F,L,1968,3
River Plate,Defensor Sporting,1968-03-02,0,0,F,E,1968,3
CA Cerro,River Plate,1968-03-09,1,0,F,L,1968,3
CA Penarol,Liverpool,1968-03-09,2,0,F,L,1968,3
Defensor Sporting,Institucion Atletica Sud America,1968-03-09,1,1,F,E,1968,3
Nacional,Rampla Juniors Futbol Club,1968-03-09,0,0,F,E,1968,3
Racing Club,Danubio,1968-03-09,1,0,F,L,1968,3
CA Cerro,Danubio,1968-03-16,4,0,F,L,1968,3
CA Penarol,River Plate,1968-03-16,1,0,F,L,1968,3
Defensor Sporting,Nacional,1968-03-16,2,2,F,E,1968,3
Institucion Atletica Sud America,Liverpool,1968-03-16,3,0,F,L,1968,3
Rampla Juniors Futbol Club,Racing Club,1968-03-16,0,0,F,E,1968,3
CA Cerro,Liverpool,1968-03-23,3,1,F,L,1968,3
CA Penarol,Institucion Atletica Sud America,1968-03-23,1,0,F,L,1968,3
Danubio,River Plate,1968-03-23,1,1,F,E,1968,3
Defensor Sporting,Rampla Juniors Futbol Club,1968-03-23,2,0,F,L,1968,3
Nacional,Racing Club,1968-03-23,1,0,F,L,1968,3
CA Cerro,Institucion Atletica Sud America,1968-03-30,3,1,F,L,1968,3
CA Penarol,Defensor Sporting,1968-03-30,1,0,F,L,1968,3
Danubio,Rampla Juniors Futbol Club,1968-03-30,0,0,F,E,1968,3
Liverpool,Racing Club,1968-03-30,2,0,F,L,1968,3
Nacional,River Plate,1968-03-30,4,0,F,L,1968,3
CA Cerro,Defensor Sporting,1968-04-06,2,0,F,L,1968,4
CA Penarol,Racing Club,1968-04-06,1,0,F,L,1968,4
Liverpool,Danubio,1968-04-06,4,0,F,L,1968,4
Nacional,Institucion Atletica Sud America,1968-04-06,2,0,F,L,1968,4
River Plate,Rampla Juniors Futbol Club,1968-04-06,3,2,F,L,1968,4
CA Penarol,CA Cerro,1968-04-13,1,0,F,L,1968,4
Defensor Sporting,Racing Club,1968-04-13,5,3,F,L,1968,4
Nacional,Danubio,1968-04-13,1,0,F,L,1968,4
Rampla Juniors Futbol Club,Institucion Atletica Sud America,1968-04-13,1,0,F,L,1968,4
River Plate,Liverpool,1968-04-13,0,0,F,E,1968,4
Danubio,Institucion Atletica Sud America,1968-04-20,1,0,F,L,1968,4
Defensor Sporting,Liverpool,1968-04-20,0,0,F,E,1968,4
Nacional,CA Penarol,1968-04-20,0,0,F,E,1968,4
Racing Club,River Plate,1968-04-20,4,2,F,L,1968,4
Rampla Juniors Futbol Club,CA Cerro,1968-04-20,1,0,F,L,1968,4
CA Cerro,Racing Club,1968-04-27,1,0,F,L,1968,4
CA Penarol,Rampla Juniors Futbol Club,1968-04-27,1,0,F,L,1968,4
Defensor Sporting,Danubio,1968-04-27,1,0,F,L,1968,4
Nacional,Liverpool,1968-04-27,2,0,F,L,1968,4
River Plate,Institucion Atletica Sud America,1968-04-27,3,1,F,L,1968,4
CA Cerro,Nacional,1968-05-04,1,3,F,V,1968,5
Danubio,CA Penarol,1968-05-04,0,4,F,V,1968,5
Defensor Sporting,River Plate,1968-05-04,0,0,F,E,1968,5
Racing Club,Institucion Atletica Sud America,1968-05-04,1,1,F,E,1968,5
Rampla Juniors Futbol Club,Liverpool,1968-05-04,1,0,F,L,1968,5
Danubio,Racing Club,1968-05-11,3,1,F,L,1968,5
Institucion Atletica Sud America,Defensor Sporting,1968-05-11,1,0,F,L,1968,5
Liverpool,CA Penarol,1968-05-11,0,1,F,V,1968,5
Rampla Juniors Futbol Club,Nacional,1968-05-11,0,3,F,V,1968,5
River Plate,CA Cerro,1968-05-11,1,3,F,V,1968,5
Danubio,CA Cerro,1968-05-18,0,0,F,E,1968,5
Liverpool,Institucion Atletica Sud America,1968-05-18,1,2,F,V,1968,5
Nacional,Defensor Sporting,1968-05-18,2,0,F,L,1968,5
Racing Club,Rampla Juniors Futbol Club,1968-05-18,0,1,F,V,1968,5
River Plate,CA Penarol,1968-05-18,1,1,F,E,1968,5
Institucion Atletica Sud America,CA Penarol,1968-05-25,1,4,F,V,1968,5
Liverpool,CA Cerro,1968-05-25,2,2,F,E,1968,5
Racing Club,Nacional,1968-05-25,0,0,F,E,1968,5
Rampla Juniors Futbol Club,Defensor Sporting,1968-05-25,1,1,F,E,1968,5
River Plate,Danubio,1968-05-25,1,1,F,E,1968,5
Defensor Sporting,CA Penarol,1968-06-01,1,1,F,E,1968,6
Institucion Atletica Sud America,CA Cerro,1968-06-01,0,2,F,V,1968,6
Racing Club,Liverpool,1968-06-01,0,2,F,V,1968,6
Rampla Juniors Futbol Club,Danubio,1968-06-01,3,0,F,L,1968,6
River Plate,Nacional,1968-06-01,0,1,F,V,1968,6
Danubio,Liverpool,1968-06-08,0,0,F,E,1968,6
Defensor Sporting,CA Cerro,1968-06-08,0,0,F,E,1968,6
Institucion Atletica Sud America,Nacional,1968-06-08,1,1,F,E,1968,6
Racing Club,CA Penarol,1968-06-08,0,1,F,V,1968,6
Rampla Juniors Futbol Club,River Plate,1968-06-08,2,2,F,E,1968,6
CA Cerro,CA Penarol,1968-06-15,0,2,F,V,1968,6
Danubio,Nacional,1968-06-15,1,3,F,V,1968,6
Institucion Atletica Sud America,Rampla Juniors Futbol Club,1968-06-15,3,1,F,L,1968,6
Liverpool,River Plate,1968-06-15,0,1,F,V,1968,6
Racing Club,Defensor Sporting,1968-06-15,0,1,F,V,1968,6
CA Cerro,Rampla Juniors Futbol Club,1968-06-22,0,1,F,V,1968,6
CA Penarol,Nacional,1968-06-22,1,0,F,L,1968,6
Institucion Atletica Sud America,Danubio,1968-06-22,1,0,F,L,1968,6
Liverpool,Defensor Sporting,1968-06-22,1,0,F,L,1968,6
River Plate,Racing Club,1968-06-22,0,1,F,V,1968,6
Danubio,Defensor Sporting,1968-06-29,0,1,F,V,1968,6
Institucion Atletica Sud America,River Plate,1968-06-29,3,2,F,L,1968,6
Liverpool,Nacional,1968-06-29,0,4,F,V,1968,6
Racing Club,CA Cerro,1968-06-29,0,3,F,V,1968,6
Rampla Juniors Futbol Club,CA Penarol,1968-06-29,1,3,F,V,1968,6
CA Penarol,CA Cerro,1969-03-01,2,0,F,L,1969,3
Liverpool,Bella Vista,1969-03-01,2,2,F,E,1969,3
Nacional,Danubio,1969-03-01,3,0,F,L,1969,3
Racing Club,Defensor Sporting,1969-03-01,2,0,F,L,1969,3
Rampla Juniors Futbol Club,Institucion Atletica Sud America,1969-03-01,3,3,F,E,1969,3
CA Penarol,Bella Vista,1969-03-08,2,0,F,L,1969,3
Danubio,CA Cerro,1969-03-08,1,0,F,L,1969,3
Defensor Sporting,River Plate,1969-03-08,2,1,F,L,1969,3
Racing Club,Liverpool,1969-03-08,2,0,F,L,1969,3
Rampla Juniors Futbol Club,Nacional,1969-03-08,1,1,F,E,1969,3
Bella Vista,Rampla Juniors Futbol Club,1969-03-15,0,0,F,E,1969,3
CA Penarol,River Plate,1969-03-15,1,1,F,E,1969,3
Institucion Atletica Sud America,Liverpool,1969-03-15,2,0,F,L,1969,3
Nacional,Defensor Sporting,1969-03-15,5,0,F,L,1969,3
Racing Club,Danubio,1969-03-15,4,2,F,L,1969,3
CA Cerro,Rampla Juniors Futbol Club,1969-03-22,1,0,F,L,1969,3
CA Penarol,Racing Club,1969-03-22,1,1,F,E,1969,3
Danubio,Bella Vista,1969-03-22,2,1,F,L,1969,3
Defensor Sporting,Institucion Atletica Sud America,1969-03-22,1,1,F,E,1969,3
River Plate,Liverpool,1969-03-22,1,0,F,L,1969,3
CA Cerro,Defensor Sporting,1969-03-29,2,0,F,L,1969,3
CA Penarol,Institucion Atletica Sud America,1969-03-29,1,0,F,L,1969,3
Nacional,Liverpool,1969-03-29,3,0,F,L,1969,3
Racing Club,Rampla Juniors Futbol Club,1969-03-29,1,1,F,E,1969,3
River Plate,Danubio,1969-03-29,1,0,F,L,1969,3
Bella Vista,CA Cerro,1969-04-05,2,0,F,L,1969,4
Liverpool,CA Penarol,1969-04-05,2,0,F,L,1969,4
Nacional,Institucion Atletica Sud America,1969-04-05,2,0,F,L,1969,4
Racing Club,River Plate,1969-04-05,2,2,F,E,1969,4
Rampla Juniors Futbol Club,Danubio,1969-04-05,2,0,F,L,1969,4
Institucion Atletica Sud America,Racing Club,1969-04-12,2,0,F,L,1969,4
Liverpool,Danubio,1969-04-12,2,1,F,L,1969,4
Nacional,Bella Vista,1969-04-12,2,0,F,L,1969,4
Rampla Juniors Futbol Club,Defensor Sporting,1969-04-12,1,0,F,L,1969,4
River Plate,CA Cerro,1969-04-12,0,0,F,E,1969,4
CA Penarol,Danubio,1969-04-19,1,0,F,L,1969,4
Defensor Sporting,Liverpool,1969-04-19,0,0,F,E,1969,4
Institucion Atletica Sud America,River Plate,1969-04-19,3,0,F,L,1969,4
Nacional,CA Cerro,1969-04-19,1,0,F,L,1969,4
Racing Club,Bella Vista,1969-04-19,1,0,F,L,1969,4
Bella Vista,Defensor Sporting,1969-04-26,1,0,F,L,1969,4
Danubio,Institucion Atletica Sud America,1969-04-26,1,1,F,E,1969,4
Liverpool,CA Cerro,1969-04-26,2,0,F,L,1969,4
Nacional,CA Penarol,1969-04-26,2,0,F,L,1969,4
Rampla Juniors Futbol Club,River Plate,1969-04-26,2,2,F,E,1969,4
Bella Vista,Institucion Atletica Sud America,1969-05-03,1,0,F,L,1969,5
CA Penarol,Defensor Sporting,1969-05-03,3,0,F,L,1969,5
Nacional,River Plate,1969-05-03,3,1,F,L,1969,5
Racing Club,CA Cerro,1969-05-03,1,0,F,L,1969,5
Rampla Juniors Futbol Club,Liverpool,1969-05-03,1,1,F,E,1969,5
Bella Vista,River Plate,1969-05-10,1,1,F,E,1969,5
CA Penarol,Rampla Juniors Futbol Club,1969-05-10,4,0,F,L,1969,5
Defensor Sporting,Danubio,1969-05-10,2,2,F,E,1969,5
Institucion Atletica Sud America,CA Cerro,1969-05-10,1,0,F,L,1969,5
Racing Club,Nacional,1969-05-10,0,0,F,E,1969,5
Bella Vista,Liverpool,1969-05-17,3,0,F,L,1969,5
CA Cerro,CA Penarol,1969-05-17,2,3,F,V,1969,5
Danubio,Nacional,1969-05-17,1,3,F,V,1969,5
Defensor Sporting,Racing Club,1969-05-17,1,1,F,E,1969,5
Institucion Atletica Sud America,Rampla Juniors Futbol Club,1969-05-17,1,1,F,E,1969,5
Bella Vista,CA Penarol,1969-05-24,0,0,F,E,1969,5
CA Cerro,Danubio,1969-05-24,0,0,F,E,1969,5
Liverpool,Racing Club,1969-05-24,0,0,F,E,1969,5
Nacional,Rampla Juniors Futbol Club,1969-05-24,1,0,F,L,1969,5
River Plate,Defensor Sporting,1969-05-24,3,0,F,L,1969,5
Danubio,Racing Club,1969-05-31,2,1,F,L,1969,5
Defensor Sporting,Nacional,1969-05-31,1,4,F,V,1969,5
Liverpool,Institucion Atletica Sud America,1969-05-31,0,2,F,V,1969,5
Rampla Juniors Futbol Club,Bella Vista,1969-05-31,0,4,F,V,1969,5
River Plate,CA Penarol,1969-05-31,1,1,F,E,1969,5
Bella Vista,Danubio,1969-06-07,1,0,F,L,1969,6
Institucion Atletica Sud America,Defensor Sporting,1969-06-07,0,0,F,E,1969,6
Liverpool,River Plate,1969-06-07,0,1,F,V,1969,6
Racing Club,CA Penarol,1969-06-07,1,2,F,V,1969,6
Rampla Juniors Futbol Club,CA Cerro,1969-06-07,1,1,F,E,1969,6
Danubio,River Plate,1969-06-14,1,2,F,V,1969,6
Defensor Sporting,CA Cerro,1969-06-14,0,0,F,E,1969,6
Institucion Atletica Sud America,CA Penarol,1969-06-14,1,2,F,V,1969,6
Liverpool,Nacional,1969-06-14,1,3,F,V,1969,6
Rampla Juniors Futbol Club,Racing Club,1969-06-14,1,2,F,V,1969,6
CA Cerro,Bella Vista,1969-06-21,1,0,F,L,1969,6
CA Penarol,Liverpool,1969-06-21,0,0,F,E,1969,6
Danubio,Rampla Juniors Futbol Club,1969-06-21,1,2,F,V,1969,6
Institucion Atletica Sud America,Nacional,1969-06-21,1,2,F,V,1969,6
River Plate,Racing Club,1969-06-21,3,3,F,E,1969,6
Bella Vista,Nacional,1969-06-28,1,1,F,E,1969,6
CA Cerro,River Plate,1969-06-28,0,0,F,E,1969,6
Danubio,Liverpool,1969-06-28,1,1,F,E,1969,6
Defensor Sporting,Rampla Juniors Futbol Club,1969-06-28,1,0,F,L,1969,6
Racing Club,Institucion Atletica Sud America,1969-06-28,2,0,F,L,1969,6
Bella Vista,Racing Club,1969-08-02,4,1,F,L,1969,8
CA Cerro,Nacional,1969-08-02,0,3,F,V,1969,8
Danubio,CA Penarol,1969-08-02,0,2,F,V,1969,8
Liverpool,Defensor Sporting,1969-08-02,0,1,F,V,1969,8
River Plate,Institucion Atletica Sud America,1969-08-02,0,1,F,V,1969,8
CA Cerro,Liverpool,1969-08-09,2,1,F,L,1969,8
CA Penarol,Nacional,1969-08-09,0,0,F,E,1969,8
Defensor Sporting,Bella Vista,1969-08-09,2,0,F,L,1969,8
Institucion Atletica Sud America,Danubio,1969-08-09,4,0,F,L,1969,8
River Plate,Rampla Juniors Futbol Club,1969-08-09,3,1,F,L,1969,8
CA Cerro,Racing Club,1969-08-16,1,0,F,L,1969,8
Defensor Sporting,CA Penarol,1969-08-16,1,3,F,V,1969,8
Institucion Atletica Sud America,Bella Vista,1969-08-16,0,2,F,V,1969,8
Liverpool,Rampla Juniors Futbol Club,1969-08-16,3,0,F,L,1969,8
River Plate,Nacional,1969-08-16,1,5,F,V,1969,8
CA Cerro,Institucion Atletica Sud America,1969-08-23,2,2,F,E,1969,8
Danubio,Defensor Sporting,1969-08-23,1,1,F,E,1969,8
Nacional,Racing Club,1969-08-23,3,0,F,L,1969,8
Rampla Juniors Futbol Club,CA Penarol,1969-08-23,0,5,F,V,1969,8
River Plate,Bella Vista,1969-08-23,0,2,F,V,1969,8
CA Penarol,Institucion Atletica Sud America,1969-08-30,6,0,F,L,1969,8
Nacional,Bella Vista,1969-08-30,3,0,F,L,1969,8
River Plate,CA Cerro,1969-08-30,3,1,F,L,1969,8
Bella Vista,Institucion Atletica Sud America,1969-09-06,1,1,F,E,1969,9
CA Penarol,River Plate,1969-09-06,2,1,F,L,1969,9
Nacional,CA Cerro,1969-09-06,2,0,F,L,1969,9
Bella Vista,CA Cerro,1969-09-13,2,0,F,L,1969,9
Nacional,CA Penarol,1969-09-13,1,1,F,E,1969,9
River Plate,Institucion Atletica Sud America,1969-09-13,2,1,F,L,1969,9
CA Penarol,CA Cerro,1969-09-20,2,0,F,L,1969,9
Nacional,Institucion Atletica Sud America,1969-09-20,1,0,F,L,1969,9
River Plate,Bella Vista,1969-09-20,1,0,F,L,1969,9
CA Cerro,Institucion Atletica Sud America,1969-09-27,2,2,F,E,1969,9
CA Penarol,Bella Vista,1969-09-27,3,2,F,L,1969,9
River Plate,Nacional,1969-09-27,3,2,F,L,1969,9
Bella Vista,Institucion Atletica Sud America,1970-03-07,1,0,F,L,1970,3
CA Penarol,Defensor Sporting,1970-03-07,3,2,F,L,1970,3
Club Social Y Deportivo Huracan Buceo,River Plate,1970-03-07,1,0,F,L,1970,3
Liverpool,Rampla Juniors Futbol Club,1970-03-07,4,0,F,L,1970,3
Racing Club,Nacional,1970-03-07,1,5,F,V,1970,3
CA Cerro,Rampla Juniors Futbol Club,1970-03-14,2,0,F,L,1970,3
CA Penarol,Institucion Atletica Sud America,1970-03-14,5,0,F,L,1970,3
Club Social Y Deportivo Huracan Buceo,Defensor Sporting,1970-03-14,1,0,F,L,1970,3
Liverpool,Racing Club,1970-03-14,1,1,F,E,1970,3
Nacional,River Plate,1970-03-14,2,0,F,L,1970,3
Club Social Y Deportivo Huracan Buceo,Institucion Atletica Sud America,1970-03-21,1,1,F,E,1970,3
Liverpool,River Plate,1970-03-21,1,0,F,L,1970,3
Nacional,Defensor Sporting,1970-03-21,4,1,F,L,1970,3
Racing Club,CA Cerro,1970-03-21,2,0,F,L,1970,3
Rampla Juniors Futbol Club,Bella Vista,1970-03-21,2,1,F,L,1970,3
Bella Vista,Racing Club,1970-03-28,3,3,F,E,1970,3
CA Cerro,River Plate,1970-03-28,1,0,F,L,1970,3
CA Penarol,Rampla Juniors Futbol Club,1970-03-28,3,1,F,L,1970,3
Defensor Sporting,Liverpool,1970-03-28,0,0,F,E,1970,3
Nacional,Institucion Atletica Sud America,1970-03-28,2,1,F,L,1970,3
Bella Vista,River Plate,1970-04-04,1,1,F,E,1970,4
CA Penarol,Racing Club,1970-04-04,3,1,F,L,1970,4
Club Social Y Deportivo Huracan Buceo,Rampla Juniors Futbol Club,1970-04-04,1,1,F,E,1970,4
Defensor Sporting,CA Cerro,1970-04-04,1,0,F,L,1970,4
Liverpool,Institucion Atletica Sud America,1970-04-04,1,0,F,L,1970,4
CA Penarol,River Plate,1970-04-11,1,0,F,L,1970,4
Club Social Y Deportivo Huracan Buceo,Racing Club,1970-04-11,1,0,F,L,1970,4
Defensor Sporting,Bella Vista,1970-04-11,1,1,F,E,1970,4
Institucion Atletica Sud America,CA Cerro,1970-04-11,1,1,F,E,1970,4
Nacional,Rampla Juniors Futbol Club,1970-04-11,4,1,F,L,1970,4
CA Cerro,Liverpool,1970-04-18,1,0,F,L,1970,4
CA Penarol,Bella Vista,1970-04-18,0,0,F,E,1970,4
Institucion Atletica Sud America,Defensor Sporting,1970-04-18,1,0,F,L,1970,4
Nacional,Club Social Y Deportivo Huracan Buceo,1970-04-18,1,0,F,L,1970,4
River Plate,Racing Club,1970-04-18,1,1,F,E,1970,4
Bella Vista,Club Social Y Deportivo Huracan Buceo,1970-04-25,1,1,F,E,1970,4
CA Penarol,Liverpool,1970-04-25,2,0,F,L,1970,4
Defensor Sporting,Rampla Juniors Futbol Club,1970-04-25,0,0,F,E,1970,4
Nacional,CA Cerro,1970-04-25,3,1,F,L,1970,4
River Plate,Institucion Atletica Sud America,1970-04-25,3,0,F,L,1970,4
CA Cerro,Club Social Y Deportivo Huracan Buceo,1970-05-02,0,0,F,E,1970,5
CA Penarol,Nacional,1970-05-02,1,0,F,L,1970,5
Defensor Sporting,Racing Club,1970-05-02,2,0,F,L,1970,5
Liverpool,Bella Vista,1970-05-02,1,1,F,E,1970,5
Rampla Juniors Futbol Club,Institucion Atletica Sud America,1970-05-02,1,0,F,L,1970,5
Bella Vista,CA Cerro,1970-05-09,3,3,F,E,1970,5
CA Penarol,Club Social Y Deportivo Huracan Buceo,1970-05-09,1,1,F,E,1970,5
Defensor Sporting,River Plate,1970-05-09,0,0,F,E,1970,5
Nacional,Liverpool,1970-05-09,1,0,F,L,1970,5
Rampla Juniors Futbol Club,Racing Club,1970-05-09,2,2,F,E,1970,5
CA Cerro,CA Penarol,1970-05-16,0,0,F,E,1970,5
Club Social Y Deportivo Huracan Buceo,Liverpool,1970-05-16,1,0,F,L,1970,5
Nacional,Bella Vista,1970-05-16,3,2,F,L,1970,5
Racing Club,Institucion Atletica Sud America,1970-05-16,2,1,F,L,1970,5
Rampla Juniors Futbol Club,River Plate,1970-05-16,1,0,F,L,1970,5
Defensor Sporting,CA Penarol,1970-05-23,1,2,F,V,1970,5
Institucion Atletica Sud America,Bella Vista,1970-05-23,2,2,F,E,1970,5
Nacional,Racing Club,1970-05-23,1,0,F,L,1970,5
Rampla Juniors Futbol Club,Liverpool,1970-05-23,0,2,F,V,1970,5
River Plate,Club Social Y Deportivo Huracan Buceo,1970-05-23,1,0,F,L,1970,5
Defensor Sporting,Club Social Y Deportivo Huracan Buceo,1970-05-30,0,0,F,E,1970,5
Institucion Atletica Sud America,CA Penarol,1970-05-30,0,0,F,E,1970,5
Racing Club,Liverpool,1970-05-30,1,3,F,V,1970,5
Rampla Juniors Futbol Club,CA Cerro,1970-05-30,0,0,F,E,1970,5
River Plate,Nacional,1970-05-30,0,3,F,V,1970,5
Bella Vista,Rampla Juniors Futbol Club,1970-06-06,0,0,F,E,1970,6
CA Cerro,Racing Club,1970-06-06,1,1,F,E,1970,6
Defensor Sporting,Nacional,1970-06-06,0,4,F,V,1970,6
Institucion Atletica Sud America,Club Social Y Deportivo Huracan Buceo,1970-06-06,0,0,F,E,1970,6
River Plate,Liverpool,1970-06-06,0,1,F,V,1970,6
Institucion Atletica Sud America,Nacional,1970-06-13,1,1,F,E,1970,6
Liverpool,Defensor Sporting,1970-06-13,1,3,F,V,1970,6
Racing Club,Bella Vista,1970-06-13,2,2,F,E,1970,6
Rampla Juniors Futbol Club,CA Penarol,1970-06-13,1,2,F,V,1970,6
River Plate,CA Cerro,1970-06-13,2,2,F,E,1970,6
CA Cerro,Defensor Sporting,1970-06-20,0,0,F,E,1970,6
Institucion Atletica Sud America,Liverpool,1970-06-20,0,1,F,V,1970,6
Racing Club,CA Penarol,1970-06-20,2,5,F,V,1970,6
Rampla Juniors Futbol Club,Club Social Y Deportivo Huracan Buceo,1970-06-20,0,0,F,E,1970,6
River Plate,Bella Vista,1970-06-20,3,0,F,L,1970,6
Bella Vista,Defensor Sporting,1970-06-27,1,0,F,L,1970,6
CA Cerro,Institucion Atletica Sud America,1970-06-27,2,0,F,L,1970,6
Racing Club,Club Social Y Deportivo Huracan Buceo,1970-06-27,0,3,F,V,1970,6
Rampla Juniors Futbol Club,Nacional,1970-06-27,0,2,F,V,1970,6
River Plate,CA Penarol,1970-06-27,0,2,F,V,1970,6
Bella Vista,CA Penarol,1970-08-01,0,0,F,E,1970,8
Club Social Y Deportivo Huracan Buceo,Nacional,1970-08-01,0,1,F,V,1970,8
Defensor Sporting,Institucion Atletica Sud America,1970-08-01,2,2,F,E,1970,8
Liverpool,CA Cerro,1970-08-01,0,0,F,E,1970,8
Racing Club,River Plate,1970-08-01,1,2,F,V,1970,8
CA Cerro,Nacional,1970-08-08,0,4,F,V,1970,8
Club Social Y Deportivo Huracan Buceo,Bella Vista,1970-08-08,0,0,F,E,1970,8
Institucion Atletica Sud America,River Plate,1970-08-08,2,0,F,L,1970,8
Liverpool,CA Penarol,1970-08-08,1,1,F,E,1970,8
Rampla Juniors Futbol Club,Defensor Sporting,1970-08-08,0,1,F,V,1970,8
Bella Vista,Liverpool,1970-08-15,1,3,F,V,1970,8
Club Social Y Deportivo Huracan Buceo,CA Cerro,1970-08-15,1,0,F,L,1970,8
Institucion Atletica Sud America,Rampla Juniors Futbol Club,1970-08-15,1,0,F,L,1970,8
Nacional,CA Penarol,1970-08-15,3,2,F,L,1970,8
Racing Club,Defensor Sporting,1970-08-15,0,1,F,V,1970,8
CA Cerro,Bella Vista,1970-08-22,2,1,F,L,1970,8
Club Social Y Deportivo Huracan Buceo,CA Penarol,1970-08-22,2,2,F,E,1970,8
Liverpool,Nacional,1970-08-22,0,2,F,V,1970,8
Racing Club,Rampla Juniors Futbol Club,1970-08-22,0,0,F,E,1970,8
River Plate,Defensor Sporting,1970-08-22,2,3,F,V,1970,8
Bella Vista,Nacional,1970-08-29,1,2,F,V,1970,8
CA Penarol,CA Cerro,1970-08-29,2,1,F,L,1970,8
Institucion Atletica Sud America,Racing Club,1970-08-29,1,1,F,E,1970,8
Liverpool,Club Social Y Deportivo Huracan Buceo,1970-08-29,0,0,F,E,1970,8
River Plate,Rampla Juniors Futbol Club,1970-08-29,1,1,F,E,1970,8
Bella Vista,Liverpool,1970-09-05,1,1,F,E,1970,9
CA Penarol,CA Cerro,1970-09-05,2,1,F,L,1970,9
Defensor Sporting,Racing Club,1970-09-05,0,0,F,E,1970,9
Institucion Atletica Sud America,River Plate,1970-09-05,2,0,F,L,1970,9
Nacional,Club Social Y Deportivo Huracan Buceo,1970-09-05,2,1,F,L,1970,9
CA Penarol,Liverpool,1970-09-12,1,1,F,E,1970,9
Club Social Y Deportivo Huracan Buceo,CA Cerro,1970-09-12,1,0,F,L,1970,9
Defensor Sporting,River Plate,1970-09-12,0,1,F,V,1970,9
Nacional,Bella Vista,1970-09-12,4,2,F,L,1970,9
Rampla Juniors Futbol Club,Institucion Atletica Sud America,1970-09-12,1,1,F,E,1970,9
Club Social Y Deportivo Huracan Buceo,Bella Vista,1970-09-19,2,0,F,L,1970,9
Institucion Atletica Sud America,Defensor Sporting,1970-09-19,1,0,F,L,1970,9
Liverpool,CA Cerro,1970-09-19,4,3,F,L,1970,9
Nacional,CA Penarol,1970-09-19,1,1,F,E,1970,9
Racing Club,Rampla Juniors Futbol Club,1970-09-19,2,1,F,L,1970,9
CA Penarol,Bella Vista,1970-09-26,2,0,F,L,1970,9
Club Social Y Deportivo Huracan Buceo,Liverpool,1970-09-26,3,0,F,L,1970,9
Defensor Sporting,Rampla Juniors Futbol Club,1970-09-26,2,0,F,L,1970,9
Nacional,CA Cerro,1970-09-26,5,2,F,L,1970,9
Racing Club,River Plate,1970-09-26,1,1,F,E,1970,9
CA Cerro,Bella Vista,1970-10-03,6,4,F,L,1970,10
CA Penarol,Club Social Y Deportivo Huracan Buceo,1970-10-03,0,0,F,E,1970,10
Nacional,Liverpool,1970-10-03,0,0,F,E,1970,10
Racing Club,Institucion Atletica Sud America,1970-10-03,0,0,F,E,1970,10
River Plate,Rampla Juniors Futbol Club,1970-10-03,4,2,F,L,1970,10
CA Penarol,CA Cerro,1971-03-06,4,1,F,L,1971,3
Central Espanol,River Plate,1971-03-06,0,0,F,E,1971,3
Club Social Y Deportivo Huracan Buceo,Institucion Atletica Sud America,1971-03-06,2,2,F,E,1971,3
Danubio,Bella Vista,1971-03-06,1,0,F,L,1971,3
Nacional,Liverpool,1971-03-06,1,0,F,L,1971,3
Racing Club,Defensor Sporting,1971-03-06,2,1,F,L,1971,3
Bella Vista,CA Cerro,1971-03-13,3,1,F,L,1971,3
CA Penarol,Defensor Sporting,1971-03-13,1,0,F,L,1971,3
Club Social Y Deportivo Huracan Buceo,Central Espanol,1971-03-13,1,0,F,L,1971,3
Danubio,Nacional,1971-03-13,2,1,F,L,1971,3
Liverpool,Institucion Atletica Sud America,1971-03-13,2,1,F,L,1971,3
River Plate,Racing Club,1971-03-13,1,1,F,E,1971,3
Bella Vista,Defensor Sporting,1971-03-20,1,0,F,L,1971,3
CA Cerro,Nacional,1971-03-20,2,1,F,L,1971,3
CA Penarol,River Plate,1971-03-20,1,0,F,L,1971,3
Danubio,Institucion Atletica Sud America,1971-03-20,3,2,F,L,1971,3
Liverpool,Central Espanol,1971-03-20,2,1,F,L,1971,3
Racing Club,Club Social Y Deportivo Huracan Buceo,1971-03-20,1,0,F,L,1971,3
CA Cerro,Institucion Atletica Sud America,1971-03-27,1,1,F,E,1971,3
Central Espanol,Danubio,1971-03-27,2,0,F,L,1971,3
Club Social Y Deportivo Huracan Buceo,CA Penarol,1971-03-27,2,0,F,L,1971,3
Liverpool,Racing Club,1971-03-27,2,0,F,L,1971,3
Nacional,Defensor Sporting,1971-03-27,3,2,F,L,1971,3
River Plate,Bella Vista,1971-03-27,0,0,F,E,1971,3
Bella Vista,Club Social Y Deportivo Huracan Buceo,1971-04-03,2,2,F,E,1971,4
CA Penarol,Liverpool,1971-04-03,1,1,F,E,1971,4
Central Espanol,CA Cerro,1971-04-03,3,3,F,E,1971,4
Danubio,Racing Club,1971-04-03,3,0,F,L,1971,4
Institucion Atletica Sud America,Defensor Sporting,1971-04-03,1,0,F,L,1971,4
Nacional,River Plate,1971-04-03,2,1,F,L,1971,4
CA Cerro,Racing Club,1971-04-10,2,1,F,L,1971,4
Danubio,CA Penarol,1971-04-10,2,1,F,L,1971,4
Defensor Sporting,Central Espanol,1971-04-10,0,0,F,E,1971,4
Liverpool,Bella Vista,1971-04-10,3,1,F,L,1971,4
Nacional,Club Social Y Deportivo Huracan Buceo,1971-04-10,3,2,F,L,1971,4
River Plate,Institucion Atletica Sud America,1971-04-10,1,1,F,E,1971,4
CA Penarol,Racing Club,1971-04-17,2,0,F,L,1971,4
Club Social Y Deportivo Huracan Buceo,River Plate,1971-04-17,2,2,F,E,1971,4
Defensor Sporting,CA Cerro,1971-04-17,1,0,F,L,1971,4
Institucion Atletica Sud America,Central Espanol,1971-04-17,1,1,F,E,1971,4
Liverpool,Danubio,1971-04-17,2,0,F,L,1971,4
Nacional,Bella Vista,1971-04-17,0,0,F,E,1971,4
Bella Vista,Racing Club,1971-04-24,3,1,F,L,1971,4
CA Penarol,Institucion Atletica Sud America,1971-04-24,1,0,F,L,1971,4
Club Social Y Deportivo Huracan Buceo,CA Cerro,1971-04-24,4,0,F,L,1971,4
Defensor Sporting,Danubio,1971-04-24,0,0,F,E,1971,4
Liverpool,River Plate,1971-04-24,5,1,F,L,1971,4
Nacional,Central Espanol,1971-04-24,5,0,F,L,1971,4
Bella Vista,Central Espanol,1971-05-01,2,1,F,L,1971,5
CA Penarol,Nacional,1971-05-01,1,1,F,E,1971,5
Danubio,River Plate,1971-05-01,1,0,F,L,1971,5
Defensor Sporting,Club Social Y Deportivo Huracan Buceo,1971-05-01,2,1,F,L,1971,5
Institucion Atletica Sud America,Racing Club,1971-05-01,3,1,F,L,1971,5
Liverpool,CA Cerro,1971-05-01,1,1,F,E,1971,5
CA Penarol,Bella Vista,1971-05-08,2,1,F,L,1971,5
Central Espanol,Racing Club,1971-05-08,4,2,F,L,1971,5
Danubio,CA Cerro,1971-05-08,2,1,F,L,1971,5
Defensor Sporting,River Plate,1971-05-08,1,1,F,E,1971,5
Liverpool,Club Social Y Deportivo Huracan Buceo,1971-05-08,1,0,F,L,1971,5
Nacional,Institucion Atletica Sud America,1971-05-08,0,0,F,E,1971,5
Bella Vista,Institucion Atletica Sud America,1971-05-15,0,0,F,E,1971,5
CA Penarol,Central Espanol,1971-05-15,3,2,F,L,1971,5
Danubio,Club Social Y Deportivo Huracan Buceo,1971-05-15,2,1,F,L,1971,5
Liverpool,Defensor Sporting,1971-05-15,0,0,F,E,1971,5
Nacional,Racing Club,1971-05-15,4,1,F,L,1971,5
River Plate,CA Cerro,1971-05-15,1,1,F,E,1971,5
Bella Vista,Danubio,1971-05-22,1,0,F,L,1971,5
CA Cerro,CA Penarol,1971-05-22,1,3,F,V,1971,5
Defensor Sporting,Racing Club,1971-05-22,1,0,F,L,1971,5
Institucion Atletica Sud America,Club Social Y Deportivo Huracan Buceo,1971-05-22,1,3,F,V,1971,5
Liverpool,Nacional,1971-05-22,1,1,F,E,1971,5
River Plate,Central Espanol,1971-05-22,2,1,F,L,1971,5
CA Cerro,Bella Vista,1971-05-29,1,2,F,V,1971,5
Central Espanol,Club Social Y Deportivo Huracan Buceo,1971-05-29,0,1,F,V,1971,5
Defensor Sporting,CA Penarol,1971-05-29,0,3,F,V,1971,5
Institucion Atletica Sud America,Liverpool,1971-05-29,0,1,F,V,1971,5
Nacional,Danubio,1971-05-29,3,0,F,L,1971,5
Racing Club,River Plate,1971-05-29,1,1,F,E,1971,5
Central Espanol,Liverpool,1971-06-05,0,0,F,E,1971,6
Club Social Y Deportivo Huracan Buceo,Racing Club,1971-06-05,1,1,F,E,1971,6
Defensor Sporting,Bella Vista,1971-06-05,1,1,F,E,1971,6
Institucion Atletica Sud America,Danubio,1971-06-05,3,2,F,L,1971,6
Nacional,CA Cerro,1971-06-05,1,1,F,E,1971,6
River Plate,CA Penarol,1971-06-05,1,1,F,E,1971,6
Bella Vista,River Plate,1971-06-12,1,0,F,L,1971,6
CA Penarol,Club Social Y Deportivo Huracan Buceo,1971-06-12,2,2,F,E,1971,6
Danubio,Central Espanol,1971-06-12,2,1,F,L,1971,6
Defensor Sporting,Nacional,1971-06-12,0,0,F,E,1971,6
Institucion Atletica Sud America,CA Cerro,1971-06-12,0,2,F,V,1971,6
Racing Club,Liverpool,1971-06-12,2,2,F,E,1971,6
CA Cerro,Central Espanol,1971-06-19,1,1,F,E,1971,6
Club Social Y Deportivo Huracan Buceo,Bella Vista,1971-06-19,1,0,F,L,1971,6
Defensor Sporting,Institucion Atletica Sud America,1971-06-19,2,1,F,L,1971,6
Liverpool,CA Penarol,1971-06-19,0,0,F,E,1971,6
Racing Club,Danubio,1971-06-19,1,0,F,L,1971,6
River Plate,Nacional,1971-06-19,1,1,F,E,1971,6
Bella Vista,Liverpool,1971-06-26,1,0,F,L,1971,6
CA Penarol,Danubio,1971-06-26,3,0,F,L,1971,6
Central Espanol,Defensor Sporting,1971-06-26,0,0,F,E,1971,6
Club Social Y Deportivo Huracan Buceo,Nacional,1971-06-26,1,4,F,V,1971,6
Institucion Atletica Sud America,River Plate,1971-06-26,0,1,F,V,1971,6
Racing Club,CA Cerro,1971-06-26,0,0,F,E,1971,6
Bella Vista,Nacional,1971-08-07,0,2,F,V,1971,8
CA Cerro,Defensor Sporting,1971-08-07,2,1,F,L,1971,8
Central Espanol,Institucion Atletica Sud America,1971-08-07,0,0,F,E,1971,8
Danubio,Liverpool,1971-08-07,2,2,F,E,1971,8
Racing Club,CA Penarol,1971-08-07,3,4,F,V,1971,8
River Plate,Club Social Y Deportivo Huracan Buceo,1971-08-07,2,0,F,L,1971,8
CA Cerro,Club Social Y Deportivo Huracan Buceo,1971-08-14,2,1,F,L,1971,8
Central Espanol,Nacional,1971-08-14,0,5,F,V,1971,8
Danubio,Defensor Sporting,1971-08-14,0,0,F,E,1971,8
Institucion Atletica Sud America,CA Penarol,1971-08-14,1,2,F,V,1971,8
Racing Club,Bella Vista,1971-08-14,0,4,F,V,1971,8
River Plate,Liverpool,1971-08-14,1,1,F,E,1971,8
CA Cerro,Liverpool,1971-08-21,1,4,F,V,1971,8
Central Espanol,Bella Vista,1971-08-21,1,3,F,V,1971,8
Club Social Y Deportivo Huracan Buceo,Defensor Sporting,1971-08-21,0,1,F,V,1971,8
Nacional,CA Penarol,1971-08-21,2,1,F,L,1971,8
Racing Club,Institucion Atletica Sud America,1971-08-21,2,2,F,E,1971,8
River Plate,Danubio,1971-08-21,0,0,F,E,1971,8
Bella Vista,CA Penarol,1971-08-28,2,2,F,E,1971,8
CA Cerro,Danubio,1971-08-28,1,1,F,E,1971,8
Club Social Y Deportivo Huracan Buceo,Liverpool,1971-08-28,0,1,F,V,1971,8
Institucion Atletica Sud America,Nacional,1971-08-28,0,0,F,E,1971,8
Racing Club,Central Espanol,1971-08-28,2,2,F,E,1971,8
River Plate,Defensor Sporting,1971-08-28,1,0,F,L,1971,8
CA Cerro,River Plate,1971-09-04,1,0,F,L,1971,9
Central Espanol,CA Penarol,1971-09-04,1,2,F,V,1971,9
Club Social Y Deportivo Huracan Buceo,Danubio,1971-09-04,0,1,F,V,1971,9
Defensor Sporting,Liverpool,1971-09-04,1,0,F,L,1971,9
Institucion Atletica Sud America,Bella Vista,1971-09-04,0,0,F,E,1971,9
Racing Club,Nacional,1971-09-04,1,2,F,V,1971,9
CA Cerro,River Plate,1971-09-11,2,2,F,E,1971,9
CA Penarol,Club Social Y Deportivo Huracan Buceo,1971-09-11,5,1,F,L,1971,9
Central Espanol,Racing Club,1971-09-11,5,1,F,L,1971,9
Danubio,Liverpool,1971-09-11,0,0,F,E,1971,9
Defensor Sporting,Institucion Atletica Sud America,1971-09-11,2,1,F,L,1971,9
Nacional,Bella Vista,1971-09-11,4,2,F,L,1971,9
CA Cerro,Racing Club,1971-09-18,4,2,F,L,1971,9
CA Penarol,Danubio,1971-09-18,2,1,F,L,1971,9
Central Espanol,Institucion Atletica Sud America,1971-09-18,1,0,F,L,1971,9
Club Social Y Deportivo Huracan Buceo,Bella Vista,1971-09-18,2,2,F,E,1971,9
Nacional,Liverpool,1971-09-18,2,1,F,L,1971,9
River Plate,Defensor Sporting,1971-09-18,3,2,F,L,1971,9
CA Penarol,Nacional,1971-09-25,0,0,F,E,1971,9
Central Espanol,Defensor Sporting,1971-09-25,1,0,F,L,1971,9
Club Social Y Deportivo Huracan Buceo,Danubio,1971-09-25,0,0,F,E,1971,9
Institucion Atletica Sud America,CA Cerro,1971-09-25,3,0,F,L,1971,9
Liverpool,Bella Vista,1971-09-25,3,1,F,L,1971,9
River Plate,Racing Club,1971-09-25,2,0,F,L,1971,9
CA Cerro,Defensor Sporting,1971-10-02,4,1,F,L,1971,10
Central Espanol,River Plate,1971-10-02,2,2,F,E,1971,10
Danubio,Bella Vista,1971-10-02,0,0,F,E,1971,10
Institucion Atletica Sud America,Racing Club,1971-10-02,2,1,F,L,1971,10
Liverpool,CA Penarol,1971-10-02,3,1,F,L,1971,10
Nacional,Club Social Y Deportivo Huracan Buceo,1971-10-02,2,2,F,E,1971,10
CA Penarol,Bella Vista,1971-10-09,3,2,F,L,1971,10
Central Espanol,CA Cerro,1971-10-09,1,1,F,E,1971,10
Club Social Y Deportivo Huracan Buceo,Liverpool,1971-10-09,1,0,F,L,1971,10
Defensor Sporting,Racing Club,1971-10-09,0,0,F,E,1971,10
Institucion Atletica Sud America,River Plate,1971-10-09,1,0,F,L,1971,10
Nacional,Danubio,1971-10-09,2,1,F,L,1971,10
CA Cerro,Bella Vista,1972-03-04,2,1,F,L,1972,3
CA Penarol,Institucion Atletica Sud America,1972-03-04,0,0,F,E,1972,3
Defensor Sporting,Danubio,1972-03-04,1,0,F,L,1972,3
Liverpool,Club Social Y Deportivo Huracan Buceo,1972-03-04,0,0,F,E,1972,3
Nacional,Central Espanol,1972-03-04,3,2,F,L,1972,3
Rentistas,River Plate,1972-03-04,0,0,F,E,1972,3
Bella Vista,Central Espanol,1972-03-11,3,1,F,L,1972,3
CA Cerro,CA Penarol,1972-03-11,1,0,F,L,1972,3
Danubio,River Plate,1972-03-11,0,0,F,E,1972,3
Defensor Sporting,Institucion Atletica Sud America,1972-03-11,1,0,F,L,1972,3
Nacional,Liverpool,1972-03-11,3,1,F,L,1972,3
Rentistas,Club Social Y Deportivo Huracan Buceo,1972-03-11,1,0,F,L,1972,3
CA Penarol,Central Espanol,1972-03-18,1,1,F,E,1972,3
Club Social Y Deportivo Huracan Buceo,Danubio,1972-03-18,4,2,F,L,1972,3
Defensor Sporting,CA Cerro,1972-03-18,2,0,F,L,1972,3
Institucion Atletica Sud America,River Plate,1972-03-18,2,0,F,L,1972,3
Liverpool,Bella Vista,1972-03-18,4,1,F,L,1972,3
Nacional,Rentistas,1972-03-18,6,1,F,L,1972,3
CA Cerro,River Plate,1972-03-25,2,0,F,L,1972,3
CA Penarol,Liverpool,1972-03-25,1,0,F,L,1972,3
Defensor Sporting,Central Espanol,1972-03-25,2,1,F,L,1972,3
Institucion Atletica Sud America,Club Social Y Deportivo Huracan Buceo,1972-03-25,0,0,F,E,1972,3
Nacional,Danubio,1972-03-25,3,0,F,L,1972,3
Rentistas,Bella Vista,1972-03-25,1,1,F,E,1972,3
CA Penarol,Rentistas,1972-04-01,1,0,F,L,1972,4
Club Social Y Deportivo Huracan Buceo,CA Cerro,1972-04-01,1,0,F,L,1972,4
Danubio,Bella Vista,1972-04-01,3,0,F,L,1972,4
Defensor Sporting,Liverpool,1972-04-01,0,0,F,E,1972,4
Nacional,Institucion Atletica Sud America,1972-04-01,1,0,F,L,1972,4
River Plate,Central Espanol,1972-04-01,6,2,F,L,1972,4
CA Penarol,Danubio,1972-04-08,2,1,F,L,1972,4
Club Social Y Deportivo Huracan Buceo,Central Espanol,1972-04-08,1,1,F,E,1972,4
Defensor Sporting,Rentistas,1972-04-08,3,0,F,L,1972,4
Institucion Atletica Sud America,Bella Vista,1972-04-08,0,0,F,E,1972,4
Liverpool,River Plate,1972-04-08,0,0,F,E,1972,4
Nacional,CA Cerro,1972-04-08,3,2,F,L,1972,4
CA Penarol,Bella Vista,1972-04-15,3,0,F,L,1972,4
Institucion Atletica Sud America,CA Cerro,1972-04-15,1,1,F,E,1972,4
Liverpool,Central Espanol,1972-04-15,1,1,F,E,1972,4
Nacional,Club Social Y Deportivo Huracan Buceo,1972-04-15,1,1,F,E,1972,4
Rentistas,Danubio,1972-04-15,1,1,F,E,1972,4
River Plate,Defensor Sporting,1972-04-15,1,1,F,E,1972,4
CA Cerro,Liverpool,1972-04-22,1,0,F,L,1972,4
CA Penarol,River Plate,1972-04-22,2,1,F,L,1972,4
Central Espanol,Danubio,1972-04-22,1,1,F,E,1972,4
Club Social Y Deportivo Huracan Buceo,Bella Vista,1972-04-22,3,0,F,L,1972,4
Nacional,Defensor Sporting,1972-04-22,4,1,F,L,1972,4
Rentistas,Institucion Atletica Sud America,1972-04-22,1,0,F,L,1972,4
Bella Vista,River Plate,1972-04-29,1,0,F,L,1972,4
CA Penarol,Nacional,1972-04-29,1,1,F,E,1972,4
Central Espanol,Institucion Atletica Sud America,1972-04-29,2,2,F,E,1972,4
Danubio,Liverpool,1972-04-29,0,0,F,E,1972,4
Defensor Sporting,Club Social Y Deportivo Huracan Buceo,1972-04-29,0,0,F,E,1972,4
Rentistas,CA Cerro,1972-04-29,2,1,F,L,1972,4
CA Penarol,Defensor Sporting,1972-05-06,0,0,F,E,1972,5
Central Espanol,CA Cerro,1972-05-06,2,2,F,E,1972,5
Club Social Y Deportivo Huracan Buceo,River Plate,1972-05-06,3,1,F,L,1972,5
Danubio,Institucion Atletica Sud America,1972-05-06,2,1,F,L,1972,5
Liverpool,Rentistas,1972-05-06,0,0,F,E,1972,5
Nacional,Bella Vista,1972-05-06,5,0,F,L,1972,5
Bella Vista,Defensor Sporting,1972-05-13,1,0,F,L,1972,5
CA Cerro,Danubio,1972-05-13,1,0,F,L,1972,5
CA Penarol,Club Social Y Deportivo Huracan Buceo,1972-05-13,1,0,F,L,1972,5
Institucion Atletica Sud America,Liverpool,1972-05-13,0,0,F,E,1972,5
Rentistas,Central Espanol,1972-05-13,0,0,F,E,1972,5
River Plate,Nacional,1972-05-13,1,0,F,L,1972,5
Bella Vista,CA Cerro,1972-05-20,0,1,F,V,1972,5
Central Espanol,Nacional,1972-05-20,0,1,F,V,1972,5
Club Social Y Deportivo Huracan Buceo,Liverpool,1972-05-20,0,0,F,E,1972,5
Danubio,Defensor Sporting,1972-05-20,0,0,F,E,1972,5
Institucion Atletica Sud America,CA Penarol,1972-05-20,1,1,F,E,1972,5
River Plate,Rentistas,1972-05-20,1,1,F,E,1972,5
CA Penarol,CA Cerro,1972-05-27,5,0,F,L,1972,5
Central Espanol,Bella Vista,1972-05-27,2,3,F,V,1972,5
Club Social Y Deportivo Huracan Buceo,Rentistas,1972-05-27,1,2,F,V,1972,5
Institucion Atletica Sud America,Defensor Sporting,1972-05-27,2,0,F,L,1972,5
Liverpool,Nacional,1972-05-27,1,2,F,V,1972,5
River Plate,Danubio,1972-05-27,1,0,F,L,1972,5
Bella Vista,Liverpool,1972-06-03,0,1,F,V,1972,6
CA Cerro,Defensor Sporting,1972-06-03,1,0,F,L,1972,6
Central Espanol,CA Penarol,1972-06-03,1,3,F,V,1972,6
Danubio,Club Social Y Deportivo Huracan Buceo,1972-06-03,0,0,F,E,1972,6
Rentistas,Nacional,1972-06-03,0,2,F,V,1972,6
River Plate,Institucion Atletica Sud America,1972-06-03,3,0,F,L,1972,6
Bella Vista,Rentistas,1972-06-10,0,0,F,E,1972,6
Central Espanol,Defensor Sporting,1972-06-10,0,4,F,V,1972,6
Club Social Y Deportivo Huracan Buceo,Institucion Atletica Sud America,1972-06-10,0,0,F,E,1972,6
Danubio,Nacional,1972-06-10,2,3,F,V,1972,6
Liverpool,CA Penarol,1972-06-10,0,1,F,V,1972,6
River Plate,CA Cerro,1972-06-10,1,0,F,L,1972,6
Bella Vista,Danubio,1972-06-17,3,3,F,E,1972,6
CA Cerro,Club Social Y Deportivo Huracan Buceo,1972-06-17,2,1,F,L,1972,6
Central Espanol,River Plate,1972-06-17,2,2,F,E,1972,6
Institucion Atletica Sud America,Nacional,1972-06-17,0,4,F,V,1972,6
Liverpool,Defensor Sporting,1972-06-17,2,1,F,L,1972,6
Rentistas,CA Penarol,1972-06-17,0,0,F,E,1972,6
Bella Vista,Institucion Atletica Sud America,1972-06-24,2,0,F,L,1972,6
CA Cerro,Nacional,1972-06-24,1,4,F,V,1972,6
Central Espanol,Club Social Y Deportivo Huracan Buceo,1972-06-24,0,4,F,V,1972,6
Danubio,CA Penarol,1972-06-24,0,0,F,E,1972,6
Rentistas,Defensor Sporting,1972-06-24,0,0,F,E,1972,6
River Plate,Liverpool,1972-06-24,1,2,F,V,1972,6
Bella Vista,CA Penarol,1972-08-05,1,3,F,V,1972,8
CA Cerro,Institucion Atletica Sud America,1972-08-05,1,2,F,V,1972,8
Central Espanol,Liverpool,1972-08-05,0,2,F,V,1972,8
Club Social Y Deportivo Huracan Buceo,Nacional,1972-08-05,0,2,F,V,1972,8
Danubio,Rentistas,1972-08-05,1,0,F,L,1972,8
Defensor Sporting,River Plate,1972-08-05,0,0,F,E,1972,8
Bella Vista,Club Social Y Deportivo Huracan Buceo,1972-08-12,3,3,F,E,1972,8
Danubio,Central Espanol,1972-08-12,3,3,F,E,1972,8
Defensor Sporting,Nacional,1972-08-12,2,1,F,L,1972,8
Institucion Atletica Sud America,Rentistas,1972-08-12,3,1,F,L,1972,8
Liverpool,CA Cerro,1972-08-12,0,3,F,V,1972,8
River Plate,CA Penarol,1972-08-12,2,0,F,L,1972,8
CA Cerro,Rentistas,1972-08-19,0,0,F,E,1972,8
Club Social Y Deportivo Huracan Buceo,Defensor Sporting,1972-08-19,1,1,F,E,1972,8
Institucion Atletica Sud America,Central Espanol,1972-08-19,3,1,F,L,1972,8
Liverpool,Danubio,1972-08-19,3,1,F,L,1972,8
Nacional,CA Penarol,1972-08-19,1,1,F,E,1972,8
River Plate,Bella Vista,1972-08-19,1,1,F,E,1972,8
Bella Vista,Nacional,1972-08-26,3,3,F,E,1972,8
CA Cerro,Central Espanol,1972-08-26,3,1,F,L,1972,8
Defensor Sporting,CA Penarol,1972-08-26,2,0,F,L,1972,8
Institucion Atletica Sud America,Danubio,1972-08-26,1,1,F,E,1972,8
Rentistas,Liverpool,1972-08-26,1,2,F,V,1972,8
River Plate,Club Social Y Deportivo Huracan Buceo,1972-08-26,0,0,F,E,1972,8
Central Espanol,Rentistas,1972-09-02,0,2,F,V,1972,9
Club Social Y Deportivo Huracan Buceo,CA Penarol,1972-09-02,0,0,F,E,1972,9
Danubio,CA Cerro,1972-09-02,5,3,F,L,1972,9
Defensor Sporting,Bella Vista,1972-09-02,4,0,F,L,1972,9
Liverpool,Institucion Atletica Sud America,1972-09-02,1,2,F,V,1972,9
Nacional,River Plate,1972-09-02,2,1,F,L,1972,9
CA Penarol,River Plate,1973-03-03,2,1,F,L,1973,3
Danubio,Club Social Y Deportivo Huracan Buceo,1973-03-03,1,0,F,L,1973,3
Liverpool,CA Cerro,1973-03-03,2,1,F,L,1973,3
Montevideo Wanderers,Bella Vista,1973-03-03,1,0,F,L,1973,3
Nacional,Central Espanol,1973-03-03,3,1,F,L,1973,3
Rentistas,Defensor Sporting,1973-03-03,2,0,F,L,1973,3
CA Cerro,Nacional,1973-03-10,1,0,F,L,1973,3
CA Penarol,Club Social Y Deportivo Huracan Buceo,1973-03-10,3,1,F,L,1973,3
Liverpool,Central Espanol,1973-03-10,5,1,F,L,1973,3
Montevideo Wanderers,Defensor Sporting,1973-03-10,1,1,F,E,1973,3
Rentistas,Bella Vista,1973-03-10,1,0,F,L,1973,3
River Plate,Danubio,1973-03-10,0,0,F,E,1973,3
CA Penarol,Defensor Sporting,1973-03-17,3,2,F,L,1973,3
Danubio,Liverpool,1973-03-17,1,1,F,E,1973,3
Montevideo Wanderers,CA Cerro,1973-03-17,0,0,F,E,1973,3
Nacional,Bella Vista,1973-03-17,3,1,F,L,1973,3
Rentistas,Club Social Y Deportivo Huracan Buceo,1973-03-17,2,1,F,L,1973,3
River Plate,Central Espanol,1973-03-17,1,0,F,L,1973,3
CA Cerro,Bella Vista,1973-03-24,2,1,F,L,1973,3
CA Penarol,Montevideo Wanderers,1973-03-24,2,1,F,L,1973,3
Central Espanol,Danubio,1973-03-24,1,0,F,L,1973,3
Defensor Sporting,Club Social Y Deportivo Huracan Buceo,1973-03-24,0,0,F,E,1973,3
Nacional,Rentistas,1973-03-24,1,1,F,E,1973,3
River Plate,Liverpool,1973-03-24,0,0,F,E,1973,3
Bella Vista,Club Social Y Deportivo Huracan Buceo,1973-03-31,0,0,F,E,1973,3
CA Cerro,Defensor Sporting,1973-03-31,3,1,F,L,1973,3
CA Penarol,Danubio,1973-03-31,1,0,F,L,1973,3
Liverpool,Nacional,1973-03-31,2,0,F,L,1973,3
Rentistas,Central Espanol,1973-03-31,0,0,F,E,1973,3
River Plate,Montevideo Wanderers,1973-03-31,0,0,F,E,1973,3
CA Penarol,Central Espanol,1973-04-07,1,1,F,E,1973,4
Club Social Y Deportivo Huracan Buceo,CA Cerro,1973-04-07,2,2,F,E,1973,4
Defensor Sporting,Bella Vista,1973-04-07,2,1,F,L,1973,4
Montevideo Wanderers,Danubio,1973-04-07,0,0,F,E,1973,4
Nacional,River Plate,1973-04-07,3,2,F,L,1973,4
Rentistas,Liverpool,1973-04-07,1,0,F,L,1973,4
Bella Vista,Liverpool,1973-04-14,1,0,F,L,1973,4
CA Cerro,CA Penarol,1973-04-14,2,2,F,E,1973,4
Club Social Y Deportivo Huracan Buceo,Nacional,1973-04-14,2,2,F,E,1973,4
Danubio,Defensor Sporting,1973-04-14,4,1,F,L,1973,4
Montevideo Wanderers,Central Espanol,1973-04-14,1,0,F,L,1973,4
Rentistas,River Plate,1973-04-14,0,0,F,E,1973,4
CA Penarol,Bella Vista,1973-04-21,5,0,F,L,1973,4
Central Espanol,CA Cerro,1973-04-21,2,0,F,L,1973,4
Danubio,Rentistas,1973-04-21,2,0,F,L,1973,4
Liverpool,Montevideo Wanderers,1973-04-21,1,0,F,L,1973,4
Nacional,Defensor Sporting,1973-04-21,1,1,F,E,1973,4
River Plate,Club Social Y Deportivo Huracan Buceo,1973-04-21,1,0,F,L,1973,4
CA Penarol,Nacional,1973-04-28,1,1,F,E,1973,4
Central Espanol,Bella Vista,1973-04-28,2,1,F,L,1973,4
Danubio,CA Cerro,1973-04-28,3,1,F,L,1973,4
Defensor Sporting,River Plate,1973-04-28,1,0,F,L,1973,4
Liverpool,Club Social Y Deportivo Huracan Buceo,1973-04-28,3,0,F,L,1973,4
Montevideo Wanderers,Rentistas,1973-04-28,0,0,F,E,1973,4
CA Penarol,Liverpool,1973-05-05,0,0,F,E,1973,5
Central Espanol,Defensor Sporting,1973-05-05,1,0,F,L,1973,5
Club Social Y Deportivo Huracan Buceo,Montevideo Wanderers,1973-05-05,0,0,F,E,1973,5
Nacional,Danubio,1973-05-05,2,0,F,L,1973,5
Rentistas,CA Cerro,1973-05-05,0,0,F,E,1973,5
River Plate,Bella Vista,1973-05-05,1,1,F,E,1973,5
CA Penarol,Rentistas,1973-05-12,1,0,F,L,1973,5
Club Social Y Deportivo Huracan Buceo,Central Espanol,1973-05-12,2,0,F,L,1973,5
Danubio,Bella Vista,1973-05-12,2,1,F,L,1973,5
Liverpool,Defensor Sporting,1973-05-12,1,1,F,E,1973,5
Nacional,Montevideo Wanderers,1973-05-12,1,0,F,L,1973,5
River Plate,CA Cerro,1973-05-12,0,0,F,E,1973,5
Bella Vista,Montevideo Wanderers,1973-05-19,0,1,F,V,1973,5
CA Cerro,Liverpool,1973-05-19,2,1,F,L,1973,5
Central Espanol,Nacional,1973-05-19,0,2,F,V,1973,5
Club Social Y Deportivo Huracan Buceo,Danubio,1973-05-19,0,0,F,E,1973,5
Defensor Sporting,Rentistas,1973-05-19,2,1,F,L,1973,5
River Plate,CA Penarol,1973-05-19,0,3,F,V,1973,5
Bella Vista,Rentistas,1973-05-26,0,2,F,V,1973,5
Central Espanol,Liverpool,1973-05-26,0,2,F,V,1973,5
Club Social Y Deportivo Huracan Buceo,CA Penarol,1973-05-26,0,1,F,V,1973,5
Danubio,River Plate,1973-05-26,0,0,F,E,1973,5
Defensor Sporting,Montevideo Wanderers,1973-05-26,1,1,F,E,1973,5
Nacional,CA Cerro,1973-05-26,1,1,F,E,1973,5
Bella Vista,Nacional,1973-06-02,0,1,F,V,1973,6
CA Cerro,Montevideo Wanderers,1973-06-02,1,0,F,L,1973,6
Central Espanol,River Plate,1973-06-02,0,2,F,V,1973,6
Club Social Y Deportivo Huracan Buceo,Rentistas,1973-06-02,0,1,F,V,1973,6
Defensor Sporting,CA Penarol,1973-06-02,1,3,F,V,1973,6
Liverpool,Danubio,1973-06-02,0,3,F,V,1973,6
Bella Vista,CA Cerro,1973-06-09,0,2,F,V,1973,6
Club Social Y Deportivo Huracan Buceo,Defensor Sporting,1973-06-09,1,3,F,V,1973,6
Danubio,Central Espanol,1973-06-09,1,0,F,L,1973,6
Liverpool,River Plate,1973-06-09,1,1,F,E,1973,6
Montevideo Wanderers,CA Penarol,1973-06-09,1,1,F,E,1973,6
Rentistas,Nacional,1973-06-09,1,1,F,E,1973,6
Central Espanol,Rentistas,1973-06-16,4,3,F,L,1973,6
Club Social Y Deportivo Huracan Buceo,Bella Vista,1973-06-16,2,2,F,E,1973,6
Danubio,CA Penarol,1973-06-16,1,0,F,L,1973,6
Defensor Sporting,CA Cerro,1973-06-16,3,1,F,L,1973,6
Montevideo Wanderers,River Plate,1973-06-16,1,1,F,E,1973,6
Nacional,Liverpool,1973-06-16,1,0,F,L,1973,6
Bella Vista,Defensor Sporting,1973-06-23,0,2,F,V,1973,6
CA Cerro,Club Social Y Deportivo Huracan Buceo,1973-06-23,0,0,F,E,1973,6
Central Espanol,CA Penarol,1973-06-23,1,2,F,V,1973,6
Danubio,Montevideo Wanderers,1973-06-23,1,1,F,E,1973,6
Liverpool,Rentistas,1973-06-23,1,1,F,E,1973,6
River Plate,Nacional,1973-06-23,1,1,F,E,1973,6
CA Penarol,CA Cerro,1973-06-30,2,0,F,L,1973,6
Central Espanol,Montevideo Wanderers,1973-06-30,1,4,F,V,1973,6
Defensor Sporting,Danubio,1973-06-30,3,0,F,L,1973,6
Liverpool,Bella Vista,1973-06-30,3,0,F,L,1973,6
Nacional,Club Social Y Deportivo Huracan Buceo,1973-06-30,1,1,F,E,1973,6
River Plate,Rentistas,1973-06-30,0,1,F,V,1973,6
Bella Vista,CA Penarol,1973-08-04,1,2,F,V,1973,8
CA Cerro,Central Espanol,1973-08-04,3,1,F,L,1973,8
Club Social Y Deportivo Huracan Buceo,River Plate,1973-08-04,3,3,F,E,1973,8
Defensor Sporting,Nacional,1973-08-04,1,2,F,V,1973,8
Montevideo Wanderers,Liverpool,1973-08-04,1,1,F,E,1973,8
Rentistas,Danubio,1973-08-04,2,2,F,E,1973,8
Bella Vista,Central Espanol,1973-08-11,0,1,F,V,1973,8
CA Cerro,Danubio,1973-08-11,0,1,F,V,1973,8
Club Social Y Deportivo Huracan Buceo,Liverpool,1973-08-11,1,2,F,V,1973,8
Nacional,CA Penarol,1973-08-11,1,1,F,E,1973,8
Rentistas,Montevideo Wanderers,1973-08-11,1,1,F,E,1973,8
River Plate,Defensor Sporting,1973-08-11,1,3,F,V,1973,8
Bella Vista,River Plate,1973-08-18,0,1,F,V,1973,8
CA Cerro,Rentistas,1973-08-18,2,1,F,L,1973,8
Danubio,Nacional,1973-08-18,1,1,F,E,1973,8
Defensor Sporting,Central Espanol,1973-08-18,1,0,F,L,1973,8
Liverpool,CA Penarol,1973-08-18,1,2,F,V,1973,8
Montevideo Wanderers,Club Social Y Deportivo Huracan Buceo,1973-08-18,1,2,F,V,1973,8
Bella Vista,Danubio,1973-08-25,0,3,F,V,1973,8
CA Cerro,River Plate,1973-08-25,0,1,F,V,1973,8
Central Espanol,Club Social Y Deportivo Huracan Buceo,1973-08-25,1,4,F,V,1973,8
Defensor Sporting,Liverpool,1973-08-25,3,1,F,L,1973,8
Montevideo Wanderers,Nacional,1973-08-25,0,0,F,E,1973,8
Rentistas,CA Penarol,1973-08-25,0,0,F,E,1973,8
Bella Vista,River Plate,1974-03-02,1,0,F,L,1974,3
CA Fenix,Defensor Sporting,1974-03-02,4,3,F,L,1974,3
CA Penarol,Rentistas,1974-03-02,1,0,F,L,1974,3
Danubio,Club Social Y Deportivo Huracan Buceo,1974-03-02,1,1,F,E,1974,3
Liverpool,CA Cerro,1974-03-02,1,0,F,L,1974,3
Montevideo Wanderers,Nacional,1974-03-02,2,1,F,L,1974,3
CA Fenix,CA Penarol,1974-03-09,0,0,F,E,1974,3
Club Social Y Deportivo Huracan Buceo,Bella Vista,1974-03-09,2,2,F,E,1974,3
Liverpool,Montevideo Wanderers,1974-03-09,0,0,F,E,1974,3
Nacional,CA Cerro,1974-03-09,3,2,F,L,1974,3
Rentistas,Defensor Sporting,1974-03-09,0,0,F,E,1974,3
River Plate,Danubio,1974-03-09,0,0,F,E,1974,3
Bella Vista,CA Cerro,1974-03-16,3,1,F,L,1974,3
CA Fenix,Danubio,1974-03-16,3,1,F,L,1974,3
CA Penarol,Club Social Y Deportivo Huracan Buceo,1974-03-16,4,1,F,L,1974,3
Defensor Sporting,Liverpool,1974-03-16,0,0,F,E,1974,3
Nacional,River Plate,1974-03-16,4,1,F,L,1974,3
Rentistas,Montevideo Wanderers,1974-03-16,1,0,F,L,1974,3
CA Cerro,River Plate,1974-03-23,1,1,F,E,1974,3
CA Fenix,Club Social Y Deportivo Huracan Buceo,1974-03-23,0,0,F,E,1974,3
CA Penarol,Bella Vista,1974-03-23,0,0,F,E,1974,3
Defensor Sporting,Montevideo Wanderers,1974-03-23,1,0,F,L,1974,3
Liverpool,Rentistas,1974-03-23,3,2,F,L,1974,3
Nacional,Danubio,1974-03-23,2,2,F,E,1974,3
Bella Vista,Rentistas,1974-03-30,2,0,F,L,1974,3
Club Social Y Deportivo Huracan Buceo,CA Cerro,1974-03-30,2,0,F,L,1974,3
Danubio,Montevideo Wanderers,1974-03-30,1,0,F,L,1974,3
Defensor Sporting,CA Penarol,1974-03-30,0,0,F,E,1974,3
Nacional,Liverpool,1974-03-30,1,0,F,L,1974,3
River Plate,CA Fenix,1974-03-30,1,0,F,L,1974,3
Bella Vista,Defensor Sporting,1974-04-06,1,1,F,E,1974,4
CA Fenix,CA Cerro,1974-04-06,2,0,F,L,1974,4
CA Penarol,Montevideo Wanderers,1974-04-06,2,1,F,L,1974,4
Danubio,Liverpool,1974-04-06,3,1,F,L,1974,4
Nacional,Rentistas,1974-04-06,5,1,F,L,1974,4
River Plate,Club Social Y Deportivo Huracan Buceo,1974-04-06,1,1,F,E,1974,4
CA Fenix,Nacional,1974-04-13,0,0,F,E,1974,4
CA Penarol,CA Cerro,1974-04-13,5,0,F,L,1974,4
Club Social Y Deportivo Huracan Buceo,Defensor Sporting,1974-04-13,2,1,F,L,1974,4
Danubio,Rentistas,1974-04-13,1,1,F,E,1974,4
Liverpool,River Plate,1974-04-13,1,0,F,L,1974,4
Montevideo Wanderers,Bella Vista,1974-04-13,1,0,F,L,1974,4
CA Cerro,Montevideo Wanderers,1974-04-20,2,2,F,E,1974,4
CA Penarol,River Plate,1974-04-20,1,0,F,L,1974,4
Danubio,Defensor Sporting,1974-04-20,1,1,F,E,1974,4
Liverpool,Bella Vista,1974-04-20,1,1,F,E,1974,4
Nacional,Club Social Y Deportivo Huracan Buceo,1974-04-20,4,3,F,L,1974,4
Rentistas,CA Fenix,1974-04-20,2,2,F,E,1974,4
CA Penarol,Nacional,1974-04-27,2,0,F,L,1974,4
Danubio,Bella Vista,1974-04-27,3,0,F,L,1974,4
Defensor Sporting,CA Cerro,1974-04-27,1,1,F,E,1974,4
Liverpool,CA Fenix,1974-04-27,1,0,F,L,1974,4
Rentistas,Club Social Y Deportivo Huracan Buceo,1974-04-27,1,0,F,L,1974,4
River Plate,Montevideo Wanderers,1974-04-27,2,1,F,L,1974,4
Bella Vista,CA Fenix,1974-05-04,0,0,F,E,1974,5
CA Penarol,Liverpool,1974-05-04,4,0,F,L,1974,5
Club Social Y Deportivo Huracan Buceo,Montevideo Wanderers,1974-05-04,1,0,F,L,1974,5
Danubio,CA Cerro,1974-05-04,2,1,F,L,1974,5
Nacional,Defensor Sporting,1974-05-04,2,0,F,L,1974,5
Rentistas,River Plate,1974-05-04,0,0,F,E,1974,5
CA Cerro,Rentistas,1974-05-11,3,0,F,L,1974,5
CA Penarol,Danubio,1974-05-11,3,2,F,L,1974,5
Defensor Sporting,River Plate,1974-05-11,1,1,F,E,1974,5
Liverpool,Club Social Y Deportivo Huracan Buceo,1974-05-11,2,0,F,L,1974,5
Montevideo Wanderers,CA Fenix,1974-05-11,1,0,F,L,1974,5
Nacional,Bella Vista,1974-05-11,1,1,F,E,1974,5
CA Cerro,Liverpool,1974-05-18,2,3,F,V,1974,5
Club Social Y Deportivo Huracan Buceo,Danubio,1974-05-18,4,0,F,L,1974,5
Defensor Sporting,CA Fenix,1974-05-18,0,0,F,E,1974,5
Nacional,Montevideo Wanderers,1974-05-18,2,1,F,L,1974,5
Rentistas,CA Penarol,1974-05-18,2,6,F,V,1974,5
River Plate,Bella Vista,1974-05-18,1,1,F,E,1974,5
Bella Vista,Club Social Y Deportivo Huracan Buceo,1974-05-25,2,0,F,L,1974,5
CA Cerro,Nacional,1974-05-25,1,2,F,V,1974,5
CA Penarol,CA Fenix,1974-05-25,3,1,F,L,1974,5
Danubio,River Plate,1974-05-25,4,1,F,L,1974,5
Defensor Sporting,Rentistas,1974-05-25,3,4,F,V,1974,5
Montevideo Wanderers,Liverpool,1974-05-25,2,3,F,V,1974,5
CA Cerro,Bella Vista,1974-06-01,1,4,F,V,1974,6
Club Social Y Deportivo Huracan Buceo,CA Penarol,1974-06-01,1,2,F,V,1974,6
Danubio,CA Fenix,1974-06-01,3,0,F,L,1974,6
Liverpool,Defensor Sporting,1974-06-01,4,0,F,L,1974,6
Montevideo Wanderers,Rentistas,1974-06-01,0,0,F,E,1974,6
River Plate,Nacional,1974-06-01,0,4,F,V,1974,6
Bella Vista,CA Penarol,1974-06-08,4,3,F,L,1974,6
Club Social Y Deportivo Huracan Buceo,CA Fenix,1974-06-08,1,1,F,E,1974,6
Danubio,Nacional,1974-06-08,1,2,F,V,1974,6
Montevideo Wanderers,Defensor Sporting,1974-06-08,1,1,F,E,1974,6
Rentistas,Liverpool,1974-06-08,0,2,F,V,1974,6
River Plate,CA Cerro,1974-06-08,0,0,F,E,1974,6
CA Cerro,Club Social Y Deportivo Huracan Buceo,1974-06-15,3,0,F,L,1974,6
CA Fenix,River Plate,1974-06-15,1,0,F,L,1974,6
CA Penarol,Defensor Sporting,1974-06-15,3,2,F,L,1974,6
Liverpool,Nacional,1974-06-15,1,2,F,V,1974,6
Montevideo Wanderers,Danubio,1974-06-15,2,1,F,L,1974,6
Rentistas,Bella Vista,1974-06-15,3,1,F,L,1974,6
CA Cerro,CA Fenix,1974-06-22,3,1,F,L,1974,6
Club Social Y Deportivo Huracan Buceo,River Plate,1974-06-22,0,2,F,V,1974,6
Defensor Sporting,Bella Vista,1974-06-22,0,0,F,E,1974,6
Liverpool,Danubio,1974-06-22,3,2,F,L,1974,6
Montevideo Wanderers,CA Penarol,1974-06-22,0,0,F,E,1974,6
Rentistas,Nacional,1974-06-22,0,2,F,V,1974,6
Bella Vista,Montevideo Wanderers,1974-06-29,1,1,F,E,1974,6
CA Cerro,CA Penarol,1974-06-29,1,2,F,V,1974,6
Defensor Sporting,Club Social Y Deportivo Huracan Buceo,1974-06-29,4,2,F,L,1974,6
Nacional,CA Fenix,1974-06-29,3,0,F,L,1974,6
Rentistas,Danubio,1974-06-29,0,1,F,V,1974,6
River Plate,Liverpool,1974-06-29,1,3,F,V,1974,6
Bella Vista,Liverpool,1974-08-03,4,3,F,L,1974,8
CA Fenix,Rentistas,1974-08-03,1,1,F,E,1974,8
Club Social Y Deportivo Huracan Buceo,Nacional,1974-08-03,1,0,F,L,1974,8
Defensor Sporting,Danubio,1974-08-03,1,0,F,L,1974,8
Montevideo Wanderers,CA Cerro,1974-08-03,2,3,F,V,1974,8
River Plate,CA Penarol,1974-08-03,0,2,F,V,1974,8
Bella Vista,Danubio,1974-08-10,1,1,F,E,1974,8
CA Cerro,Defensor Sporting,1974-08-10,0,1,F,V,1974,8
CA Fenix,Liverpool,1974-08-10,1,4,F,V,1974,8
Club Social Y Deportivo Huracan Buceo,Rentistas,1974-08-10,2,2,F,E,1974,8
Montevideo Wanderers,River Plate,1974-08-10,1,1,F,E,1974,8
Nacional,CA Penarol,1974-08-10,0,3,F,V,1974,8
CA Cerro,Danubio,1974-08-17,2,1,F,L,1974,8
CA Fenix,Bella Vista,1974-08-17,2,1,F,L,1974,8
Defensor Sporting,Nacional,1974-08-17,2,0,F,L,1974,8
Liverpool,CA Penarol,1974-08-17,5,2,F,L,1974,8
Montevideo Wanderers,Club Social Y Deportivo Huracan Buceo,1974-08-17,1,1,F,E,1974,8
River Plate,Rentistas,1974-08-17,2,2,F,E,1974,8
Bella Vista,Nacional,1974-08-24,1,5,F,V,1974,8
CA Fenix,Montevideo Wanderers,1974-08-24,1,2,F,V,1974,8
Club Social Y Deportivo Huracan Buceo,Liverpool,1974-08-24,2,6,F,V,1974,8
Danubio,CA Penarol,1974-08-24,1,3,F,V,1974,8
Rentistas,CA Cerro,1974-08-24,3,3,F,E,1974,8
River Plate,Defensor Sporting,1974-08-24,0,0,F,E,1974,8
Club Social Y Deportivo Huracan Buceo,Rentistas,1975-03-01,1,0,F,L,1975,3
Defensor Sporting,CA Penarol,1975-03-01,3,3,F,E,1975,3
Liverpool,Racing Club,1975-03-01,3,1,F,L,1975,3
Montevideo Wanderers,CA Cerro,1975-03-01,3,0,F,L,1975,3
Nacional,CA Fenix,1975-03-01,1,1,F,E,1975,3
River Plate,Danubio,1975-03-01,3,0,F,L,1975,3
CA Penarol,CA Cerro,1975-03-08,2,1,F,L,1975,3
Club Social Y Deportivo Huracan Buceo,Danubio,1975-03-08,0,0,F,E,1975,3
Liverpool,CA Fenix,1975-03-08,5,0,F,L,1975,3
Montevideo Wanderers,Defensor Sporting,1975-03-08,1,0,F,L,1975,3
Nacional,Racing Club,1975-03-08,2,1,F,L,1975,3
River Plate,Rentistas,1975-03-08,2,0,F,L,1975,3
CA Cerro,Racing Club,1975-03-15,4,1,F,L,1975,3
CA Penarol,River Plate,1975-03-15,4,0,F,L,1975,3
Danubio,CA Fenix,1975-03-15,3,1,F,L,1975,3
Defensor Sporting,Rentistas,1975-03-15,2,1,F,L,1975,3
Liverpool,Club Social Y Deportivo Huracan Buceo,1975-03-15,3,2,F,L,1975,3
Montevideo Wanderers,Nacional,1975-03-15,3,3,F,E,1975,3
Club Social Y Deportivo Huracan Buceo,CA Fenix,1975-03-22,2,1,F,L,1975,3
Liverpool,Danubio,1975-03-22,1,0,F,L,1975,3
Nacional,Defensor Sporting,1975-03-22,2,1,F,L,1975,3
Racing Club,Montevideo Wanderers,1975-03-22,1,0,F,L,1975,3
Rentistas,CA Penarol,1975-03-22,3,3,F,E,1975,3
River Plate,CA Cerro,1975-03-22,1,1,F,E,1975,3
CA Penarol,Racing Club,1975-03-29,3,1,F,L,1975,3
Club Social Y Deportivo Huracan Buceo,River Plate,1975-03-29,2,0,F,L,1975,3
Danubio,CA Cerro,1975-03-29,2,1,F,L,1975,3
Defensor Sporting,CA Fenix,1975-03-29,3,2,F,L,1975,3
Liverpool,Nacional,1975-03-29,2,0,F,L,1975,3
Montevideo Wanderers,Rentistas,1975-03-29,3,1,F,L,1975,3
CA Cerro,Club Social Y Deportivo Huracan Buceo,1975-04-05,3,2,F,L,1975,4
CA Penarol,Montevideo Wanderers,1975-04-05,2,0,F,L,1975,4
Liverpool,Defensor Sporting,1975-04-05,1,0,F,L,1975,4
Nacional,Danubio,1975-04-05,1,0,F,L,1975,4
Racing Club,Rentistas,1975-04-05,5,0,F,L,1975,4
River Plate,CA Fenix,1975-04-05,1,1,F,E,1975,4
CA Cerro,CA Fenix,1975-04-12,1,0,F,L,1975,4
CA Penarol,Club Social Y Deportivo Huracan Buceo,1975-04-12,3,1,F,L,1975,4
Defensor Sporting,Danubio,1975-04-12,2,1,F,L,1975,4
Montevideo Wanderers,Liverpool,1975-04-12,1,1,F,E,1975,4
Nacional,Rentistas,1975-04-12,6,1,F,L,1975,4
River Plate,Racing Club,1975-04-12,2,1,F,L,1975,4
CA Penarol,Nacional,1975-04-19,2,1,F,L,1975,4
Club Social Y Deportivo Huracan Buceo,Defensor Sporting,1975-04-19,2,1,F,L,1975,4
Liverpool,CA Cerro,1975-04-19,1,0,F,L,1975,4
Racing Club,CA Fenix,1975-04-19,1,1,F,E,1975,4
Rentistas,Danubio,1975-04-19,2,1,F,L,1975,4
River Plate,Montevideo Wanderers,1975-04-19,1,1,F,E,1975,4
CA Cerro,Defensor Sporting,1975-04-26,2,1,F,L,1975,4
CA Penarol,Danubio,1975-04-26,1,1,F,E,1975,4
Club Social Y Deportivo Huracan Buceo,Racing Club,1975-04-26,2,1,F,L,1975,4
Liverpool,Rentistas,1975-04-26,3,0,F,L,1975,4
Montevideo Wanderers,CA Fenix,1975-04-26,3,1,F,L,1975,4
River Plate,Nacional,1975-04-26,1,1,F,E,1975,4
CA Penarol,CA Fenix,1975-05-03,3,2,F,L,1975,5
Danubio,Montevideo Wanderers,1975-05-03,1,0,F,L,1975,5
Defensor Sporting,Racing Club,1975-05-03,4,2,F,L,1975,5
Nacional,Club Social Y Deportivo Huracan Buceo,1975-05-03,5,0,F,L,1975,5
Rentistas,CA Cerro,1975-05-03,1,0,F,L,1975,5
River Plate,Liverpool,1975-05-03,0,0,F,E,1975,5
CA Fenix,Rentistas,1975-05-10,2,0,F,L,1975,5
Club Social Y Deportivo Huracan Buceo,Montevideo Wanderers,1975-05-10,2,1,F,L,1975,5
Danubio,Racing Club,1975-05-10,4,1,F,L,1975,5
Defensor Sporting,River Plate,1975-05-10,3,0,F,L,1975,5
Liverpool,CA Penarol,1975-05-10,0,0,F,E,1975,5
Nacional,CA Cerro,1975-05-10,4,0,F,L,1975,5
CA Cerro,Montevideo Wanderers,1975-05-17,1,0,F,L,1975,5
CA Fenix,Nacional,1975-05-17,0,2,F,V,1975,5
CA Penarol,Defensor Sporting,1975-05-17,7,2,F,L,1975,5
Danubio,River Plate,1975-05-17,0,1,F,V,1975,5
Racing Club,Liverpool,1975-05-17,0,4,F,V,1975,5
Rentistas,Club Social Y Deportivo Huracan Buceo,1975-05-17,2,0,F,L,1975,5
CA Cerro,CA Penarol,1975-05-24,0,5,F,V,1975,5
CA Fenix,Liverpool,1975-05-24,1,2,F,V,1975,5
Danubio,Club Social Y Deportivo Huracan Buceo,1975-05-24,0,2,F,V,1975,5
Defensor Sporting,Montevideo Wanderers,1975-05-24,1,0,F,L,1975,5
Racing Club,Nacional,1975-05-24,1,5,F,V,1975,5
Rentistas,River Plate,1975-05-24,2,3,F,V,1975,5
CA Fenix,Danubio,1975-05-31,2,2,F,E,1975,5
Club Social Y Deportivo Huracan Buceo,Liverpool,1975-05-31,0,2,F,V,1975,5
Nacional,Montevideo Wanderers,1975-05-31,2,1,F,L,1975,5
Racing Club,CA Cerro,1975-05-31,2,3,F,V,1975,5
Rentistas,Defensor Sporting,1975-05-31,1,1,F,E,1975,5
River Plate,CA Penarol,1975-05-31,0,4,F,V,1975,5
CA Cerro,River Plate,1975-06-07,2,3,F,V,1975,6
CA Fenix,Club Social Y Deportivo Huracan Buceo,1975-06-07,1,3,F,V,1975,6
CA Penarol,Rentistas,1975-06-07,1,1,F,E,1975,6
Danubio,Liverpool,1975-06-07,2,0,F,L,1975,6
Defensor Sporting,Nacional,1975-06-07,0,0,F,E,1975,6
Montevideo Wanderers,Racing Club,1975-06-07,1,2,F,V,1975,6
CA Cerro,Danubio,1975-06-14,2,2,F,E,1975,6
CA Fenix,Defensor Sporting,1975-06-14,1,0,F,L,1975,6
Nacional,Liverpool,1975-06-14,1,0,F,L,1975,6
Racing Club,CA Penarol,1975-06-14,1,4,F,V,1975,6
Rentistas,Montevideo Wanderers,1975-06-14,2,3,F,V,1975,6
River Plate,Club Social Y Deportivo Huracan Buceo,1975-06-14,2,0,F,L,1975,6
CA Fenix,River Plate,1975-06-21,0,0,F,E,1975,6
Club Social Y Deportivo Huracan Buceo,CA Cerro,1975-06-21,0,2,F,V,1975,6
Danubio,Nacional,1975-06-21,3,2,F,L,1975,6
Defensor Sporting,Liverpool,1975-06-21,3,3,F,E,1975,6
Montevideo Wanderers,CA Penarol,1975-06-21,1,2,F,V,1975,6
Rentistas,Racing Club,1975-06-21,2,2,F,E,1975,6
CA Fenix,CA Cerro,1975-06-28,1,0,F,L,1975,6
Club Social Y Deportivo Huracan Buceo,CA Penarol,1975-06-28,0,2,F,V,1975,6
Danubio,Defensor Sporting,1975-06-28,5,2,F,L,1975,6
Liverpool,Montevideo Wanderers,1975-06-28,0,2,F,V,1975,6
Racing Club,River Plate,1975-06-28,3,0,F,L,1975,6
Rentistas,Nacional,1975-06-28,2,3,F,V,1975,6
CA Cerro,Liverpool,1975-08-02,1,1,F,E,1975,8
CA Fenix,Racing Club,1975-08-02,0,1,F,V,1975,8
Danubio,Rentistas,1975-08-02,3,3,F,E,1975,8
Defensor Sporting,Club Social Y Deportivo Huracan Buceo,1975-08-02,1,1,F,E,1975,8
Montevideo Wanderers,River Plate,1975-08-02,3,3,F,E,1975,8
Nacional,CA Penarol,1975-08-02,1,1,F,E,1975,8
CA Fenix,Montevideo Wanderers,1975-08-09,3,1,F,L,1975,8
Danubio,CA Penarol,1975-08-09,1,2,F,V,1975,8
Defensor Sporting,CA Cerro,1975-08-09,0,0,F,E,1975,8
Nacional,River Plate,1975-08-09,2,1,F,L,1975,8
Racing Club,Club Social Y Deportivo Huracan Buceo,1975-08-09,2,3,F,V,1975,8
Rentistas,Liverpool,1975-08-09,2,1,F,L,1975,8
CA Cerro,Rentistas,1975-08-16,3,3,F,E,1975,8
CA Fenix,CA Penarol,1975-08-16,1,2,F,V,1975,8
Club Social Y Deportivo Huracan Buceo,Nacional,1975-08-16,1,0,F,L,1975,8
Liverpool,River Plate,1975-08-16,2,2,F,E,1975,8
Montevideo Wanderers,Danubio,1975-08-16,0,0,F,E,1975,8
Racing Club,Defensor Sporting,1975-08-16,1,0,F,L,1975,8
CA Cerro,Nacional,1975-08-23,1,0,F,L,1975,8
CA Penarol,Liverpool,1975-08-23,3,1,F,L,1975,8
Montevideo Wanderers,Club Social Y Deportivo Huracan Buceo,1975-08-23,2,1,F,L,1975,8
Racing Club,Danubio,1975-08-23,2,1,F,L,1975,8
Rentistas,CA Fenix,1975-08-23,6,2,F,L,1975,8
River Plate,Defensor Sporting,1975-08-23,1,0,F,L,1975,8
CA Cerro,River Plate,1976-03-06,2,0,F,L,1976,3
CA Penarol,Defensor Sporting,1976-03-06,3,0,F,L,1976,3
Danubio,Montevideo Wanderers,1976-03-06,2,0,F,L,1976,3
Institucion Atletica Sud America,CA Fenix,1976-03-06,2,2,F,E,1976,3
Liverpool,Club Social Y Deportivo Huracan Buceo,1976-03-06,2,0,F,L,1976,3
Rentistas,Nacional,1976-03-06,1,3,F,V,1976,3
CA Cerro,CA Fenix,1976-03-13,1,0,F,L,1976,3
Defensor Sporting,Montevideo Wanderers,1976-03-13,4,2,F,L,1976,3
Liverpool,Danubio,1976-03-13,2,2,F,E,1976,3
Nacional,CA Penarol,1976-03-13,1,3,F,V,1976,3
River Plate,Institucion Atletica Sud America,1976-03-13,1,1,F,E,1976,3
River Plate,Rentistas,1976-03-13,1,1,F,E,1976,3
CA Cerro,Defensor Sporting,1976-03-20,1,2,F,V,1976,3
CA Fenix,Danubio,1976-03-20,1,1,F,E,1976,3
CA Penarol,River Plate,1976-03-20,3,1,F,L,1976,3
Liverpool,Rentistas,1976-03-20,3,1,F,L,1976,3
Montevideo Wanderers,Institucion Atletica Sud America,1976-03-20,1,0,F,L,1976,3
Nacional,Club Social Y Deportivo Huracan Buceo,1976-03-20,0,2,F,V,1976,3
CA Cerro,Rentistas,1976-03-27,2,1,F,L,1976,3
Club Social Y Deportivo Huracan Buceo,Institucion Atletica Sud America,1976-03-27,3,3,F,E,1976,3
Danubio,CA Penarol,1976-03-27,3,0,F,L,1976,3
Montevideo Wanderers,Liverpool,1976-03-27,1,0,F,L,1976,3
Nacional,Defensor Sporting,1976-03-27,2,2,F,E,1976,3
River Plate,CA Fenix,1976-03-27,1,1,F,E,1976,3
CA Penarol,CA Cerro,1976-04-03,2,2,F,E,1976,4
Danubio,River Plate,1976-04-03,3,3,F,E,1976,4
Defensor Sporting,Club Social Y Deportivo Huracan Buceo,1976-04-03,2,1,F,L,1976,4
Institucion Atletica Sud America,Liverpool,1976-04-03,1,0,F,L,1976,4
Nacional,CA Fenix,1976-04-03,4,4,F,E,1976,4
Rentistas,Montevideo Wanderers,1976-04-03,1,0,F,L,1976,4
CA Cerro,Liverpool,1976-04-10,1,0,F,L,1976,4
CA Fenix,Montevideo Wanderers,1976-04-10,1,1,F,E,1976,4
CA Penarol,Club Social Y Deportivo Huracan Buceo,1976-04-10,2,2,F,E,1976,4
Defensor Sporting,River Plate,1976-04-10,1,0,F,L,1976,4
Institucion Atletica Sud America,Nacional,1976-04-10,2,0,F,L,1976,4
Rentistas,Danubio,1976-04-10,1,1,F,E,1976,4
CA Penarol,CA Fenix,1976-04-17,2,1,F,L,1976,4
Club Social Y Deportivo Huracan Buceo,Rentistas,1976-04-17,0,0,F,E,1976,4
Danubio,Institucion Atletica Sud America,1976-04-17,1,0,F,L,1976,4
Defensor Sporting,Liverpool,1976-04-17,1,1,F,E,1976,4
Nacional,CA Cerro,1976-04-17,1,0,F,L,1976,4
River Plate,Montevideo Wanderers,1976-04-17,1,1,F,E,1976,4
CA Cerro,Danubio,1976-04-24,2,1,F,L,1976,4
CA Fenix,Rentistas,1976-04-24,3,2,F,L,1976,4
CA Penarol,Montevideo Wanderers,1976-04-24,2,1,F,L,1976,4
Club Social Y Deportivo Huracan Buceo,River Plate,1976-04-24,3,3,F,E,1976,4
Institucion Atletica Sud America,Defensor Sporting,1976-04-24,1,2,F,V,1976,4
Nacional,Liverpool,1976-04-24,4,2,F,L,1976,4
CA Cerro,Institucion Atletica Sud America,1976-05-01,3,3,F,E,1976,5
CA Penarol,Rentistas,1976-05-01,0,0,F,E,1976,5
Defensor Sporting,CA Fenix,1976-05-01,2,2,F,E,1976,5
Liverpool,River Plate,1976-05-01,0,3,F,V,1976,5
Montevideo Wanderers,Club Social Y Deportivo Huracan Buceo,1976-05-01,4,1,F,L,1976,5
Nacional,Danubio,1976-05-01,3,1,F,L,1976,5
CA Cerro,Club Social Y Deportivo Huracan Buceo,1976-05-08,1,1,F,E,1976,5
CA Fenix,Club Social Y Deportivo Huracan Buceo,1976-05-08,2,0,F,L,1976,5
CA Penarol,Liverpool,1976-05-08,1,0,F,L,1976,5
Defensor Sporting,Danubio,1976-05-08,0,0,F,E,1976,5
Nacional,Montevideo Wanderers,1976-05-08,1,1,F,E,1976,5
Rentistas,Institucion Atletica Sud America,1976-05-08,0,0,F,E,1976,5
CA Cerro,Montevideo Wanderers,1976-05-15,0,1,F,V,1976,5
CA Fenix,Liverpool,1976-05-15,1,1,F,E,1976,5
CA Penarol,Institucion Atletica Sud America,1976-05-15,0,0,F,E,1976,5
Danubio,Club Social Y Deportivo Huracan Buceo,1976-05-15,1,1,F,E,1976,5
Defensor Sporting,Rentistas,1976-05-15,1,0,F,L,1976,5
Nacional,River Plate,1976-05-15,1,0,F,L,1976,5
CA Fenix,Institucion Atletica Sud America,1976-05-22,1,0,F,L,1976,5
Club Social Y Deportivo Huracan Buceo,Liverpool,1976-05-22,1,5,F,V,1976,5
Defensor Sporting,CA Penarol,1976-05-22,2,1,F,L,1976,5
Montevideo Wanderers,Danubio,1976-05-22,3,0,F,L,1976,5
Nacional,Rentistas,1976-05-22,1,3,F,V,1976,5
River Plate,CA Cerro,1976-05-22,1,1,F,E,1976,5
CA Fenix,CA Cerro,1976-05-29,1,0,F,L,1976,5
CA Penarol,Nacional,1976-05-29,1,0,F,L,1976,5
Danubio,Liverpool,1976-05-29,2,1,F,L,1976,5
Institucion Atletica Sud America,River Plate,1976-05-29,0,1,F,V,1976,5
Montevideo Wanderers,Defensor Sporting,1976-05-29,2,2,F,E,1976,5
Rentistas,River Plate,1976-05-29,2,2,F,E,1976,5
Club Social Y Deportivo Huracan Buceo,Nacional,1976-06-05,2,2,F,E,1976,6
Danubio,CA Fenix,1976-06-05,3,2,F,L,1976,6
Defensor Sporting,CA Cerro,1976-06-05,0,0,F,E,1976,6
Institucion Atletica Sud America,Montevideo Wanderers,1976-06-05,2,3,F,V,1976,6
Rentistas,Liverpool,1976-06-05,2,0,F,L,1976,6
River Plate,CA Penarol,1976-06-05,1,1,F,E,1976,6
CA Fenix,River Plate,1976-06-12,0,1,F,V,1976,6
CA Penarol,Danubio,1976-06-12,2,1,F,L,1976,6
Defensor Sporting,Nacional,1976-06-12,1,3,F,V,1976,6
Institucion Atletica Sud America,Club Social Y Deportivo Huracan Buceo,1976-06-12,1,4,F,V,1976,6
Liverpool,Montevideo Wanderers,1976-06-12,0,0,F,E,1976,6
Rentistas,CA Cerro,1976-06-12,4,0,F,L,1976,6
CA Cerro,CA Penarol,1976-06-19,2,0,F,L,1976,6
CA Fenix,Nacional,1976-06-19,0,3,F,V,1976,6
Club Social Y Deportivo Huracan Buceo,Defensor Sporting,1976-06-19,1,2,F,V,1976,6
Liverpool,Institucion Atletica Sud America,1976-06-19,0,0,F,E,1976,6
Montevideo Wanderers,Rentistas,1976-06-19,2,3,F,V,1976,6
River Plate,Danubio,1976-06-19,0,0,F,E,1976,6
Club Social Y Deportivo Huracan Buceo,CA Penarol,1976-06-26,3,1,F,L,1976,6
Danubio,Rentistas,1976-06-26,1,0,F,L,1976,6
Liverpool,CA Cerro,1976-06-26,2,0,F,L,1976,6
Montevideo Wanderers,CA Fenix,1976-06-26,2,2,F,E,1976,6
Nacional,Institucion Atletica Sud America,1976-06-26,2,0,F,L,1976,6
River Plate,Defensor Sporting,1976-06-26,0,2,F,V,1976,6
CA Cerro,Nacional,1976-08-07,2,3,F,V,1976,8
CA Fenix,CA Penarol,1976-08-07,0,1,F,V,1976,8
Institucion Atletica Sud America,Danubio,1976-08-07,2,1,F,L,1976,8
Liverpool,Defensor Sporting,1976-08-07,0,1,F,V,1976,8
Montevideo Wanderers,River Plate,1976-08-07,2,1,F,L,1976,8
Rentistas,Club Social Y Deportivo Huracan Buceo,1976-08-07,2,4,F,V,1976,8
Danubio,CA Cerro,1976-08-14,3,0,F,L,1976,8
Defensor Sporting,Institucion Atletica Sud America,1976-08-14,0,1,F,V,1976,8
Liverpool,Nacional,1976-08-14,2,1,F,L,1976,8
Montevideo Wanderers,CA Penarol,1976-08-14,0,1,F,V,1976,8
Rentistas,CA Fenix,1976-08-14,3,3,F,E,1976,8
River Plate,Club Social Y Deportivo Huracan Buceo,1976-08-14,2,2,F,E,1976,8
CA Fenix,Defensor Sporting,1976-08-21,2,3,F,V,1976,8
Club Social Y Deportivo Huracan Buceo,Montevideo Wanderers,1976-08-21,1,0,F,L,1976,8
Danubio,Nacional,1976-08-21,0,2,F,V,1976,8
Institucion Atletica Sud America,CA Cerro,1976-08-21,0,0,F,E,1976,8
Rentistas,CA Penarol,1976-08-21,1,7,F,V,1976,8
River Plate,Liverpool,1976-08-21,3,2,F,L,1976,8
Club Social Y Deportivo Huracan Buceo,CA Cerro,1976-08-28,2,0,F,L,1976,8
Club Social Y Deportivo Huracan Buceo,CA Fenix,1976-08-28,1,0,F,L,1976,8
Danubio,Defensor Sporting,1976-08-28,0,1,F,V,1976,8
Institucion Atletica Sud America,Rentistas,1976-08-28,1,1,F,E,1976,8
Liverpool,CA Penarol,1976-08-28,1,2,F,V,1976,8
Montevideo Wanderers,Nacional,1976-08-28,1,4,F,V,1976,8
Club Social Y Deportivo Huracan Buceo,Danubio,1976-09-04,0,1,F,V,1976,9
Institucion Atletica Sud America,CA Penarol,1976-09-04,1,3,F,V,1976,9
Liverpool,CA Fenix,1976-09-04,1,2,F,V,1976,9
Montevideo Wanderers,CA Cerro,1976-09-04,1,1,F,E,1976,9
Rentistas,Defensor Sporting,1976-09-04,1,2,F,V,1976,9
River Plate,Nacional,1976-09-04,0,2,F,V,1976,9
CA Penarol,River Plate,1977-03-05,3,0,F,L,1977,3
Danubio,Club Social Y Deportivo Huracan Buceo,1977-03-05,2,1,F,L,1977,3
Institucion Atletica Sud America,Rentistas,1977-03-05,2,0,F,L,1977,3
Liverpool,CA Cerro,1977-03-05,0,1,F,V,1977,3
Montevideo Wanderers,Defensor Sporting,1977-03-05,0,2,F,V,1977,3
Nacional,Bella Vista,1977-03-05,1,0,F,L,1977,3
CA Cerro,Institucion Atletica Sud America,1977-03-12,1,0,F,L,1977,3
CA Penarol,Club Social Y Deportivo Huracan Buceo,1977-03-12,2,1,F,L,1977,3
Danubio,River Plate,1977-03-12,2,0,F,L,1977,3
Defensor Sporting,Bella Vista,1977-03-12,1,0,F,L,1977,3
Liverpool,Rentistas,1977-03-12,0,0,F,E,1977,3
Montevideo Wanderers,Nacional,1977-03-12,2,1,F,L,1977,3
Bella Vista,River Plate,1977-03-19,2,1,F,L,1977,3
CA Penarol,Liverpool,1977-03-19,4,0,F,L,1977,3
Club Social Y Deportivo Huracan Buceo,CA Cerro,1977-03-19,2,2,F,E,1977,3
Danubio,Defensor Sporting,1977-03-19,0,0,F,E,1977,3
Nacional,Institucion Atletica Sud America,1977-03-19,7,1,F,L,1977,3
Rentistas,Montevideo Wanderers,1977-03-19,1,2,F,V,1977,3
Danubio,Bella Vista,1977-03-26,3,1,F,L,1977,3
Defensor Sporting,River Plate,1977-03-26,1,0,F,L,1977,3
Institucion Atletica Sud America,Montevideo Wanderers,1977-03-26,2,2,F,E,1977,3
Liverpool,Club Social Y Deportivo Huracan Buceo,1977-03-26,0,0,F,E,1977,3
Nacional,CA Cerro,1977-03-26,3,0,F,L,1977,3
Rentistas,CA Penarol,1977-03-26,1,0,F,L,1977,3
Bella Vista,CA Cerro,1977-04-02,2,1,F,L,1977,4
CA Penarol,Danubio,1977-04-02,1,1,F,E,1977,4
Club Social Y Deportivo Huracan Buceo,Institucion Atletica Sud America,1977-04-02,1,0,F,L,1977,4
Montevideo Wanderers,Liverpool,1977-04-02,4,1,F,L,1977,4
Nacional,Defensor Sporting,1977-04-02,1,0,F,L,1977,4
Rentistas,River Plate,1977-04-02,2,0,F,L,1977,4
CA Penarol,Bella Vista,1977-04-09,3,2,F,L,1977,4
Club Social Y Deportivo Huracan Buceo,Montevideo Wanderers,1977-04-09,1,1,F,E,1977,4
Defensor Sporting,CA Cerro,1977-04-09,1,0,F,L,1977,4
Liverpool,Institucion Atletica Sud America,1977-04-09,1,1,F,E,1977,4
Rentistas,Danubio,1977-04-09,0,0,F,E,1977,4
River Plate,Nacional,1977-04-09,2,0,F,L,1977,4
CA Cerro,River Plate,1977-04-16,4,2,F,L,1977,4
CA Penarol,Montevideo Wanderers,1977-04-16,1,1,F,E,1977,4
Danubio,Liverpool,1977-04-16,1,0,F,L,1977,4
Defensor Sporting,Institucion Atletica Sud America,1977-04-16,2,1,F,L,1977,4
Nacional,Club Social Y Deportivo Huracan Buceo,1977-04-16,2,0,F,L,1977,4
Rentistas,Bella Vista,1977-04-16,1,1,F,E,1977,4
CA Penarol,Institucion Atletica Sud America,1977-04-23,1,0,F,L,1977,4
Danubio,CA Cerro,1977-04-23,2,0,F,L,1977,4
Defensor Sporting,Rentistas,1977-04-23,2,1,F,L,1977,4
Montevideo Wanderers,Bella Vista,1977-04-23,0,0,F,E,1977,4
Nacional,Liverpool,1977-04-23,3,0,F,L,1977,4
River Plate,Club Social Y Deportivo Huracan Buceo,1977-04-23,1,1,F,E,1977,4
CA Penarol,Defensor Sporting,1977-04-30,2,2,F,E,1977,4
Liverpool,Bella Vista,1977-04-30,1,0,F,L,1977,4
Montevideo Wanderers,CA Cerro,1977-04-30,2,1,F,L,1977,4
Nacional,Danubio,1977-04-30,3,0,F,L,1977,4
Rentistas,Club Social Y Deportivo Huracan Buceo,1977-04-30,2,1,F,L,1977,4
River Plate,Institucion Atletica Sud America,1977-04-30,1,0,F,L,1977,4
CA Cerro,Rentistas,1977-05-07,1,2,F,V,1977,5
Defensor Sporting,Club Social Y Deportivo Huracan Buceo,1977-05-07,4,0,F,L,1977,5
Institucion Atletica Sud America,Bella Vista,1977-05-07,0,1,F,V,1977,5
Liverpool,River Plate,1977-05-07,0,0,F,E,1977,5
Montevideo Wanderers,Danubio,1977-05-07,0,0,F,E,1977,5
Nacional,CA Penarol,1977-05-07,1,1,F,E,1977,5
Bella Vista,Club Social Y Deportivo Huracan Buceo,1977-05-14,2,2,F,E,1977,5
CA Penarol,CA Cerro,1977-05-14,3,1,F,L,1977,5
Institucion Atletica Sud America,Danubio,1977-05-14,2,1,F,L,1977,5
Liverpool,Defensor Sporting,1977-05-14,2,2,F,E,1977,5
Nacional,Rentistas,1977-05-14,1,0,F,L,1977,5
River Plate,Montevideo Wanderers,1977-05-14,2,1,F,L,1977,5
Bella Vista,Nacional,1977-05-21,2,3,F,V,1977,5
CA Cerro,Liverpool,1977-05-21,1,1,F,E,1977,5
Club Social Y Deportivo Huracan Buceo,Danubio,1977-05-21,1,1,F,E,1977,5
Defensor Sporting,Montevideo Wanderers,1977-05-21,1,1,F,E,1977,5
Rentistas,Institucion Atletica Sud America,1977-05-21,1,0,F,L,1977,5
River Plate,CA Penarol,1977-05-21,0,2,F,V,1977,5
Bella Vista,Defensor Sporting,1977-05-28,1,1,F,E,1977,5
Club Social Y Deportivo Huracan Buceo,CA Penarol,1977-05-28,1,5,F,V,1977,5
Institucion Atletica Sud America,CA Cerro,1977-05-28,0,0,F,E,1977,5
Nacional,Montevideo Wanderers,1977-05-28,1,0,F,L,1977,5
Rentistas,Liverpool,1977-05-28,1,2,F,V,1977,5
River Plate,Danubio,1977-05-28,0,1,F,V,1977,5
CA Cerro,Club Social Y Deportivo Huracan Buceo,1977-06-04,2,0,F,L,1977,6
Defensor Sporting,Danubio,1977-06-04,1,1,F,E,1977,6
Institucion Atletica Sud America,Nacional,1977-06-04,1,3,F,V,1977,6
Liverpool,CA Penarol,1977-06-04,1,2,F,V,1977,6
Montevideo Wanderers,Rentistas,1977-06-04,1,1,F,E,1977,6
River Plate,Bella Vista,1977-06-04,0,0,F,E,1977,6
Bella Vista,Danubio,1977-06-11,0,0,F,E,1977,6
CA Cerro,Nacional,1977-06-11,0,4,F,V,1977,6
CA Penarol,Rentistas,1977-06-11,2,2,F,E,1977,6
Club Social Y Deportivo Huracan Buceo,Liverpool,1977-06-11,1,1,F,E,1977,6
Montevideo Wanderers,Institucion Atletica Sud America,1977-06-11,0,1,F,V,1977,6
River Plate,Defensor Sporting,1977-06-11,0,1,F,V,1977,6
CA Cerro,Bella Vista,1977-06-18,0,3,F,V,1977,6
Danubio,CA Penarol,1977-06-18,1,3,F,V,1977,6
Defensor Sporting,Nacional,1977-06-18,2,2,F,E,1977,6
Institucion Atletica Sud America,Club Social Y Deportivo Huracan Buceo,1977-06-18,2,0,F,L,1977,6
Liverpool,Montevideo Wanderers,1977-06-18,4,0,F,L,1977,6
River Plate,Rentistas,1977-06-18,2,2,F,E,1977,6
Bella Vista,CA Penarol,1977-06-25,2,4,F,V,1977,6
CA Cerro,Defensor Sporting,1977-06-25,4,2,F,L,1977,6
Danubio,Rentistas,1977-06-25,2,1,F,L,1977,6
Institucion Atletica Sud America,Liverpool,1977-06-25,1,0,F,L,1977,6
Montevideo Wanderers,Club Social Y Deportivo Huracan Buceo,1977-06-25,0,2,F,V,1977,6
Nacional,River Plate,1977-06-25,6,2,F,L,1977,6
Bella Vista,Rentistas,1977-08-06,2,2,F,E,1977,8
Club Social Y Deportivo Huracan Buceo,Nacional,1977-08-06,1,5,F,V,1977,8
Institucion Atletica Sud America,Defensor Sporting,1977-08-06,1,3,F,V,1977,8
Liverpool,Danubio,1977-08-06,1,1,F,E,1977,8
Montevideo Wanderers,CA Penarol,1977-08-06,0,1,F,V,1977,8
River Plate,CA Cerro,1977-08-06,2,0,F,L,1977,8
Bella Vista,Montevideo Wanderers,1977-08-13,4,1,F,L,1977,8
CA Cerro,Danubio,1977-08-13,1,5,F,V,1977,8
Club Social Y Deportivo Huracan Buceo,River Plate,1977-08-13,0,1,F,V,1977,8
Institucion Atletica Sud America,CA Penarol,1977-08-13,1,5,F,V,1977,8
Liverpool,Nacional,1977-08-13,2,3,F,V,1977,8
Rentistas,Defensor Sporting,1977-08-13,0,1,F,V,1977,8
Bella Vista,Liverpool,1977-08-20,1,1,F,E,1977,8
CA Cerro,Montevideo Wanderers,1977-08-20,1,1,F,E,1977,8
Club Social Y Deportivo Huracan Buceo,Rentistas,1977-08-20,1,2,F,V,1977,8
Danubio,Nacional,1977-08-20,1,2,F,V,1977,8
Defensor Sporting,CA Penarol,1977-08-20,1,1,F,E,1977,8
Institucion Atletica Sud America,River Plate,1977-08-20,2,1,F,L,1977,8
Bella Vista,Institucion Atletica Sud America,1977-08-27,0,0,F,E,1977,8
CA Penarol,Nacional,1977-08-27,0,0,F,E,1977,8
Club Social Y Deportivo Huracan Buceo,Defensor Sporting,1977-08-27,0,1,F,V,1977,8
Danubio,Montevideo Wanderers,1977-08-27,2,3,F,V,1977,8
Rentistas,CA Cerro,1977-08-27,2,2,F,E,1977,8
River Plate,Liverpool,1977-08-27,0,2,F,V,1977,8
CA Cerro,CA Penarol,1977-09-03,0,1,F,V,1977,9
Club Social Y Deportivo Huracan Buceo,Bella Vista,1977-09-03,1,1,F,E,1977,9
Danubio,Institucion Atletica Sud America,1977-09-03,1,1,F,E,1977,9
Defensor Sporting,Liverpool,1977-09-03,0,1,F,V,1977,9
Montevideo Wanderers,River Plate,1977-09-03,2,0,F,L,1977,9
Rentistas,Nacional,1977-09-03,2,2,F,E,1977,9
CA Cerro,Club Social Y Deportivo Huracan Buceo,1978-03-04,1,1,F,E,1978,3
CA Penarol,CA Fenix,1978-03-04,4,2,F,L,1978,3
Danubio,Defensor Sporting,1978-03-04,1,1,F,E,1978,3
Liverpool,Montevideo Wanderers,1978-03-04,0,3,F,V,1978,3
Nacional,Bella Vista,1978-03-04,3,0,F,L,1978,3
Rentistas,Institucion Atletica Sud America,1978-03-04,2,2,F,E,1978,3
CA Fenix,Montevideo Wanderers,1978-03-11,2,0,F,L,1978,3
CA Penarol,Liverpool,1978-03-11,3,0,F,L,1978,3
Club Social Y Deportivo Huracan Buceo,Bella Vista,1978-03-11,1,0,F,L,1978,3
Defensor Sporting,Rentistas,1978-03-11,1,0,F,L,1978,3
Institucion Atletica Sud America,Danubio,1978-03-11,0,1,F,V,1978,3
Nacional,CA Cerro,1978-03-11,2,1,F,L,1978,3
Bella Vista,Rentistas,1978-03-18,0,1,F,V,1978,3
Club Social Y Deportivo Huracan Buceo,CA Fenix,1978-03-18,2,2,F,E,1978,3
Danubio,CA Penarol,1978-03-18,2,4,F,V,1978,3
Liverpool,Institucion Atletica Sud America,1978-03-18,0,3,F,V,1978,3
Montevideo Wanderers,CA Cerro,1978-03-18,0,2,F,V,1978,3
Nacional,Defensor Sporting,1978-03-18,3,0,F,L,1978,3
CA Fenix,Bella Vista,1978-03-25,2,1,F,L,1978,3
CA Penarol,Institucion Atletica Sud America,1978-03-25,5,0,F,L,1978,3
Danubio,Liverpool,1978-03-25,2,1,F,L,1978,3
Defensor Sporting,CA Cerro,1978-03-25,2,1,F,L,1978,3
Montevideo Wanderers,Club Social Y Deportivo Huracan Buceo,1978-03-25,1,1,F,E,1978,3
Rentistas,Nacional,1978-03-25,1,2,F,V,1978,3
CA Cerro,Danubio,1978-04-01,0,2,F,V,1978,4
CA Penarol,Bella Vista,1978-04-01,5,1,F,L,1978,4
Club Social Y Deportivo Huracan Buceo,Rentistas,1978-04-01,1,1,F,E,1978,4
Institucion Atletica Sud America,Defensor Sporting,1978-04-01,2,2,F,E,1978,4
Liverpool,CA Fenix,1978-04-01,1,2,F,V,1978,4
Nacional,Montevideo Wanderers,1978-04-01,3,1,F,L,1978,4
Bella Vista,Liverpool,1978-04-08,2,2,F,E,1978,4
CA Fenix,Danubio,1978-04-08,2,2,F,E,1978,4
Club Social Y Deportivo Huracan Buceo,Nacional,1978-04-08,1,2,F,V,1978,4
Defensor Sporting,CA Penarol,1978-04-08,2,2,F,E,1978,4
Institucion Atletica Sud America,CA Cerro,1978-04-08,1,0,F,L,1978,4
Montevideo Wanderers,Rentistas,1978-04-08,2,0,F,L,1978,4
CA Cerro,CA Penarol,1978-04-15,0,3,F,V,1978,4
CA Fenix,Rentistas,1978-04-15,1,2,F,V,1978,4
Danubio,Bella Vista,1978-04-15,0,1,F,V,1978,4
Defensor Sporting,Montevideo Wanderers,1978-04-15,0,3,F,V,1978,4
Liverpool,Club Social Y Deportivo Huracan Buceo,1978-04-15,3,2,F,L,1978,4
Nacional,Institucion Atletica Sud America,1978-04-15,2,4,F,V,1978,4
CA Cerro,Liverpool,1978-04-22,1,0,F,L,1978,4
CA Fenix,Nacional,1978-04-22,1,2,F,V,1978,4
CA Penarol,Montevideo Wanderers,1978-04-22,2,1,F,L,1978,4
Defensor Sporting,Club Social Y Deportivo Huracan Buceo,1978-04-22,0,0,F,E,1978,4
Institucion Atletica Sud America,Bella Vista,1978-04-22,0,0,F,E,1978,4
Rentistas,Danubio,1978-04-22,1,2,F,V,1978,4
Bella Vista,CA Cerro,1978-04-29,1,1,F,E,1978,4
CA Fenix,Defensor Sporting,1978-04-29,2,1,F,L,1978,4
Club Social Y Deportivo Huracan Buceo,CA Penarol,1978-04-29,2,5,F,V,1978,4
Liverpool,Rentistas,1978-04-29,1,0,F,L,1978,4
Montevideo Wanderers,Institucion Atletica Sud America,1978-04-29,2,0,F,L,1978,4
Nacional,Danubio,1978-04-29,4,0,F,L,1978,4
CA Cerro,Rentistas,1978-05-06,1,1,F,E,1978,5
CA Fenix,Institucion Atletica Sud America,1978-05-06,2,0,F,L,1978,5
CA Penarol,Nacional,1978-05-06,2,2,F,E,1978,5
Danubio,Club Social Y Deportivo Huracan Buceo,1978-05-06,2,1,F,L,1978,5
Defensor Sporting,Liverpool,1978-05-06,2,0,F,L,1978,5
Montevideo Wanderers,Bella Vista,1978-05-06,2,3,F,V,1978,5
Bella Vista,Defensor Sporting,1978-05-13,0,0,F,E,1978,5
CA Cerro,CA Fenix,1978-05-13,3,2,F,L,1978,5
Danubio,Montevideo Wanderers,1978-05-13,2,1,F,L,1978,5
Institucion Atletica Sud America,Club Social Y Deportivo Huracan Buceo,1978-05-13,1,1,F,E,1978,5
Liverpool,Nacional,1978-05-13,1,3,F,V,1978,5
Rentistas,CA Penarol,1978-05-13,1,4,F,V,1978,5
Bella Vista,Nacional,1978-05-20,0,0,F,E,1978,5
CA Fenix,CA Penarol,1978-05-20,3,4,F,V,1978,5
Club Social Y Deportivo Huracan Buceo,CA Cerro,1978-05-20,0,0,F,E,1978,5
Defensor Sporting,Danubio,1978-05-20,4,3,F,L,1978,5
Institucion Atletica Sud America,Rentistas,1978-05-20,2,0,F,L,1978,5
Montevideo Wanderers,Liverpool,1978-05-20,4,0,F,L,1978,5
Bella Vista,Club Social Y Deportivo Huracan Buceo,1978-05-27,1,2,F,V,1978,5
CA Cerro,Nacional,1978-05-27,0,3,F,V,1978,5
Danubio,Institucion Atletica Sud America,1978-05-27,1,1,F,E,1978,5
Liverpool,CA Penarol,1978-05-27,2,2,F,E,1978,5
Montevideo Wanderers,CA Fenix,1978-05-27,0,1,F,V,1978,5
Rentistas,Defensor Sporting,1978-05-27,1,1,F,E,1978,5
CA Cerro,Montevideo Wanderers,1978-06-03,2,2,F,E,1978,6
CA Fenix,Club Social Y Deportivo Huracan Buceo,1978-06-03,1,1,F,E,1978,6
CA Penarol,Danubio,1978-06-03,3,1,F,L,1978,6
Defensor Sporting,Nacional,1978-06-03,1,0,F,L,1978,6
Institucion Atletica Sud America,Liverpool,1978-06-03,2,2,F,E,1978,6
Rentistas,Bella Vista,1978-06-03,1,0,F,L,1978,6
Bella Vista,CA Fenix,1978-06-10,1,1,F,E,1978,6
CA Cerro,Defensor Sporting,1978-06-10,1,6,F,V,1978,6
Club Social Y Deportivo Huracan Buceo,Montevideo Wanderers,1978-06-10,1,0,F,L,1978,6
Institucion Atletica Sud America,CA Penarol,1978-06-10,0,0,F,E,1978,6
Liverpool,Danubio,1978-06-10,0,0,F,E,1978,6
Nacional,Rentistas,1978-06-10,3,2,F,L,1978,6
Bella Vista,CA Penarol,1978-06-17,1,3,F,V,1978,6
CA Fenix,Liverpool,1978-06-17,2,0,F,L,1978,6
Danubio,CA Cerro,1978-06-17,1,2,F,V,1978,6
Defensor Sporting,Institucion Atletica Sud America,1978-06-17,1,2,F,V,1978,6
Montevideo Wanderers,Nacional,1978-06-17,0,1,F,V,1978,6
Rentistas,Club Social Y Deportivo Huracan Buceo,1978-06-17,3,1,F,L,1978,6
CA Cerro,Institucion Atletica Sud America,1978-06-24,1,0,F,L,1978,6
CA Penarol,Defensor Sporting,1978-06-24,5,0,F,L,1978,6
Danubio,CA Fenix,1978-06-24,0,0,F,E,1978,6
Liverpool,Bella Vista,1978-06-24,1,1,F,E,1978,6
Nacional,Club Social Y Deportivo Huracan Buceo,1978-06-24,6,0,F,L,1978,6
Rentistas,Montevideo Wanderers,1978-06-24,0,1,F,V,1978,6
Bella Vista,Danubio,1978-08-05,3,3,F,E,1978,8
CA Penarol,CA Cerro,1978-08-05,2,1,F,L,1978,8
Club Social Y Deportivo Huracan Buceo,Liverpool,1978-08-05,2,1,F,L,1978,8
Institucion Atletica Sud America,Nacional,1978-08-05,1,2,F,V,1978,8
Montevideo Wanderers,Defensor Sporting,1978-08-05,2,0,F,L,1978,8
Rentistas,CA Fenix,1978-08-05,4,1,F,L,1978,8
Bella Vista,Institucion Atletica Sud America,1978-08-12,2,1,F,L,1978,8
Club Social Y Deportivo Huracan Buceo,Defensor Sporting,1978-08-12,0,1,F,V,1978,8
Danubio,Rentistas,1978-08-12,1,1,F,E,1978,8
Liverpool,CA Cerro,1978-08-12,1,2,F,V,1978,8
Montevideo Wanderers,CA Penarol,1978-08-12,0,2,F,V,1978,8
Nacional,CA Fenix,1978-08-12,2,1,F,L,1978,8
CA Cerro,Bella Vista,1978-08-19,1,1,F,E,1978,8
CA Penarol,Club Social Y Deportivo Huracan Buceo,1978-08-19,7,0,F,L,1978,8
Danubio,Nacional,1978-08-19,2,4,F,V,1978,8
Defensor Sporting,CA Fenix,1978-08-19,0,2,F,V,1978,8
Institucion Atletica Sud America,Montevideo Wanderers,1978-08-19,0,1,F,V,1978,8
Rentistas,Liverpool,1978-08-19,2,2,F,E,1978,8
Bella Vista,Montevideo Wanderers,1978-08-26,2,2,F,E,1978,8
Club Social Y Deportivo Huracan Buceo,Danubio,1978-08-26,3,0,F,L,1978,8
Institucion Atletica Sud America,CA Fenix,1978-08-26,0,1,F,V,1978,8
Liverpool,Defensor Sporting,1978-08-26,2,1,F,L,1978,8
Nacional,CA Penarol,1978-08-26,1,1,F,E,1978,8
Rentistas,CA Cerro,1978-08-26,3,2,F,L,1978,8
CA Fenix,CA Cerro,1978-09-02,1,1,F,E,1978,9
CA Penarol,Rentistas,1978-09-02,2,0,F,L,1978,9
Club Social Y Deportivo Huracan Buceo,Institucion Atletica Sud America,1978-09-02,1,2,F,V,1978,9
Defensor Sporting,Bella Vista,1978-09-02,2,2,F,E,1978,9
Montevideo Wanderers,Danubio,1978-09-02,1,1,F,E,1978,9
Nacional,Liverpool,1978-09-02,0,0,F,E,1978,9
CA Cerro,Defensor Sporting,1979-03-03,0,1,F,V,1979,3
CA Fenix,Nacional,1979-03-03,0,1,F,V,1979,3
Danubio,Club Social Y Deportivo Huracan Buceo,1979-03-03,0,1,F,V,1979,3
Institucion Atletica Sud America,Montevideo Wanderers,1979-03-03,2,0,F,L,1979,3
Liverpool,Bella Vista,1979-03-03,2,4,F,V,1979,3
Rentistas,River Plate,1979-03-03,1,1,F,E,1979,3
CA Fenix,CA Cerro,1979-03-10,1,0,F,L,1979,3
CA Penarol,Defensor Sporting,1979-03-10,3,0,F,L,1979,3
Club Social Y Deportivo Huracan Buceo,Bella Vista,1979-03-10,2,1,F,L,1979,3
Danubio,Liverpool,1979-03-10,0,1,F,V,1979,3
Nacional,Montevideo Wanderers,1979-03-10,1,1,F,E,1979,3
Rentistas,Institucion Atletica Sud America,1979-03-10,0,0,F,E,1979,3
CA Cerro,River Plate,1979-03-17,1,2,F,V,1979,3
CA Penarol,CA Fenix,1979-03-17,1,0,F,L,1979,3
Defensor Sporting,Rentistas,1979-03-17,0,0,F,E,1979,3
Institucion Atletica Sud America,Bella Vista,1979-03-17,3,1,F,L,1979,3
Liverpool,Montevideo Wanderers,1979-03-17,1,1,F,E,1979,3
Nacional,Danubio,1979-03-17,2,0,F,L,1979,3
Bella Vista,Rentistas,1979-03-24,2,2,F,E,1979,3
Club Social Y Deportivo Huracan Buceo,Nacional,1979-03-24,1,0,F,L,1979,3
Danubio,CA Penarol,1979-03-24,0,2,F,V,1979,3
Institucion Atletica Sud America,Defensor Sporting,1979-03-24,1,0,F,L,1979,3
Liverpool,River Plate,1979-03-24,3,3,F,E,1979,3
Montevideo Wanderers,CA Cerro,1979-03-24,0,0,F,E,1979,3
CA Fenix,Montevideo Wanderers,1979-03-31,1,1,F,E,1979,3
Club Social Y Deportivo Huracan Buceo,CA Cerro,1979-03-31,0,1,F,V,1979,3
Defensor Sporting,Liverpool,1979-03-31,0,0,F,E,1979,3
Nacional,Institucion Atletica Sud America,1979-03-31,2,0,F,L,1979,3
Rentistas,CA Penarol,1979-03-31,0,2,F,V,1979,3
River Plate,Danubio,1979-03-31,1,0,F,L,1979,3
Bella Vista,CA Penarol,1979-04-07,0,1,F,V,1979,4
CA Cerro,Danubio,1979-04-07,3,0,F,L,1979,4
Defensor Sporting,CA Fenix,1979-04-07,1,3,F,V,1979,4
Liverpool,Nacional,1979-04-07,0,4,F,V,1979,4
Montevideo Wanderers,River Plate,1979-04-07,0,0,F,E,1979,4
Rentistas,Club Social Y Deportivo Huracan Buceo,1979-04-07,0,0,F,E,1979,4
Bella Vista,Montevideo Wanderers,1979-04-14,3,2,F,L,1979,4
CA Cerro,Rentistas,1979-04-14,3,1,F,L,1979,4
Club Social Y Deportivo Huracan Buceo,CA Fenix,1979-04-14,0,1,F,V,1979,4
Liverpool,Institucion Atletica Sud America,1979-04-14,1,0,F,L,1979,4
Nacional,CA Penarol,1979-04-14,3,0,F,L,1979,4
River Plate,Defensor Sporting,1979-04-14,0,0,F,E,1979,4
Bella Vista,CA Fenix,1979-04-21,0,0,F,E,1979,4
CA Cerro,Nacional,1979-04-21,0,1,F,V,1979,4
Club Social Y Deportivo Huracan Buceo,Liverpool,1979-04-21,2,1,F,L,1979,4
Institucion Atletica Sud America,River Plate,1979-04-21,3,0,F,L,1979,4
Montevideo Wanderers,CA Penarol,1979-04-21,1,1,F,E,1979,4
Rentistas,Danubio,1979-04-21,1,1,F,E,1979,4
CA Fenix,Liverpool,1979-04-28,0,1,F,V,1979,4
CA Penarol,Institucion Atletica Sud America,1979-04-28,3,1,F,L,1979,4
Club Social Y Deportivo Huracan Buceo,River Plate,1979-04-28,1,1,F,E,1979,4
Danubio,Defensor Sporting,1979-04-28,0,1,F,V,1979,4
Nacional,Bella Vista,1979-04-28,3,1,F,L,1979,4
Rentistas,Montevideo Wanderers,1979-04-28,0,0,F,E,1979,4
CA Cerro,Institucion Atletica Sud America,1979-05-05,1,1,F,E,1979,5
CA Fenix,Danubio,1979-05-05,1,1,F,E,1979,5
CA Penarol,Club Social Y Deportivo Huracan Buceo,1979-05-05,2,1,F,L,1979,5
Liverpool,Rentistas,1979-05-05,0,0,F,E,1979,5
Montevideo Wanderers,Defensor Sporting,1979-05-05,2,2,F,E,1979,5
River Plate,Bella Vista,1979-05-05,2,1,F,L,1979,5
Bella Vista,Danubio,1979-05-12,1,1,F,E,1979,5
CA Cerro,Liverpool,1979-05-12,0,0,F,E,1979,5
Defensor Sporting,Club Social Y Deportivo Huracan Buceo,1979-05-12,2,1,F,L,1979,5
Institucion Atletica Sud America,CA Fenix,1979-05-12,2,0,F,L,1979,5
Rentistas,Nacional,1979-05-12,1,6,F,V,1979,5
River Plate,CA Penarol,1979-05-12,0,3,F,V,1979,5
CA Fenix,Rentistas,1979-05-19,2,1,F,L,1979,5
CA Penarol,CA Cerro,1979-05-19,2,0,F,L,1979,5
Club Social Y Deportivo Huracan Buceo,Montevideo Wanderers,1979-05-19,3,1,F,L,1979,5
Danubio,Institucion Atletica Sud America,1979-05-19,2,2,F,E,1979,5
Defensor Sporting,Bella Vista,1979-05-19,3,2,F,L,1979,5
Nacional,River Plate,1979-05-19,3,1,F,L,1979,5
Bella Vista,CA Cerro,1979-05-26,4,0,F,L,1979,5
Defensor Sporting,Nacional,1979-05-26,0,0,F,E,1979,5
Institucion Atletica Sud America,Club Social Y Deportivo Huracan Buceo,1979-05-26,1,1,F,E,1979,5
Liverpool,CA Penarol,1979-05-26,0,3,F,V,1979,5
Montevideo Wanderers,Danubio,1979-05-26,0,2,F,V,1979,5
River Plate,CA Fenix,1979-05-26,0,1,F,V,1979,5
Bella Vista,Liverpool,1979-06-02,0,0,F,E,1979,6
Club Social Y Deportivo Huracan Buceo,Danubio,1979-06-02,0,0,F,E,1979,6
Defensor Sporting,CA Cerro,1979-06-02,2,0,F,L,1979,6
Montevideo Wanderers,Institucion Atletica Sud America,1979-06-02,1,0,F,L,1979,6
Nacional,CA Fenix,1979-06-02,1,1,F,E,1979,6
River Plate,Rentistas,1979-06-02,0,0,F,E,1979,6
Bella Vista,Club Social Y Deportivo Huracan Buceo,1979-06-09,1,0,F,L,1979,6
CA Cerro,CA Fenix,1979-06-09,0,2,F,V,1979,6
Defensor Sporting,CA Penarol,1979-06-09,1,2,F,V,1979,6
Institucion Atletica Sud America,Rentistas,1979-06-09,1,3,F,V,1979,6
Liverpool,Danubio,1979-06-09,0,2,F,V,1979,6
Montevideo Wanderers,Nacional,1979-06-09,5,1,F,L,1979,6
Bella Vista,Institucion Atletica Sud America,1979-06-16,0,0,F,E,1979,6
CA Fenix,CA Penarol,1979-06-16,0,0,F,E,1979,6
Danubio,Nacional,1979-06-16,0,2,F,V,1979,6
Montevideo Wanderers,Liverpool,1979-06-16,1,0,F,L,1979,6
Rentistas,Defensor Sporting,1979-06-16,0,2,F,V,1979,6
River Plate,CA Cerro,1979-06-16,1,1,F,E,1979,6
CA Cerro,Montevideo Wanderers,1979-06-23,2,1,F,L,1979,6
CA Penarol,Danubio,1979-06-23,2,0,F,L,1979,6
Defensor Sporting,Institucion Atletica Sud America,1979-06-23,4,1,F,L,1979,6
Nacional,Club Social Y Deportivo Huracan Buceo,1979-06-23,1,0,F,L,1979,6
Rentistas,Bella Vista,1979-06-23,0,4,F,V,1979,6
River Plate,Liverpool,1979-06-23,1,0,F,L,1979,6
CA Cerro,Club Social Y Deportivo Huracan Buceo,1979-06-30,1,1,F,E,1979,6
CA Penarol,Rentistas,1979-06-30,2,0,F,L,1979,6
Danubio,River Plate,1979-06-30,0,0,F,E,1979,6
Institucion Atletica Sud America,Nacional,1979-06-30,1,3,F,V,1979,6
Liverpool,Defensor Sporting,1979-06-30,2,0,F,L,1979,6
Montevideo Wanderers,CA Fenix,1979-06-30,0,1,F,V,1979,6
CA Fenix,Defensor Sporting,1979-08-04,1,0,F,L,1979,8
CA Penarol,Bella Vista,1979-08-04,2,0,F,L,1979,8
Club Social Y Deportivo Huracan Buceo,Rentistas,1979-08-04,1,0,F,L,1979,8
Danubio,CA Cerro,1979-08-04,4,2,F,L,1979,8
Nacional,Liverpool,1979-08-04,2,1,F,L,1979,8
River Plate,Montevideo Wanderers,1979-08-04,0,2,F,V,1979,8
CA Fenix,Club Social Y Deportivo Huracan Buceo,1979-08-11,0,1,F,V,1979,8
CA Penarol,Nacional,1979-08-11,1,0,F,L,1979,8
Defensor Sporting,River Plate,1979-08-11,0,3,F,V,1979,8
Institucion Atletica Sud America,Liverpool,1979-08-11,3,2,F,L,1979,8
Montevideo Wanderers,Bella Vista,1979-08-11,3,0,F,L,1979,8
Rentistas,CA Cerro,1979-08-11,2,2,F,E,1979,8
CA Fenix,Bella Vista,1979-08-18,1,2,F,V,1979,8
CA Penarol,Montevideo Wanderers,1979-08-18,2,0,F,L,1979,8
Danubio,Rentistas,1979-08-18,1,1,F,E,1979,8
Liverpool,Club Social Y Deportivo Huracan Buceo,1979-08-18,1,0,F,L,1979,8
Nacional,CA Cerro,1979-08-18,3,0,F,L,1979,8
River Plate,Institucion Atletica Sud America,1979-08-18,0,3,F,V,1979,8
Bella Vista,Nacional,1979-08-25,1,5,F,V,1979,8
Defensor Sporting,Danubio,1979-08-25,2,0,F,L,1979,8
Institucion Atletica Sud America,CA Penarol,1979-08-25,1,1,F,E,1979,8
Liverpool,CA Fenix,1979-08-25,1,1,F,E,1979,8
Montevideo Wanderers,Rentistas,1979-08-25,0,1,F,V,1979,8
River Plate,Club Social Y Deportivo Huracan Buceo,1979-08-25,2,1,F,L,1979,8
Bella Vista,River Plate,1979-09-01,1,1,F,E,1979,9
Club Social Y Deportivo Huracan Buceo,CA Penarol,1979-09-01,1,2,F,V,1979,9
Danubio,CA Fenix,1979-09-01,1,1,F,E,1979,9
Defensor Sporting,Montevideo Wanderers,1979-09-01,5,1,F,L,1979,9
Institucion Atletica Sud America,CA Cerro,1979-09-01,0,3,F,V,1979,9
Rentistas,Liverpool,1979-09-01,1,0,F,L,1979,9
CA Fenix,Institucion Atletica Sud America,1979-09-08,3,1,F,L,1979,9
CA Penarol,River Plate,1979-09-08,1,3,F,V,1979,9
Club Social Y Deportivo Huracan Buceo,Defensor Sporting,1979-09-08,1,1,F,E,1979,9
Danubio,Bella Vista,1979-09-08,1,1,F,E,1979,9
Liverpool,CA Cerro,1979-09-08,2,3,F,V,1979,9
Nacional,Rentistas,1979-09-08,5,1,F,L,1979,9
Bella Vista,Defensor Sporting,1979-09-15,2,2,F,E,1979,9
CA Cerro,CA Penarol,1979-09-15,0,3,F,V,1979,9
Institucion Atletica Sud America,Danubio,1979-09-15,0,4,F,V,1979,9
Montevideo Wanderers,Club Social Y Deportivo Huracan Buceo,1979-09-15,2,0,F,L,1979,9
Rentistas,CA Fenix,1979-09-15,0,1,F,V,1979,9
River Plate,Nacional,1979-09-15,1,3,F,V,1979,9
CA Cerro,Bella Vista,1979-09-22,1,1,F,E,1979,9
CA Fenix,River Plate,1979-09-22,1,2,F,V,1979,9
CA Penarol,Liverpool,1979-09-22,6,0,F,L,1979,9
Club Social Y Deportivo Huracan Buceo,Institucion Atletica Sud America,1979-09-22,4,1,F,L,1979,9
Danubio,Montevideo Wanderers,1979-09-22,0,1,F,V,1979,9
Nacional,Defensor Sporting,1979-09-22,1,1,F,E,1979,9
Bella Vista,Nacional,1980-03-01,3,0,F,L,1980,3
CA Cerro,Rentistas,1980-03-01,2,0,F,L,1980,3
CA Fenix,River Plate,1980-03-01,3,1,F,L,1980,3
CA Penarol,Institucion Atletica Sud America,1980-03-01,2,0,F,L,1980,3
Defensor Sporting,Club Social Y Deportivo Huracan Buceo,1980-03-01,1,0,F,L,1980,3
Miramar Misiones,CA Progreso,1980-03-01,3,1,F,L,1980,3
Montevideo Wanderers,Danubio,1980-03-01,0,0,F,E,1980,3
Bella Vista,Defensor Sporting,1980-03-08,2,0,F,L,1980,3
CA Penarol,Club Social Y Deportivo Huracan Buceo,1980-03-08,1,1,F,E,1980,3
Institucion Atletica Sud America,CA Cerro,1980-03-08,3,1,F,L,1980,3
Montevideo Wanderers,CA Fenix,1980-03-08,3,0,F,L,1980,3
Nacional,CA Progreso,1980-03-08,5,0,F,L,1980,3
Rentistas,Miramar Misiones,1980-03-08,1,1,F,E,1980,3
River Plate,Danubio,1980-03-08,4,1,F,L,1980,3
Bella Vista,Danubio,1980-03-15,1,1,F,E,1980,3
CA Cerro,Montevideo Wanderers,1980-03-15,2,2,F,E,1980,3
CA Fenix,Institucion Atletica Sud America,1980-03-15,0,0,F,E,1980,3
Club Social Y Deportivo Huracan Buceo,CA Progreso,1980-03-15,4,2,F,L,1980,3
Miramar Misiones,Defensor Sporting,1980-03-15,2,1,F,L,1980,3
Nacional,Rentistas,1980-03-15,2,0,F,L,1980,3
River Plate,CA Penarol,1980-03-15,3,0,F,L,1980,3
Bella Vista,Rentistas,1980-03-22,0,0,F,E,1980,3
CA Penarol,CA Progreso,1980-03-22,1,0,F,L,1980,3
Club Social Y Deportivo Huracan Buceo,River Plate,1980-03-22,2,0,F,L,1980,3
Danubio,CA Cerro,1980-03-22,1,1,F,E,1980,3
Defensor Sporting,CA Fenix,1980-03-22,3,1,F,L,1980,3
Institucion Atletica Sud America,Miramar Misiones,1980-03-22,1,1,F,E,1980,3
Nacional,Montevideo Wanderers,1980-03-22,2,0,F,L,1980,3
Bella Vista,River Plate,1980-03-29,3,0,F,L,1980,3
CA Cerro,CA Penarol,1980-03-29,1,1,F,E,1980,3
CA Progreso,CA Fenix,1980-03-29,1,1,F,E,1980,3
Danubio,Miramar Misiones,1980-03-29,1,0,F,L,1980,3
Institucion Atletica Sud America,Rentistas,1980-03-29,2,0,F,L,1980,3
Montevideo Wanderers,Defensor Sporting,1980-03-29,4,0,F,L,1980,3
Nacional,Club Social Y Deportivo Huracan Buceo,1980-03-29,2,1,F,L,1980,3
CA Fenix,CA Cerro,1980-04-05,0,0,F,E,1980,4
CA Penarol,Bella Vista,1980-04-05,1,1,F,E,1980,4
CA Progreso,Rentistas,1980-04-05,3,0,F,L,1980,4
Club Social Y Deportivo Huracan Buceo,Danubio,1980-04-05,2,1,F,L,1980,4
Institucion Atletica Sud America,Defensor Sporting,1980-04-05,1,1,F,E,1980,4
Miramar Misiones,Montevideo Wanderers,1980-04-05,1,0,F,L,1980,4
Nacional,River Plate,1980-04-05,3,2,F,L,1980,4
CA Fenix,CA Penarol,1980-04-12,2,1,F,L,1980,4
CA Progreso,Defensor Sporting,1980-04-12,0,0,F,E,1980,4
Club Social Y Deportivo Huracan Buceo,Miramar Misiones,1980-04-12,2,0,F,L,1980,4
Danubio,Rentistas,1980-04-12,1,1,F,E,1980,4
Montevideo Wanderers,Bella Vista,1980-04-12,3,1,F,L,1980,4
Nacional,CA Cerro,1980-04-12,2,0,F,L,1980,4
River Plate,Institucion Atletica Sud America,1980-04-12,2,2,F,E,1980,4
CA Progreso,Bella Vista,1980-04-19,2,0,F,L,1980,4
Danubio,CA Fenix,1980-04-19,2,1,F,L,1980,4
Defensor Sporting,CA Penarol,1980-04-19,3,2,F,L,1980,4
Miramar Misiones,CA Cerro,1980-04-19,1,1,F,E,1980,4
Montevideo Wanderers,Club Social Y Deportivo Huracan Buceo,1980-04-19,3,0,F,L,1980,4
Nacional,Institucion Atletica Sud America,1980-04-19,3,1,F,L,1980,4
River Plate,Rentistas,1980-04-19,2,0,F,L,1980,4
Bella Vista,Miramar Misiones,1980-04-26,3,1,F,L,1980,4
CA Cerro,River Plate,1980-04-26,1,1,F,E,1980,4
Danubio,Defensor Sporting,1980-04-26,2,1,F,L,1980,4
Institucion Atletica Sud America,Club Social Y Deportivo Huracan Buceo,1980-04-26,3,0,F,L,1980,4
Montevideo Wanderers,CA Progreso,1980-04-26,2,0,F,L,1980,4
Nacional,CA Penarol,1980-04-26,3,1,F,L,1980,4
Rentistas,CA Fenix,1980-04-26,2,2,F,E,1980,4
Bella Vista,CA Cerro,1980-05-03,1,1,F,E,1980,5
CA Fenix,Club Social Y Deportivo Huracan Buceo,1980-05-03,2,0,F,L,1980,5
CA Penarol,Miramar Misiones,1980-05-03,1,0,F,L,1980,5
Danubio,Nacional,1980-05-03,3,2,F,L,1980,5
Defensor Sporting,River Plate,1980-05-03,2,0,F,L,1980,5
Institucion Atletica Sud America,CA Progreso,1980-05-03,2,2,F,E,1980,5
Montevideo Wanderers,Rentistas,1980-05-03,1,0,F,L,1980,5
Bella Vista,Institucion Atletica Sud America,1980-05-10,4,1,F,L,1980,5
CA Penarol,Rentistas,1980-05-10,1,0,F,L,1980,5
CA Progreso,Danubio,1980-05-10,2,1,F,L,1980,5
Club Social Y Deportivo Huracan Buceo,CA Cerro,1980-05-10,1,0,F,L,1980,5
Miramar Misiones,CA Fenix,1980-05-10,2,0,F,L,1980,5
Montevideo Wanderers,River Plate,1980-05-10,0,0,F,E,1980,5
Nacional,Defensor Sporting,1980-05-10,2,0,F,L,1980,5
Bella Vista,CA Fenix,1980-05-17,2,1,F,L,1980,5
CA Penarol,Montevideo Wanderers,1980-05-17,0,0,F,E,1980,5
CA Progreso,River Plate,1980-05-17,3,3,F,E,1980,5
Danubio,Institucion Atletica Sud America,1980-05-17,1,0,F,L,1980,5
Defensor Sporting,CA Cerro,1980-05-17,1,1,F,E,1980,5
Nacional,Miramar Misiones,1980-05-17,1,0,F,L,1980,5
Rentistas,Club Social Y Deportivo Huracan Buceo,1980-05-17,2,1,F,L,1980,5
CA Progreso,CA Cerro,1980-05-24,1,1,F,E,1980,5
Club Social Y Deportivo Huracan Buceo,Bella Vista,1980-05-24,0,0,F,E,1980,5
Danubio,CA Penarol,1980-05-24,0,0,F,E,1980,5
Defensor Sporting,Rentistas,1980-05-24,3,0,F,L,1980,5
Institucion Atletica Sud America,Montevideo Wanderers,1980-05-24,4,1,F,L,1980,5
Miramar Misiones,River Plate,1980-05-24,1,0,F,L,1980,5
Nacional,CA Fenix,1980-05-24,4,1,F,L,1980,5
CA Progreso,Miramar Misiones,1980-05-31,3,1,F,L,1980,5
Club Social Y Deportivo Huracan Buceo,Defensor Sporting,1980-05-31,1,2,F,V,1980,5
Danubio,Montevideo Wanderers,1980-05-31,1,1,F,E,1980,5
Institucion Atletica Sud America,CA Penarol,1980-05-31,1,3,F,V,1980,5
Nacional,Bella Vista,1980-05-31,3,0,F,L,1980,5
Rentistas,CA Cerro,1980-05-31,1,2,F,V,1980,5
River Plate,CA Fenix,1980-05-31,0,1,F,V,1980,5
CA Cerro,Institucion Atletica Sud America,1980-06-07,1,0,F,L,1980,6
CA Fenix,Montevideo Wanderers,1980-06-07,0,0,F,E,1980,6
CA Progreso,Nacional,1980-06-07,1,2,F,V,1980,6
Club Social Y Deportivo Huracan Buceo,CA Penarol,1980-06-07,0,0,F,E,1980,6
Danubio,River Plate,1980-06-07,1,3,F,V,1980,6
Defensor Sporting,Bella Vista,1980-06-07,1,1,F,E,1980,6
Miramar Misiones,Rentistas,1980-06-07,0,1,F,V,1980,6
CA Penarol,River Plate,1980-06-14,2,3,F,V,1980,6
CA Progreso,Club Social Y Deportivo Huracan Buceo,1980-06-14,0,0,F,E,1980,6
Danubio,Bella Vista,1980-06-14,2,2,F,E,1980,6
Defensor Sporting,Miramar Misiones,1980-06-14,2,1,F,L,1980,6
Institucion Atletica Sud America,CA Fenix,1980-06-14,3,0,F,L,1980,6
Montevideo Wanderers,CA Cerro,1980-06-14,3,0,F,L,1980,6
Rentistas,Nacional,1980-06-14,0,4,F,V,1980,6
CA Cerro,Danubio,1980-06-21,1,0,F,L,1980,6
CA Fenix,Defensor Sporting,1980-06-21,1,2,F,V,1980,6
CA Progreso,CA Penarol,1980-06-21,0,2,F,V,1980,6
Miramar Misiones,Institucion Atletica Sud America,1980-06-21,1,1,F,E,1980,6
Montevideo Wanderers,Nacional,1980-06-21,1,2,F,V,1980,6
Rentistas,Bella Vista,1980-06-21,1,5,F,V,1980,6
River Plate,Club Social Y Deportivo Huracan Buceo,1980-06-21,1,1,F,E,1980,6
CA Fenix,CA Progreso,1980-06-28,0,1,F,V,1980,6
CA Penarol,CA Cerro,1980-06-28,2,0,F,L,1980,6
Club Social Y Deportivo Huracan Buceo,Nacional,1980-06-28,0,1,F,V,1980,6
Defensor Sporting,Montevideo Wanderers,1980-06-28,0,1,F,V,1980,6
Miramar Misiones,Danubio,1980-06-28,0,2,F,V,1980,6
Rentistas,Institucion Atletica Sud America,1980-06-28,0,7,F,V,1980,6
River Plate,Bella Vista,1980-06-28,3,2,F,L,1980,6
Bella Vista,CA Penarol,1980-08-02,3,1,F,L,1980,8
CA Cerro,CA Fenix,1980-08-02,3,0,F,L,1980,8
Danubio,Club Social Y Deportivo Huracan Buceo,1980-08-02,2,2,F,E,1980,8
Defensor Sporting,Institucion Atletica Sud America,1980-08-02,2,1,F,L,1980,8
Montevideo Wanderers,Miramar Misiones,1980-08-02,1,0,F,L,1980,8
Rentistas,CA Progreso,1980-08-02,1,1,F,E,1980,8
River Plate,Nacional,1980-08-02,0,4,F,V,1980,8
Bella Vista,Montevideo Wanderers,1980-08-09,1,1,F,E,1980,8
CA Cerro,Nacional,1980-08-09,0,0,F,E,1980,8
CA Penarol,CA Fenix,1980-08-09,4,1,F,L,1980,8
Defensor Sporting,CA Progreso,1980-08-09,2,0,F,L,1980,8
Institucion Atletica Sud America,River Plate,1980-08-09,2,1,F,L,1980,8
Miramar Misiones,Club Social Y Deportivo Huracan Buceo,1980-08-09,0,0,F,E,1980,8
Rentistas,Danubio,1980-08-09,1,2,F,V,1980,8
Bella Vista,CA Progreso,1980-08-16,0,3,F,V,1980,8
CA Cerro,Miramar Misiones,1980-08-16,3,3,F,E,1980,8
CA Fenix,Danubio,1980-08-16,2,0,F,L,1980,8
CA Penarol,Defensor Sporting,1980-08-16,1,0,F,L,1980,8
Club Social Y Deportivo Huracan Buceo,Montevideo Wanderers,1980-08-16,1,3,F,V,1980,8
Institucion Atletica Sud America,Nacional,1980-08-16,1,0,F,L,1980,8
Rentistas,River Plate,1980-08-16,1,1,F,E,1980,8
CA Fenix,Rentistas,1980-08-23,4,1,F,L,1980,8
CA Penarol,Nacional,1980-08-23,0,0,F,E,1980,8
CA Progreso,Montevideo Wanderers,1980-08-23,0,0,F,E,1980,8
Club Social Y Deportivo Huracan Buceo,Institucion Atletica Sud America,1980-08-23,0,1,F,V,1980,8
Defensor Sporting,Danubio,1980-08-23,1,1,F,E,1980,8
Miramar Misiones,Bella Vista,1980-08-23,2,0,F,L,1980,8
River Plate,CA Cerro,1980-08-23,0,4,F,V,1980,8
CA Cerro,Bella Vista,1980-08-30,0,2,F,V,1980,8
CA Progreso,Institucion Atletica Sud America,1980-08-30,1,1,F,E,1980,8
Club Social Y Deportivo Huracan Buceo,CA Fenix,1980-08-30,0,2,F,V,1980,8
Miramar Misiones,CA Penarol,1980-08-30,0,1,F,V,1980,8
Nacional,Danubio,1980-08-30,0,2,F,V,1980,8
Rentistas,Montevideo Wanderers,1980-08-30,0,1,F,V,1980,8
River Plate,Defensor Sporting,1980-08-30,0,3,F,V,1980,8
CA Cerro,Club Social Y Deportivo Huracan Buceo,1980-09-06,2,0,F,L,1980,9
CA Fenix,Miramar Misiones,1980-09-06,1,1,F,E,1980,9
Danubio,CA Progreso,1980-09-06,1,3,F,V,1980,9
Defensor Sporting,Nacional,1980-09-06,0,1,F,V,1980,9
Institucion Atletica Sud America,Bella Vista,1980-09-06,1,4,F,V,1980,9
Rentistas,CA Penarol,1980-09-06,0,2,F,V,1980,9
River Plate,Montevideo Wanderers,1980-09-06,1,4,F,V,1980,9
CA Cerro,Defensor Sporting,1980-09-13,1,1,F,E,1980,9
CA Fenix,Bella Vista,1980-09-13,1,1,F,E,1980,9
Club Social Y Deportivo Huracan Buceo,Rentistas,1980-09-13,0,1,F,V,1980,9
Institucion Atletica Sud America,Danubio,1980-09-13,0,0,F,E,1980,9
Miramar Misiones,Nacional,1980-09-13,2,3,F,V,1980,9
Montevideo Wanderers,CA Penarol,1980-09-13,0,0,F,E,1980,9
River Plate,CA Progreso,1980-09-13,0,0,F,E,1980,9
Bella Vista,Club Social Y Deportivo Huracan Buceo,1980-09-20,1,0,F,L,1980,9
CA Cerro,CA Progreso,1980-09-20,3,1,F,L,1980,9
CA Fenix,Nacional,1980-09-20,2,2,F,E,1980,9
CA Penarol,Danubio,1980-09-20,3,1,F,L,1980,9
Montevideo Wanderers,Institucion Atletica Sud America,1980-09-20,1,0,F,L,1980,9
Rentistas,Defensor Sporting,1980-09-20,0,3,F,V,1980,9
River Plate,Miramar Misiones,1980-09-20,0,0,F,E,1980,9
Bella Vista,Danubio,1981-03-07,2,0,F,L,1981,3
CA Cerro,Defensor Sporting,1981-03-07,2,1,F,L,1981,3
CA Penarol,Miramar Misiones,1981-03-07,5,1,F,L,1981,3
Institucion Atletica Sud America,Rampla Juniors Futbol Club,1981-03-07,1,1,F,E,1981,3
Liverpool,CA Progreso,1981-03-07,1,1,F,E,1981,3
Montevideo Wanderers,Club Social Y Deportivo Huracan Buceo,1981-03-07,3,0,F,L,1981,3
River Plate,CA Fenix,1981-03-07,2,2,F,E,1981,3
Bella Vista,Rampla Juniors Futbol Club,1981-03-14,1,1,F,E,1981,3
CA Penarol,Liverpool,1981-03-14,2,0,F,L,1981,3
CA Progreso,Miramar Misiones,1981-03-14,2,0,F,L,1981,3
Institucion Atletica Sud America,Danubio,1981-03-14,2,1,F,L,1981,3
Montevideo Wanderers,CA Fenix,1981-03-14,2,1,F,L,1981,3
Nacional,Defensor Sporting,1981-03-14,2,0,F,L,1981,3
River Plate,Club Social Y Deportivo Huracan Buceo,1981-03-14,3,0,F,L,1981,3
Bella Vista,Institucion Atletica Sud America,1981-03-21,4,1,F,L,1981,3
CA Cerro,Nacional,1981-03-21,2,5,F,V,1981,3
CA Fenix,Club Social Y Deportivo Huracan Buceo,1981-03-21,0,3,F,V,1981,3
CA Progreso,CA Penarol,1981-03-21,0,4,F,V,1981,3
Danubio,Rampla Juniors Futbol Club,1981-03-21,3,0,F,L,1981,3
Liverpool,Miramar Misiones,1981-03-21,2,1,F,L,1981,3
River Plate,Montevideo Wanderers,1981-03-21,0,0,F,E,1981,3
Bella Vista,CA Cerro,1981-03-28,2,1,F,L,1981,3
CA Fenix,Liverpool,1981-03-28,0,0,F,E,1981,3
Defensor Sporting,Danubio,1981-03-28,3,2,F,L,1981,3
Institucion Atletica Sud America,Nacional,1981-03-28,1,1,F,E,1981,3
Miramar Misiones,Club Social Y Deportivo Huracan Buceo,1981-03-28,1,0,F,L,1981,3
Montevideo Wanderers,CA Penarol,1981-03-28,0,0,F,E,1981,3
River Plate,CA Progreso,1981-03-28,3,3,F,E,1981,3
Bella Vista,Defensor Sporting,1981-04-04,1,1,F,E,1981,4
CA Cerro,Danubio,1981-04-04,2,1,F,L,1981,4
CA Fenix,CA Progreso,1981-04-04,2,2,F,E,1981,4
CA Penarol,Club Social Y Deportivo Huracan Buceo,1981-04-04,1,1,F,E,1981,4
Miramar Misiones,Montevideo Wanderers,1981-04-04,2,2,F,E,1981,4
Nacional,Rampla Juniors Futbol Club,1981-04-04,6,2,F,L,1981,4
River Plate,Liverpool,1981-04-04,4,2,F,L,1981,4
CA Cerro,Rampla Juniors Futbol Club,1981-04-11,2,0,F,L,1981,4
CA Penarol,CA Fenix,1981-04-11,2,1,F,L,1981,4
Club Social Y Deportivo Huracan Buceo,CA Progreso,1981-04-11,3,1,F,L,1981,4
Danubio,Nacional,1981-04-11,3,2,F,L,1981,4
Defensor Sporting,Institucion Atletica Sud America,1981-04-11,1,0,F,L,1981,4
Montevideo Wanderers,Liverpool,1981-04-11,1,0,F,L,1981,4
River Plate,Miramar Misiones,1981-04-11,1,1,F,E,1981,4
CA Cerro,Institucion Atletica Sud America,1981-04-18,4,0,F,L,1981,4
CA Fenix,Miramar Misiones,1981-04-18,4,1,F,L,1981,4
Defensor Sporting,Rampla Juniors Futbol Club,1981-04-18,1,0,F,L,1981,4
Liverpool,Club Social Y Deportivo Huracan Buceo,1981-04-18,0,0,F,E,1981,4
Montevideo Wanderers,CA Progreso,1981-04-18,2,1,F,L,1981,4
Nacional,Bella Vista,1981-04-18,2,1,F,L,1981,4
River Plate,CA Penarol,1981-04-18,2,0,F,L,1981,4
Bella Vista,Liverpool,1981-04-25,1,1,F,E,1981,4
CA Cerro,CA Fenix,1981-04-25,1,1,F,E,1981,4
CA Penarol,Rampla Juniors Futbol Club,1981-04-25,1,0,F,L,1981,4
Danubio,CA Progreso,1981-04-25,5,0,F,L,1981,4
Defensor Sporting,River Plate,1981-04-25,1,1,F,E,1981,4
Miramar Misiones,Institucion Atletica Sud America,1981-04-25,3,3,F,E,1981,4
Nacional,Club Social Y Deportivo Huracan Buceo,1981-04-25,1,1,F,E,1981,4
Bella Vista,CA Progreso,1981-05-02,2,0,F,L,1981,5
CA Cerro,River Plate,1981-05-02,2,2,F,E,1981,5
CA Penarol,Defensor Sporting,1981-05-02,4,2,F,L,1981,5
Danubio,Montevideo Wanderers,1981-05-02,2,2,F,E,1981,5
Liverpool,Institucion Atletica Sud America,1981-05-02,1,1,F,E,1981,5
Miramar Misiones,Rampla Juniors Futbol Club,1981-05-02,1,1,F,E,1981,5
Nacional,CA Fenix,1981-05-02,1,0,F,L,1981,5
Bella Vista,Club Social Y Deportivo Huracan Buceo,1981-05-09,0,0,F,E,1981,5
Danubio,CA Fenix,1981-05-09,3,1,F,L,1981,5
Defensor Sporting,Liverpool,1981-05-09,3,0,F,L,1981,5
Miramar Misiones,CA Cerro,1981-05-09,1,1,F,E,1981,5
Montevideo Wanderers,Institucion Atletica Sud America,1981-05-09,1,1,F,E,1981,5
Nacional,CA Penarol,1981-05-09,3,2,F,L,1981,5
Rampla Juniors Futbol Club,CA Progreso,1981-05-09,0,0,F,E,1981,5
Bella Vista,Montevideo Wanderers,1981-05-16,3,1,F,L,1981,5
CA Penarol,CA Cerro,1981-05-16,2,0,F,L,1981,5
CA Progreso,Institucion Atletica Sud America,1981-05-16,1,0,F,L,1981,5
Club Social Y Deportivo Huracan Buceo,Danubio,1981-05-16,2,1,F,L,1981,5
Defensor Sporting,Miramar Misiones,1981-05-16,0,0,F,E,1981,5
Liverpool,Rampla Juniors Futbol Club,1981-05-16,2,1,F,L,1981,5
River Plate,Nacional,1981-05-16,3,2,F,L,1981,5
Bella Vista,CA Fenix,1981-05-23,2,2,F,E,1981,5
Defensor Sporting,CA Progreso,1981-05-23,7,0,F,L,1981,5
Institucion Atletica Sud America,Club Social Y Deportivo Huracan Buceo,1981-05-23,2,2,F,E,1981,5
Liverpool,CA Cerro,1981-05-23,1,0,F,L,1981,5
Miramar Misiones,Nacional,1981-05-23,2,1,F,L,1981,5
Montevideo Wanderers,Rampla Juniors Futbol Club,1981-05-23,1,0,F,L,1981,5
River Plate,Danubio,1981-05-23,1,1,F,E,1981,5
Bella Vista,River Plate,1981-05-30,5,2,F,L,1981,5
CA Cerro,CA Progreso,1981-05-30,1,1,F,E,1981,5
CA Fenix,Institucion Atletica Sud America,1981-05-30,2,0,F,L,1981,5
CA Penarol,Danubio,1981-05-30,2,0,F,L,1981,5
Club Social Y Deportivo Huracan Buceo,Rampla Juniors Futbol Club,1981-05-30,5,3,F,L,1981,5
Defensor Sporting,Montevideo Wanderers,1981-05-30,1,1,F,E,1981,5
Nacional,Liverpool,1981-05-30,2,0,F,L,1981,5
CA Penarol,Bella Vista,1981-06-06,1,0,F,L,1981,6
Danubio,Miramar Misiones,1981-06-06,2,1,F,L,1981,6
Defensor Sporting,Club Social Y Deportivo Huracan Buceo,1981-06-06,1,1,F,E,1981,6
Institucion Atletica Sud America,River Plate,1981-06-06,0,0,F,E,1981,6
Montevideo Wanderers,CA Cerro,1981-06-06,1,0,F,L,1981,6
Nacional,CA Progreso,1981-06-06,2,2,F,E,1981,6
Rampla Juniors Futbol Club,CA Fenix,1981-06-06,2,1,F,L,1981,6
CA Fenix,Defensor Sporting,1981-06-13,2,2,F,E,1981,6
CA Penarol,Institucion Atletica Sud America,1981-06-13,2,1,F,L,1981,6
Club Social Y Deportivo Huracan Buceo,CA Cerro,1981-06-13,1,1,F,E,1981,6
Liverpool,Danubio,1981-06-13,2,1,F,L,1981,6
Miramar Misiones,Bella Vista,1981-06-13,3,1,F,L,1981,6
Nacional,Montevideo Wanderers,1981-06-13,2,0,F,L,1981,6
River Plate,Rampla Juniors Futbol Club,1981-06-13,0,0,F,E,1981,6
CA Fenix,River Plate,1981-06-20,0,2,F,V,1981,6
CA Progreso,Liverpool,1981-06-20,1,3,F,V,1981,6
Club Social Y Deportivo Huracan Buceo,Montevideo Wanderers,1981-06-20,0,1,F,V,1981,6
Danubio,Bella Vista,1981-06-20,0,0,F,E,1981,6
Defensor Sporting,CA Cerro,1981-06-20,1,0,F,L,1981,6
Miramar Misiones,CA Penarol,1981-06-20,1,1,F,E,1981,6
Rampla Juniors Futbol Club,Institucion Atletica Sud America,1981-06-20,1,0,F,L,1981,6
CA Fenix,Montevideo Wanderers,1981-06-27,0,1,F,V,1981,6
Club Social Y Deportivo Huracan Buceo,River Plate,1981-06-27,0,1,F,V,1981,6
Danubio,Institucion Atletica Sud America,1981-06-27,0,2,F,V,1981,6
Defensor Sporting,Nacional,1981-06-27,3,4,F,V,1981,6
Liverpool,CA Penarol,1981-06-27,0,1,F,V,1981,6
Miramar Misiones,CA Progreso,1981-06-27,1,0,F,L,1981,6
Rampla Juniors Futbol Club,Bella Vista,1981-06-27,1,1,F,E,1981,6
CA Penarol,CA Progreso,1981-08-01,3,1,F,L,1981,8
Club Social Y Deportivo Huracan Buceo,CA Fenix,1981-08-01,3,1,F,L,1981,8
Institucion Atletica Sud America,Bella Vista,1981-08-01,0,1,F,V,1981,8
Miramar Misiones,Liverpool,1981-08-01,6,0,F,L,1981,8
Montevideo Wanderers,River Plate,1981-08-01,0,1,F,V,1981,8
Nacional,CA Cerro,1981-08-01,2,0,F,L,1981,8
Rampla Juniors Futbol Club,Danubio,1981-08-01,1,0,F,L,1981,8
CA Cerro,Bella Vista,1981-08-08,2,2,F,E,1981,8
CA Penarol,Montevideo Wanderers,1981-08-08,6,2,F,L,1981,8
CA Progreso,River Plate,1981-08-08,2,2,F,E,1981,8
Club Social Y Deportivo Huracan Buceo,Miramar Misiones,1981-08-08,0,0,F,E,1981,8
Danubio,Defensor Sporting,1981-08-08,0,1,F,V,1981,8
Liverpool,CA Fenix,1981-08-08,1,0,F,L,1981,8
Nacional,Institucion Atletica Sud America,1981-08-08,2,1,F,L,1981,8
CA Progreso,CA Fenix,1981-08-15,1,1,F,E,1981,8
Club Social Y Deportivo Huracan Buceo,CA Penarol,1981-08-15,1,1,F,E,1981,8
Danubio,CA Cerro,1981-08-15,2,5,F,V,1981,8
Defensor Sporting,Bella Vista,1981-08-15,1,3,F,V,1981,8
Liverpool,River Plate,1981-08-15,0,2,F,V,1981,8
Montevideo Wanderers,Miramar Misiones,1981-08-15,1,1,F,E,1981,8
Rampla Juniors Futbol Club,Nacional,1981-08-15,2,4,F,V,1981,8
CA Fenix,CA Penarol,1981-08-22,1,4,F,V,1981,8
CA Progreso,Club Social Y Deportivo Huracan Buceo,1981-08-22,4,0,F,L,1981,8
Institucion Atletica Sud America,Defensor Sporting,1981-08-22,1,2,F,V,1981,8
Liverpool,Montevideo Wanderers,1981-08-22,0,4,F,V,1981,8
Miramar Misiones,River Plate,1981-08-22,2,0,F,L,1981,8
Nacional,Danubio,1981-08-22,2,1,F,L,1981,8
Rampla Juniors Futbol Club,CA Cerro,1981-08-22,0,3,F,V,1981,8
Bella Vista,Nacional,1981-08-29,1,3,F,V,1981,8
CA Penarol,River Plate,1981-08-29,4,1,F,L,1981,8
CA Progreso,Montevideo Wanderers,1981-08-29,0,2,F,V,1981,8
Club Social Y Deportivo Huracan Buceo,Liverpool,1981-08-29,3,1,F,L,1981,8
Institucion Atletica Sud America,CA Cerro,1981-08-29,0,0,F,E,1981,8
Miramar Misiones,CA Fenix,1981-08-29,1,0,F,L,1981,8
Rampla Juniors Futbol Club,Defensor Sporting,1981-08-29,1,0,F,L,1981,8
CA Fenix,CA Cerro,1981-09-05,4,2,F,L,1981,9
CA Progreso,Danubio,1981-09-05,1,1,F,E,1981,9
Club Social Y Deportivo Huracan Buceo,Nacional,1981-09-05,1,1,F,E,1981,9
Institucion Atletica Sud America,Miramar Misiones,1981-09-05,1,2,F,V,1981,9
Liverpool,Bella Vista,1981-09-05,0,1,F,V,1981,9
Rampla Juniors Futbol Club,CA Penarol,1981-09-05,1,4,F,V,1981,9
River Plate,Defensor Sporting,1981-09-05,1,2,F,V,1981,9
CA Fenix,Nacional,1981-09-12,0,2,F,V,1981,9
CA Progreso,Bella Vista,1981-09-12,0,1,F,V,1981,9
Defensor Sporting,CA Penarol,1981-09-12,0,3,F,V,1981,9
Institucion Atletica Sud America,Liverpool,1981-09-12,0,0,F,E,1981,9
Montevideo Wanderers,Danubio,1981-09-12,1,1,F,E,1981,9
Rampla Juniors Futbol Club,Miramar Misiones,1981-09-12,0,0,F,E,1981,9
River Plate,CA Cerro,1981-09-12,0,1,F,V,1981,9
CA Cerro,Miramar Misiones,1981-09-19,1,1,F,E,1981,9
CA Fenix,Danubio,1981-09-19,0,5,F,V,1981,9
CA Penarol,Nacional,1981-09-19,3,2,F,L,1981,9
CA Progreso,Rampla Juniors Futbol Club,1981-09-19,1,1,F,E,1981,9
Club Social Y Deportivo Huracan Buceo,Bella Vista,1981-09-19,1,1,F,E,1981,9
Institucion Atletica Sud America,Montevideo Wanderers,1981-09-19,0,0,F,E,1981,9
Liverpool,Defensor Sporting,1981-09-19,0,3,F,V,1981,9
CA Cerro,CA Penarol,1981-09-26,0,2,F,V,1981,9
Danubio,Club Social Y Deportivo Huracan Buceo,1981-09-26,0,0,F,E,1981,9
Institucion Atletica Sud America,CA Progreso,1981-09-26,1,2,F,V,1981,9
Miramar Misiones,Defensor Sporting,1981-09-26,0,2,F,V,1981,9
Montevideo Wanderers,Bella Vista,1981-09-26,1,1,F,E,1981,9
Nacional,River Plate,1981-09-26,1,1,F,E,1981,9
Rampla Juniors Futbol Club,Liverpool,1981-09-26,1,1,F,E,1981,9
CA Cerro,Liverpool,1981-10-03,1,2,F,V,1981,10
CA Fenix,Bella Vista,1981-10-03,2,1,F,L,1981,10
CA Progreso,Defensor Sporting,1981-10-03,3,0,F,L,1981,10
Club Social Y Deportivo Huracan Buceo,Institucion Atletica Sud America,1981-10-03,2,1,F,L,1981,10
Danubio,River Plate,1981-10-03,0,1,F,V,1981,10
Nacional,Miramar Misiones,1981-10-03,1,0,F,L,1981,10
Rampla Juniors Futbol Club,Montevideo Wanderers,1981-10-03,1,1,F,E,1981,10
CA Progreso,CA Cerro,1981-10-10,0,0,F,E,1981,10
Danubio,CA Penarol,1981-10-10,1,1,F,E,1981,10
Institucion Atletica Sud America,CA Fenix,1981-10-10,3,0,F,L,1981,10
Liverpool,Nacional,1981-10-10,1,1,F,E,1981,10
Montevideo Wanderers,Defensor Sporting,1981-10-10,3,0,F,L,1981,10
Rampla Juniors Futbol Club,Club Social Y Deportivo Huracan Buceo,1981-10-10,1,0,F,L,1981,10
River Plate,Bella Vista,1981-10-10,0,0,F,E,1981,10
Bella Vista,CA Penarol,1981-10-17,1,1,F,E,1981,10
CA Cerro,Montevideo Wanderers,1981-10-17,2,2,F,E,1981,10
CA Fenix,Rampla Juniors Futbol Club,1981-10-17,0,1,F,V,1981,10
CA Progreso,Nacional,1981-10-17,1,3,F,V,1981,10
Club Social Y Deportivo Huracan Buceo,Defensor Sporting,1981-10-17,1,1,F,E,1981,10
Miramar Misiones,Danubio,1981-10-17,1,1,F,E,1981,10
River Plate,Institucion Atletica Sud America,1981-10-17,2,3,F,V,1981,10
Bella Vista,Miramar Misiones,1981-10-24,0,2,F,V,1981,10
CA Cerro,Club Social Y Deportivo Huracan Buceo,1981-10-24,1,1,F,E,1981,10
Danubio,Liverpool,1981-10-24,1,1,F,E,1981,10
Defensor Sporting,CA Fenix,1981-10-24,1,1,F,E,1981,10
Institucion Atletica Sud America,CA Penarol,1981-10-24,2,1,F,L,1981,10
Montevideo Wanderers,Nacional,1981-10-24,1,1,F,E,1981,10
Rampla Juniors Futbol Club,River Plate,1981-10-24,0,0,F,E,1981,10
CA Cerro,Institucion Atletica Sud America,1982-03-06,0,0,F,E,1982,3
CA Penarol,Danubio,1982-03-06,4,2,F,L,1982,3
CA Progreso,Rampla Juniors Futbol Club,1982-03-06,1,0,F,L,1982,3
Defensor Sporting,Liverpool,1982-03-06,2,0,F,L,1982,3
Miramar Misiones,Club Social Y Deportivo Huracan Buceo,1982-03-06,1,0,F,L,1982,3
Montevideo Wanderers,Bella Vista,1982-03-06,2,1,F,L,1982,3
Nacional,River Plate,1982-03-06,7,1,F,L,1982,3
Bella Vista,Danubio,1982-03-13,0,0,F,E,1982,3
CA Penarol,Club Social Y Deportivo Huracan Buceo,1982-03-13,2,0,F,L,1982,3
Defensor Sporting,CA Progreso,1982-03-13,2,1,F,L,1982,3
Montevideo Wanderers,Liverpool,1982-03-13,0,0,F,E,1982,3
Nacional,CA Cerro,1982-03-13,3,3,F,E,1982,3
Rampla Juniors Futbol Club,Miramar Misiones,1982-03-13,1,0,F,L,1982,3
River Plate,Institucion Atletica Sud America,1982-03-13,2,1,F,L,1982,3
Bella Vista,Club Social Y Deportivo Huracan Buceo,1982-03-20,3,0,F,L,1982,3
CA Penarol,Liverpool,1982-03-20,2,1,F,L,1982,3
Danubio,Defensor Sporting,1982-03-20,2,1,F,L,1982,3
Institucion Atletica Sud America,CA Progreso,1982-03-20,2,0,F,L,1982,3
Montevideo Wanderers,River Plate,1982-03-20,1,1,F,E,1982,3
Nacional,Miramar Misiones,1982-03-20,4,1,F,L,1982,3
Rampla Juniors Futbol Club,CA Cerro,1982-03-20,1,0,F,L,1982,3
Bella Vista,Nacional,1982-03-27,2,1,F,L,1982,3
CA Cerro,Liverpool,1982-03-27,0,0,F,E,1982,3
CA Penarol,Rampla Juniors Futbol Club,1982-03-27,5,1,F,L,1982,3
CA Progreso,Danubio,1982-03-27,0,0,F,E,1982,3
Defensor Sporting,Institucion Atletica Sud America,1982-03-27,3,1,F,L,1982,3
Montevideo Wanderers,Club Social Y Deportivo Huracan Buceo,1982-03-27,2,1,F,L,1982,3
River Plate,Miramar Misiones,1982-03-27,2,1,F,L,1982,3
CA Penarol,River Plate,1982-04-03,2,1,F,L,1982,4
Danubio,CA Cerro,1982-04-03,0,0,F,E,1982,4
Defensor Sporting,Bella Vista,1982-04-03,1,1,F,E,1982,4
Liverpool,Nacional,1982-04-03,0,0,F,E,1982,4
Miramar Misiones,CA Progreso,1982-04-03,2,1,F,L,1982,4
Montevideo Wanderers,Institucion Atletica Sud America,1982-04-03,1,1,F,E,1982,4
Rampla Juniors Futbol Club,Club Social Y Deportivo Huracan Buceo,1982-04-03,2,0,F,L,1982,4
CA Cerro,Miramar Misiones,1982-04-10,3,1,F,L,1982,4
CA Penarol,Nacional,1982-04-10,1,0,F,L,1982,4
CA Progreso,Montevideo Wanderers,1982-04-10,1,0,F,L,1982,4
Danubio,Club Social Y Deportivo Huracan Buceo,1982-04-10,4,1,F,L,1982,4
Institucion Atletica Sud America,Bella Vista,1982-04-10,2,1,F,L,1982,4
Rampla Juniors Futbol Club,Liverpool,1982-04-10,0,0,F,E,1982,4
River Plate,Defensor Sporting,1982-04-10,5,1,F,L,1982,4
CA Cerro,CA Progreso,1982-04-17,1,0,F,L,1982,4
CA Penarol,Defensor Sporting,1982-04-17,0,0,F,E,1982,4
Club Social Y Deportivo Huracan Buceo,River Plate,1982-04-17,1,0,F,L,1982,4
Danubio,Liverpool,1982-04-17,1,0,F,L,1982,4
Institucion Atletica Sud America,Rampla Juniors Futbol Club,1982-04-17,2,1,F,L,1982,4
Miramar Misiones,Bella Vista,1982-04-17,3,3,F,E,1982,4
Nacional,Montevideo Wanderers,1982-04-17,2,0,F,L,1982,4
CA Penarol,Miramar Misiones,1982-04-24,3,1,F,L,1982,4
Club Social Y Deportivo Huracan Buceo,Institucion Atletica Sud America,1982-04-24,1,1,F,E,1982,4
Defensor Sporting,Nacional,1982-04-24,3,0,F,L,1982,4
Liverpool,CA Progreso,1982-04-24,1,0,F,L,1982,4
Montevideo Wanderers,Danubio,1982-04-24,0,0,F,E,1982,4
Rampla Juniors Futbol Club,Bella Vista,1982-04-24,0,0,F,E,1982,4
River Plate,CA Cerro,1982-04-24,1,1,F,E,1982,4
Bella Vista,CA Progreso,1982-05-01,0,0,F,E,1982,5
CA Cerro,Club Social Y Deportivo Huracan Buceo,1982-05-01,1,0,F,L,1982,5
Defensor Sporting,Rampla Juniors Futbol Club,1982-05-01,3,1,F,L,1982,5
Institucion Atletica Sud America,Miramar Misiones,1982-05-01,1,1,F,E,1982,5
Montevideo Wanderers,CA Penarol,1982-05-01,1,1,F,E,1982,5
Nacional,Danubio,1982-05-01,0,0,F,E,1982,5
River Plate,Liverpool,1982-05-01,1,0,F,L,1982,5
Bella Vista,River Plate,1982-05-08,3,1,F,L,1982,5
CA Progreso,CA Penarol,1982-05-08,1,1,F,E,1982,5
Defensor Sporting,CA Cerro,1982-05-08,2,0,F,L,1982,5
Institucion Atletica Sud America,Liverpool,1982-05-08,2,1,F,L,1982,5
Montevideo Wanderers,Miramar Misiones,1982-05-08,1,0,F,L,1982,5
Nacional,Club Social Y Deportivo Huracan Buceo,1982-05-08,1,0,F,L,1982,5
Rampla Juniors Futbol Club,Danubio,1982-05-08,3,1,F,L,1982,5
Bella Vista,Liverpool,1982-05-15,2,0,F,L,1982,5
CA Penarol,CA Cerro,1982-05-15,4,1,F,L,1982,5
CA Progreso,Club Social Y Deportivo Huracan Buceo,1982-05-15,5,0,F,L,1982,5
Danubio,River Plate,1982-05-15,4,1,F,L,1982,5
Defensor Sporting,Miramar Misiones,1982-05-15,2,1,F,L,1982,5
Montevideo Wanderers,Rampla Juniors Futbol Club,1982-05-15,3,0,F,L,1982,5
Nacional,Institucion Atletica Sud America,1982-05-15,4,1,F,L,1982,5
CA Penarol,Bella Vista,1982-05-22,2,1,F,L,1982,5
Defensor Sporting,Club Social Y Deportivo Huracan Buceo,1982-05-22,1,1,F,E,1982,5
Institucion Atletica Sud America,Danubio,1982-05-22,2,1,F,L,1982,5
Liverpool,Miramar Misiones,1982-05-22,1,1,F,E,1982,5
Montevideo Wanderers,CA Cerro,1982-05-22,3,1,F,L,1982,5
Nacional,CA Progreso,1982-05-22,0,0,F,E,1982,5
River Plate,Rampla Juniors Futbol Club,1982-05-22,2,2,F,E,1982,5
Bella Vista,CA Cerro,1982-05-29,1,0,F,L,1982,5
CA Penarol,Institucion Atletica Sud America,1982-05-29,1,0,F,L,1982,5
CA Progreso,River Plate,1982-05-29,2,1,F,L,1982,5
Danubio,Miramar Misiones,1982-05-29,0,0,F,E,1982,5
Defensor Sporting,Montevideo Wanderers,1982-05-29,1,1,F,E,1982,5
Liverpool,Club Social Y Deportivo Huracan Buceo,1982-05-29,2,1,F,L,1982,5
Nacional,Rampla Juniors Futbol Club,1982-05-29,2,0,F,L,1982,5
Bella Vista,Montevideo Wanderers,1982-06-05,0,0,F,E,1982,6
Club Social Y Deportivo Huracan Buceo,Miramar Misiones,1982-06-05,1,1,F,E,1982,6
Danubio,CA Penarol,1982-06-05,0,0,F,E,1982,6
Institucion Atletica Sud America,CA Cerro,1982-06-05,1,1,F,E,1982,6
Liverpool,Defensor Sporting,1982-06-05,0,0,F,E,1982,6
Rampla Juniors Futbol Club,CA Progreso,1982-06-05,3,1,F,L,1982,6
River Plate,Nacional,1982-06-05,1,0,F,L,1982,6
CA Cerro,Nacional,1982-06-12,2,0,F,L,1982,6
CA Progreso,Defensor Sporting,1982-06-12,0,2,F,V,1982,6
Club Social Y Deportivo Huracan Buceo,CA Penarol,1982-06-12,1,1,F,E,1982,6
Danubio,Bella Vista,1982-06-12,1,1,F,E,1982,6
Institucion Atletica Sud America,River Plate,1982-06-12,2,0,F,L,1982,6
Liverpool,Montevideo Wanderers,1982-06-12,0,0,F,E,1982,6
Miramar Misiones,Rampla Juniors Futbol Club,1982-06-12,1,1,F,E,1982,6
CA Cerro,Rampla Juniors Futbol Club,1982-06-19,2,3,F,V,1982,6
CA Progreso,Institucion Atletica Sud America,1982-06-19,1,0,F,L,1982,6
Club Social Y Deportivo Huracan Buceo,Bella Vista,1982-06-19,1,2,F,V,1982,6
Defensor Sporting,Danubio,1982-06-19,5,3,F,L,1982,6
Liverpool,CA Penarol,1982-06-19,0,1,F,V,1982,6
Miramar Misiones,Nacional,1982-06-19,0,2,F,V,1982,6
River Plate,Montevideo Wanderers,1982-06-19,2,2,F,E,1982,6
Club Social Y Deportivo Huracan Buceo,Montevideo Wanderers,1982-06-26,4,2,F,L,1982,6
Danubio,CA Progreso,1982-06-26,1,1,F,E,1982,6
Institucion Atletica Sud America,Defensor Sporting,1982-06-26,1,1,F,E,1982,6
Liverpool,CA Cerro,1982-06-26,0,1,F,V,1982,6
Miramar Misiones,River Plate,1982-06-26,2,0,F,L,1982,6
Nacional,Bella Vista,1982-06-26,1,4,F,V,1982,6
Rampla Juniors Futbol Club,CA Penarol,1982-06-26,1,0,F,L,1982,6
Bella Vista,Defensor Sporting,1982-08-07,2,4,F,V,1982,8
CA Cerro,Danubio,1982-08-07,2,0,F,L,1982,8
CA Progreso,Miramar Misiones,1982-08-07,0,3,F,V,1982,8
Club Social Y Deportivo Huracan Buceo,Rampla Juniors Futbol Club,1982-08-07,0,0,F,E,1982,8
Institucion Atletica Sud America,Montevideo Wanderers,1982-08-07,1,0,F,L,1982,8
Nacional,Liverpool,1982-08-07,2,0,F,L,1982,8
River Plate,CA Penarol,1982-08-07,1,1,F,E,1982,8
Bella Vista,Institucion Atletica Sud America,1982-08-14,0,0,F,E,1982,8
Club Social Y Deportivo Huracan Buceo,Danubio,1982-08-14,0,3,F,V,1982,8
Defensor Sporting,River Plate,1982-08-14,5,2,F,L,1982,8
Liverpool,Rampla Juniors Futbol Club,1982-08-14,4,4,F,E,1982,8
Miramar Misiones,CA Cerro,1982-08-14,1,1,F,E,1982,8
Montevideo Wanderers,CA Progreso,1982-08-14,1,2,F,V,1982,8
Nacional,CA Penarol,1982-08-14,1,1,F,E,1982,8
Bella Vista,Miramar Misiones,1982-08-21,2,0,F,L,1982,8
CA Progreso,CA Cerro,1982-08-21,2,0,F,L,1982,8
Defensor Sporting,CA Penarol,1982-08-21,3,1,F,L,1982,8
Liverpool,Danubio,1982-08-21,0,1,F,V,1982,8
Montevideo Wanderers,Nacional,1982-08-21,0,3,F,V,1982,8
Rampla Juniors Futbol Club,Institucion Atletica Sud America,1982-08-21,1,4,F,V,1982,8
River Plate,Club Social Y Deportivo Huracan Buceo,1982-08-21,1,2,F,V,1982,8
Bella Vista,Rampla Juniors Futbol Club,1982-08-28,2,0,F,L,1982,8
CA Cerro,River Plate,1982-08-28,1,1,F,E,1982,8
CA Progreso,Liverpool,1982-08-28,1,2,F,V,1982,8
Danubio,Montevideo Wanderers,1982-08-28,2,2,F,E,1982,8
Institucion Atletica Sud America,Club Social Y Deportivo Huracan Buceo,1982-08-28,2,1,F,L,1982,8
Miramar Misiones,CA Penarol,1982-08-28,1,6,F,V,1982,8
Nacional,Defensor Sporting,1982-08-28,2,1,F,L,1982,8
CA Penarol,Montevideo Wanderers,1982-09-04,2,2,F,E,1982,9
CA Progreso,Bella Vista,1982-09-04,1,1,F,E,1982,9
Club Social Y Deportivo Huracan Buceo,CA Cerro,1982-09-04,1,0,F,L,1982,9
Danubio,Nacional,1982-09-04,0,1,F,V,1982,9
Liverpool,River Plate,1982-09-04,0,2,F,V,1982,9
Miramar Misiones,Institucion Atletica Sud America,1982-09-04,4,1,F,L,1982,9
Rampla Juniors Futbol Club,Defensor Sporting,1982-09-04,1,1,F,E,1982,9
CA Cerro,Defensor Sporting,1982-09-11,1,2,F,V,1982,9
CA Penarol,CA Progreso,1982-09-11,1,0,F,L,1982,9
Club Social Y Deportivo Huracan Buceo,Nacional,1982-09-11,0,0,F,E,1982,9
Danubio,Rampla Juniors Futbol Club,1982-09-11,2,2,F,E,1982,9
Liverpool,Institucion Atletica Sud America,1982-09-11,1,0,F,L,1982,9
Miramar Misiones,Montevideo Wanderers,1982-09-11,0,1,F,V,1982,9
River Plate,Bella Vista,1982-09-11,2,2,F,E,1982,9
CA Cerro,CA Penarol,1982-09-18,1,2,F,V,1982,9
Club Social Y Deportivo Huracan Buceo,CA Progreso,1982-09-18,0,2,F,V,1982,9
Institucion Atletica Sud America,Nacional,1982-09-18,0,1,F,V,1982,9
Liverpool,Bella Vista,1982-09-18,1,0,F,L,1982,9
Miramar Misiones,Defensor Sporting,1982-09-18,2,2,F,E,1982,9
Rampla Juniors Futbol Club,Montevideo Wanderers,1982-09-18,1,2,F,V,1982,9
River Plate,Danubio,1982-09-18,1,2,F,V,1982,9
Bella Vista,CA Penarol,1982-09-25,1,3,F,V,1982,9
CA Cerro,Montevideo Wanderers,1982-09-25,2,2,F,E,1982,9
CA Progreso,Nacional,1982-09-25,1,3,F,V,1982,9
Club Social Y Deportivo Huracan Buceo,Defensor Sporting,1982-09-25,4,0,F,L,1982,9
Danubio,Institucion Atletica Sud America,1982-09-25,1,1,F,E,1982,9
Miramar Misiones,Liverpool,1982-09-25,0,1,F,V,1982,9
Rampla Juniors Futbol Club,River Plate,1982-09-25,4,1,F,L,1982,9
CA Cerro,Bella Vista,1982-10-02,0,0,F,E,1982,10
Club Social Y Deportivo Huracan Buceo,Liverpool,1982-10-02,0,1,F,V,1982,10
Institucion Atletica Sud America,CA Penarol,1982-10-02,0,0,F,E,1982,10
Miramar Misiones,Danubio,1982-10-02,1,0,F,L,1982,10
Montevideo Wanderers,Defensor Sporting,1982-10-02,2,1,F,L,1982,10
Rampla Juniors Futbol Club,Nacional,1982-10-02,2,4,F,V,1982,10
River Plate,CA Progreso,1982-10-02,2,3,F,V,1982,10
CA Progreso,Miramar Misiones,1983-03-05,1,1,F,E,1983,3
Club Social Y Deportivo Huracan Buceo,Bella Vista,1983-03-05,1,2,F,V,1983,3
Institucion Atletica Sud America,Danubio,1983-03-05,1,1,F,E,1983,3
Montevideo Wanderers,Defensor Sporting,1983-03-05,2,2,F,E,1983,3
Nacional,River Plate,1983-03-05,1,0,F,L,1983,3
Rampla Juniors Futbol Club,CA Penarol,1983-03-05,1,1,F,E,1983,3
Bella Vista,Institucion Atletica Sud America,1983-03-12,2,1,F,L,1983,3
CA Penarol,CA Progreso,1983-03-12,1,2,F,V,1983,3
Danubio,Club Social Y Deportivo Huracan Buceo,1983-03-12,0,0,F,E,1983,3
Defensor Sporting,CA Cerro,1983-03-12,3,1,F,L,1983,3
Miramar Misiones,Rampla Juniors Futbol Club,1983-03-12,0,1,F,V,1983,3
River Plate,Montevideo Wanderers,1983-03-12,1,1,F,E,1983,3
Bella Vista,Rampla Juniors Futbol Club,1983-03-19,1,1,F,E,1983,3
CA Progreso,Club Social Y Deportivo Huracan Buceo,1983-03-19,0,0,F,E,1983,3
Danubio,River Plate,1983-03-19,0,0,F,E,1983,3
Institucion Atletica Sud America,Nacional,1983-03-19,1,2,F,V,1983,3
Miramar Misiones,Defensor Sporting,1983-03-19,2,4,F,V,1983,3
Montevideo Wanderers,CA Cerro,1983-03-19,5,2,F,L,1983,3
CA Cerro,River Plate,1983-03-26,4,2,F,L,1983,3
Club Social Y Deportivo Huracan Buceo,CA Penarol,1983-03-26,1,1,F,E,1983,3
Defensor Sporting,Institucion Atletica Sud America,1983-03-26,6,0,F,L,1983,3
Montevideo Wanderers,Miramar Misiones,1983-03-26,0,0,F,E,1983,3
Nacional,CA Progreso,1983-03-26,4,0,F,L,1983,3
Rampla Juniors Futbol Club,Danubio,1983-03-26,0,1,F,V,1983,3
Bella Vista,Montevideo Wanderers,1983-04-02,1,0,F,L,1983,4
CA Penarol,Nacional,1983-04-02,0,2,F,V,1983,4
CA Progreso,Danubio,1983-04-02,1,1,F,E,1983,4
Defensor Sporting,Club Social Y Deportivo Huracan Buceo,1983-04-02,4,0,F,L,1983,4
River Plate,Rampla Juniors Futbol Club,1983-04-02,1,2,F,V,1983,4
CA Progreso,Bella Vista,1983-04-09,1,0,F,L,1983,4
Club Social Y Deportivo Huracan Buceo,Miramar Misiones,1983-04-09,2,0,F,L,1983,4
Danubio,Defensor Sporting,1983-04-09,0,1,F,V,1983,4
Institucion Atletica Sud America,CA Penarol,1983-04-09,1,0,F,L,1983,4
Montevideo Wanderers,Nacional,1983-04-09,2,4,F,V,1983,4
Rampla Juniors Futbol Club,CA Cerro,1983-04-09,1,1,F,E,1983,4
CA Cerro,CA Progreso,1983-04-16,3,0,F,L,1983,4
CA Penarol,Montevideo Wanderers,1983-04-16,0,0,F,E,1983,4
Club Social Y Deportivo Huracan Buceo,River Plate,1983-04-16,2,2,F,E,1983,4
Danubio,Miramar Misiones,1983-04-16,0,1,F,V,1983,4
Defensor Sporting,Rampla Juniors Futbol Club,1983-04-16,1,1,F,E,1983,4
Nacional,Bella Vista,1983-04-16,3,1,F,L,1983,4
Bella Vista,River Plate,1983-04-23,2,0,F,L,1983,4
CA Penarol,Defensor Sporting,1983-04-23,2,2,F,E,1983,4
CA Progreso,Institucion Atletica Sud America,1983-04-23,2,2,F,E,1983,4
Miramar Misiones,CA Cerro,1983-04-23,1,0,F,L,1983,4
Nacional,Club Social Y Deportivo Huracan Buceo,1983-04-23,3,0,F,L,1983,4
Rampla Juniors Futbol Club,Montevideo Wanderers,1983-04-23,1,1,F,E,1983,4
CA Cerro,Club Social Y Deportivo Huracan Buceo,1983-04-30,1,1,F,E,1983,4
CA Penarol,Bella Vista,1983-04-30,0,0,F,E,1983,4
Danubio,Nacional,1983-04-30,0,0,F,E,1983,4
Defensor Sporting,CA Progreso,1983-04-30,1,1,F,E,1983,4
Institucion Atletica Sud America,Rampla Juniors Futbol Club,1983-04-30,1,0,F,L,1983,4
River Plate,Miramar Misiones,1983-04-30,2,1,F,L,1983,4
CA Cerro,Bella Vista,1983-05-07,0,0,F,E,1983,5
CA Penarol,Danubio,1983-05-07,1,0,F,L,1983,5
CA Progreso,River Plate,1983-05-07,0,0,F,E,1983,5
Miramar Misiones,Nacional,1983-05-07,0,0,F,E,1983,5
Montevideo Wanderers,Institucion Atletica Sud America,1983-05-07,1,1,F,E,1983,5
Rampla Juniors Futbol Club,Club Social Y Deportivo Huracan Buceo,1983-05-07,2,1,F,L,1983,5
CA Penarol,River Plate,1983-05-14,1,1,F,E,1983,5
Danubio,CA Cerro,1983-05-14,4,1,F,L,1983,5
Defensor Sporting,Bella Vista,1983-05-14,1,1,F,E,1983,5
Institucion Atletica Sud America,Miramar Misiones,1983-05-14,2,1,F,L,1983,5
Montevideo Wanderers,Club Social Y Deportivo Huracan Buceo,1983-05-14,1,0,F,L,1983,5
Nacional,Rampla Juniors Futbol Club,1983-05-14,2,0,F,L,1983,5
Bella Vista,Miramar Misiones,1983-05-21,2,1,F,L,1983,5
CA Penarol,CA Cerro,1983-05-21,2,1,F,L,1983,5
CA Progreso,Rampla Juniors Futbol Club,1983-05-21,3,1,F,L,1983,5
Danubio,Montevideo Wanderers,1983-05-21,2,2,F,E,1983,5
Defensor Sporting,Nacional,1983-05-21,2,2,F,E,1983,5
River Plate,Institucion Atletica Sud America,1983-05-21,0,0,F,E,1983,5
Bella Vista,Danubio,1983-05-28,1,0,F,L,1983,5
CA Cerro,Nacional,1983-05-28,2,0,F,L,1983,5
Club Social Y Deportivo Huracan Buceo,Institucion Atletica Sud America,1983-05-28,1,1,F,E,1983,5
Miramar Misiones,CA Penarol,1983-05-28,1,0,F,L,1983,5
Montevideo Wanderers,CA Progreso,1983-05-28,2,0,F,L,1983,5
River Plate,Defensor Sporting,1983-05-28,0,0,F,E,1983,5
Bella Vista,Club Social Y Deportivo Huracan Buceo,1983-06-04,0,0,F,E,1983,6
CA Penarol,Rampla Juniors Futbol Club,1983-06-04,2,2,F,E,1983,6
Danubio,Institucion Atletica Sud America,1983-06-04,4,2,F,L,1983,6
Defensor Sporting,Montevideo Wanderers,1983-06-04,2,2,F,E,1983,6
Miramar Misiones,CA Progreso,1983-06-04,0,0,F,E,1983,6
River Plate,Nacional,1983-06-04,0,2,F,V,1983,6
CA Cerro,Defensor Sporting,1983-06-11,1,1,F,E,1983,6
CA Progreso,CA Penarol,1983-06-11,1,1,F,E,1983,6
Club Social Y Deportivo Huracan Buceo,Danubio,1983-06-11,0,3,F,V,1983,6
Institucion Atletica Sud America,Bella Vista,1983-06-11,0,2,F,V,1983,6
Montevideo Wanderers,River Plate,1983-06-11,0,0,F,E,1983,6
Rampla Juniors Futbol Club,Miramar Misiones,1983-06-11,1,1,F,E,1983,6
CA Cerro,Montevideo Wanderers,1983-06-18,3,2,F,L,1983,6
Club Social Y Deportivo Huracan Buceo,CA Progreso,1983-06-18,0,1,F,V,1983,6
Defensor Sporting,Miramar Misiones,1983-06-18,2,3,F,V,1983,6
Nacional,Institucion Atletica Sud America,1983-06-18,3,0,F,L,1983,6
Rampla Juniors Futbol Club,Bella Vista,1983-06-18,0,2,F,V,1983,6
River Plate,Danubio,1983-06-18,0,1,F,V,1983,6
CA Penarol,Club Social Y Deportivo Huracan Buceo,1983-06-25,2,4,F,V,1983,6
CA Progreso,Nacional,1983-06-25,1,2,F,V,1983,6
Danubio,Rampla Juniors Futbol Club,1983-06-25,4,0,F,L,1983,6
Institucion Atletica Sud America,Defensor Sporting,1983-06-25,0,0,F,E,1983,6
Miramar Misiones,Montevideo Wanderers,1983-06-25,1,0,F,L,1983,6
River Plate,CA Cerro,1983-06-25,0,4,F,V,1983,6
Club Social Y Deportivo Huracan Buceo,Defensor Sporting,1983-08-06,2,0,F,L,1983,8
Danubio,CA Progreso,1983-08-06,3,3,F,E,1983,8
Institucion Atletica Sud America,CA Cerro,1983-08-06,3,2,F,L,1983,8
Montevideo Wanderers,Bella Vista,1983-08-06,1,0,F,L,1983,8
Nacional,CA Penarol,1983-08-06,1,0,F,L,1983,8
Rampla Juniors Futbol Club,River Plate,1983-08-06,0,1,F,V,1983,8
Bella Vista,CA Progreso,1983-08-13,2,2,F,E,1983,8
CA Cerro,Rampla Juniors Futbol Club,1983-08-13,0,1,F,V,1983,8
CA Penarol,Institucion Atletica Sud America,1983-08-13,3,3,F,E,1983,8
Defensor Sporting,Danubio,1983-08-13,2,2,F,E,1983,8
Miramar Misiones,Club Social Y Deportivo Huracan Buceo,1983-08-13,1,1,F,E,1983,8
Nacional,Montevideo Wanderers,1983-08-13,3,0,F,L,1983,8
Bella Vista,Nacional,1983-08-20,1,1,F,E,1983,8
CA Progreso,CA Cerro,1983-08-20,4,1,F,L,1983,8
Miramar Misiones,Danubio,1983-08-20,0,1,F,V,1983,8
Montevideo Wanderers,CA Penarol,1983-08-20,1,1,F,E,1983,8
Rampla Juniors Futbol Club,Defensor Sporting,1983-08-20,2,2,F,E,1983,8
River Plate,Club Social Y Deportivo Huracan Buceo,1983-08-20,3,0,F,L,1983,8
CA Cerro,Miramar Misiones,1983-08-27,1,0,F,L,1983,8
Club Social Y Deportivo Huracan Buceo,Nacional,1983-08-27,0,7,F,V,1983,8
Defensor Sporting,CA Penarol,1983-08-27,1,1,F,E,1983,8
Institucion Atletica Sud America,CA Progreso,1983-08-27,4,1,F,L,1983,8
Montevideo Wanderers,Rampla Juniors Futbol Club,1983-08-27,2,1,F,L,1983,8
River Plate,Bella Vista,1983-08-27,0,2,F,V,1983,8
Bella Vista,CA Penarol,1983-09-03,1,2,F,V,1983,9
CA Progreso,Defensor Sporting,1983-09-03,1,1,F,E,1983,9
Club Social Y Deportivo Huracan Buceo,CA Cerro,1983-09-03,1,1,F,E,1983,9
Miramar Misiones,River Plate,1983-09-03,2,1,F,L,1983,9
Nacional,Danubio,1983-09-03,2,1,F,L,1983,9
Rampla Juniors Futbol Club,Institucion Atletica Sud America,1983-09-03,2,1,F,L,1983,9
Bella Vista,CA Cerro,1983-09-10,0,0,F,E,1983,9
Club Social Y Deportivo Huracan Buceo,Rampla Juniors Futbol Club,1983-09-10,2,1,F,L,1983,9
Danubio,CA Penarol,1983-09-10,2,2,F,E,1983,9
Institucion Atletica Sud America,Montevideo Wanderers,1983-09-10,0,1,F,V,1983,9
Nacional,Miramar Misiones,1983-09-10,0,0,F,E,1983,9
River Plate,CA Progreso,1983-09-10,1,1,F,E,1983,9
Bella Vista,Defensor Sporting,1983-09-17,0,1,F,V,1983,9
CA Cerro,Danubio,1983-09-17,1,3,F,V,1983,9
Club Social Y Deportivo Huracan Buceo,Montevideo Wanderers,1983-09-17,1,1,F,E,1983,9
Miramar Misiones,Institucion Atletica Sud America,1983-09-17,3,3,F,E,1983,9
Rampla Juniors Futbol Club,Nacional,1983-09-17,0,0,F,E,1983,9
River Plate,CA Penarol,1983-09-17,0,1,F,V,1983,9
CA Cerro,CA Penarol,1983-09-24,1,0,F,L,1983,9
Institucion Atletica Sud America,River Plate,1983-09-24,2,1,F,L,1983,9
Miramar Misiones,Bella Vista,1983-09-24,1,2,F,V,1983,9
Montevideo Wanderers,Danubio,1983-09-24,0,1,F,V,1983,9
Nacional,Defensor Sporting,1983-09-24,0,2,F,V,1983,9
Rampla Juniors Futbol Club,CA Progreso,1983-09-24,0,1,F,V,1983,9
CA Penarol,Miramar Misiones,1983-10-01,6,2,F,L,1983,10
CA Progreso,Montevideo Wanderers,1983-10-01,0,1,F,V,1983,10
Danubio,Bella Vista,1983-10-01,3,0,F,L,1983,10
Danubio,Defensor Sporting,1983-10-01,2,1,F,L,1983,10
Defensor Sporting,River Plate,1983-10-01,1,1,F,E,1983,10
Institucion Atletica Sud America,Club Social Y Deportivo Huracan Buceo,1983-10-01,0,1,F,V,1983,10
Nacional,CA Cerro,1983-10-01,2,0,F,L,1983,10
CA Penarol,Institucion Atletica Sud America,1984-03-03,6,1,F,L,1984,3
Central Espanol,Bella Vista,1984-03-03,1,2,F,V,1984,3
Danubio,CA Cerro,1984-03-03,3,1,F,L,1984,3
Montevideo Wanderers,Miramar Misiones,1984-03-03,3,1,F,L,1984,3
Nacional,CA Progreso,1984-03-03,4,2,F,L,1984,3
Rampla Juniors Futbol Club,Defensor Sporting,1984-03-03,2,1,F,L,1984,3
Bella Vista,Montevideo Wanderers,1984-03-10,2,1,F,L,1984,3
CA Cerro,Nacional,1984-03-10,1,1,F,E,1984,3
CA Progreso,Danubio,1984-03-10,2,3,F,V,1984,3
Defensor Sporting,Club Social Y Deportivo Huracan Buceo,1984-03-10,1,0,F,L,1984,3
Miramar Misiones,Central Espanol,1984-03-10,0,1,F,V,1984,3
Rampla Juniors Futbol Club,CA Penarol,1984-03-10,2,2,F,E,1984,3
CA Cerro,Montevideo Wanderers,1984-03-17,2,2,F,E,1984,3
CA Penarol,Miramar Misiones,1984-03-17,2,1,F,L,1984,3
CA Progreso,Defensor Sporting,1984-03-17,2,1,F,L,1984,3
Central Espanol,Danubio,1984-03-17,1,1,F,E,1984,3
Club Social Y Deportivo Huracan Buceo,Institucion Atletica Sud America,1984-03-17,1,0,F,L,1984,3
Nacional,Rampla Juniors Futbol Club,1984-03-17,3,3,F,E,1984,3
CA Penarol,CA Cerro,1984-03-24,1,0,F,L,1984,3
Club Social Y Deportivo Huracan Buceo,Bella Vista,1984-03-24,0,2,F,V,1984,3
Danubio,Miramar Misiones,1984-03-24,2,1,F,L,1984,3
Institucion Atletica Sud America,Defensor Sporting,1984-03-24,0,3,F,V,1984,3
Montevideo Wanderers,CA Progreso,1984-03-24,2,3,F,V,1984,3
Rampla Juniors Futbol Club,Central Espanol,1984-03-24,1,1,F,E,1984,3
CA Cerro,Club Social Y Deportivo Huracan Buceo,1984-03-31,0,0,F,E,1984,3
CA Penarol,Bella Vista,1984-03-31,3,1,F,L,1984,3
Central Espanol,CA Progreso,1984-03-31,4,0,F,L,1984,3
Defensor Sporting,Montevideo Wanderers,1984-03-31,0,1,F,V,1984,3
Miramar Misiones,Rampla Juniors Futbol Club,1984-03-31,0,1,F,V,1984,3
Nacional,Institucion Atletica Sud America,1984-03-31,2,1,F,L,1984,3
CA Penarol,Defensor Sporting,1984-04-07,3,0,F,L,1984,4
Central Espanol,CA Cerro,1984-04-07,1,1,F,E,1984,4
Club Social Y Deportivo Huracan Buceo,Rampla Juniors Futbol Club,1984-04-07,3,3,F,E,1984,4
Danubio,Bella Vista,1984-04-07,0,0,F,E,1984,4
Montevideo Wanderers,Institucion Atletica Sud America,1984-04-07,3,2,F,L,1984,4
Nacional,Miramar Misiones,1984-04-07,2,1,F,L,1984,4
CA Penarol,Nacional,1984-04-14,2,2,F,E,1984,4
CA Progreso,Bella Vista,1984-04-14,0,1,F,V,1984,4
Danubio,Defensor Sporting,1984-04-14,2,1,F,L,1984,4
Institucion Atletica Sud America,Central Espanol,1984-04-14,0,1,F,V,1984,4
Miramar Misiones,Club Social Y Deportivo Huracan Buceo,1984-04-14,1,1,F,E,1984,4
Rampla Juniors Futbol Club,CA Cerro,1984-04-14,1,1,F,E,1984,4
Bella Vista,Institucion Atletica Sud America,1984-04-21,0,0,F,E,1984,4
CA Cerro,Defensor Sporting,1984-04-21,2,2,F,E,1984,4
CA Penarol,CA Progreso,1984-04-21,2,2,F,E,1984,4
Montevideo Wanderers,Club Social Y Deportivo Huracan Buceo,1984-04-21,1,0,F,L,1984,4
Nacional,Central Espanol,1984-04-21,2,1,F,L,1984,4
Rampla Juniors Futbol Club,Danubio,1984-04-21,2,0,F,L,1984,4
CA Cerro,Miramar Misiones,1984-04-28,2,1,F,L,1984,4
CA Progreso,Rampla Juniors Futbol Club,1984-04-28,0,0,F,E,1984,4
Club Social Y Deportivo Huracan Buceo,CA Penarol,1984-04-28,1,1,F,E,1984,4
Danubio,Institucion Atletica Sud America,1984-04-28,2,1,F,L,1984,4
Defensor Sporting,Bella Vista,1984-04-28,2,0,F,L,1984,4
Nacional,Montevideo Wanderers,1984-04-28,5,2,F,L,1984,4
Bella Vista,Rampla Juniors Futbol Club,1984-05-05,2,1,F,L,1984,5
Central Espanol,Defensor Sporting,1984-05-05,0,0,F,E,1984,5
Institucion Atletica Sud America,CA Cerro,1984-05-05,0,0,F,E,1984,5
Miramar Misiones,CA Progreso,1984-05-05,1,1,F,E,1984,5
Montevideo Wanderers,Danubio,1984-05-05,2,0,F,L,1984,5
Nacional,Club Social Y Deportivo Huracan Buceo,1984-05-05,1,2,F,V,1984,5
CA Penarol,Central Espanol,1984-05-12,1,1,F,E,1984,5
Danubio,Club Social Y Deportivo Huracan Buceo,1984-05-12,5,0,F,L,1984,5
Defensor Sporting,Miramar Misiones,1984-05-12,2,0,F,L,1984,5
Institucion Atletica Sud America,CA Progreso,1984-05-12,3,2,F,L,1984,5
Nacional,Bella Vista,1984-05-12,3,1,F,L,1984,5
Rampla Juniors Futbol Club,Montevideo Wanderers,1984-05-12,1,1,F,E,1984,5
CA Cerro,Bella Vista,1984-05-19,2,3,F,V,1984,5
CA Penarol,Danubio,1984-05-19,2,0,F,L,1984,5
Club Social Y Deportivo Huracan Buceo,CA Progreso,1984-05-19,0,0,F,E,1984,5
Miramar Misiones,Institucion Atletica Sud America,1984-05-19,0,1,F,V,1984,5
Montevideo Wanderers,Central Espanol,1984-05-19,0,1,F,V,1984,5
Nacional,Defensor Sporting,1984-05-19,0,0,F,E,1984,5
Bella Vista,Miramar Misiones,1984-05-26,1,1,F,E,1984,5
CA Penarol,Montevideo Wanderers,1984-05-26,2,1,F,L,1984,5
CA Progreso,CA Cerro,1984-05-26,1,0,F,L,1984,5
Central Espanol,Club Social Y Deportivo Huracan Buceo,1984-05-26,3,0,F,L,1984,5
Institucion Atletica Sud America,Rampla Juniors Futbol Club,1984-05-26,1,2,F,V,1984,5
Nacional,Danubio,1984-05-26,1,1,F,E,1984,5
Bella Vista,Central Espanol,1984-06-02,0,2,F,V,1984,6
CA Cerro,Danubio,1984-06-02,1,0,F,L,1984,6
Defensor Sporting,Rampla Juniors Futbol Club,1984-06-02,4,2,F,L,1984,6
Institucion Atletica Sud America,CA Penarol,1984-06-02,1,1,F,E,1984,6
Miramar Misiones,Montevideo Wanderers,1984-06-02,0,1,F,V,1984,6
Nacional,CA Progreso,1984-06-02,0,0,F,E,1984,6
CA Penarol,Rampla Juniors Futbol Club,1984-06-09,1,1,F,E,1984,6
Central Espanol,Miramar Misiones,1984-06-09,3,1,F,L,1984,6
Danubio,CA Progreso,1984-06-09,2,1,F,L,1984,6
Defensor Sporting,Club Social Y Deportivo Huracan Buceo,1984-06-09,2,1,F,L,1984,6
Montevideo Wanderers,Bella Vista,1984-06-09,3,0,F,L,1984,6
Nacional,CA Cerro,1984-06-09,4,0,F,L,1984,6
Danubio,Central Espanol,1984-06-16,1,1,F,E,1984,6
Defensor Sporting,CA Progreso,1984-06-16,2,0,F,L,1984,6
Institucion Atletica Sud America,Club Social Y Deportivo Huracan Buceo,1984-06-16,0,1,F,V,1984,6
Miramar Misiones,CA Penarol,1984-06-16,1,3,F,V,1984,6
Montevideo Wanderers,CA Cerro,1984-06-16,4,0,F,L,1984,6
Rampla Juniors Futbol Club,Nacional,1984-06-16,0,2,F,V,1984,6
Bella Vista,Club Social Y Deportivo Huracan Buceo,1984-06-23,0,0,F,E,1984,6
CA Cerro,CA Penarol,1984-06-23,0,5,F,V,1984,6
CA Progreso,Montevideo Wanderers,1984-06-23,1,4,F,V,1984,6
Central Espanol,Rampla Juniors Futbol Club,1984-06-23,0,0,F,E,1984,6
Danubio,Miramar Misiones,1984-06-23,0,0,F,E,1984,6
Defensor Sporting,Institucion Atletica Sud America,1984-06-23,1,1,F,E,1984,6
Bella Vista,CA Penarol,1984-06-30,1,1,F,E,1984,6
CA Progreso,Central Espanol,1984-06-30,0,0,F,E,1984,6
Club Social Y Deportivo Huracan Buceo,CA Cerro,1984-06-30,0,0,F,E,1984,6
Institucion Atletica Sud America,Nacional,1984-06-30,2,4,F,V,1984,6
Montevideo Wanderers,Defensor Sporting,1984-06-30,0,0,F,E,1984,6
Rampla Juniors Futbol Club,Miramar Misiones,1984-06-30,2,1,F,L,1984,6
Bella Vista,Danubio,1984-08-04,0,4,F,V,1984,8
CA Cerro,Central Espanol,1984-08-04,0,3,F,V,1984,8
Defensor Sporting,CA Penarol,1984-08-04,1,3,F,V,1984,8
Institucion Atletica Sud America,Montevideo Wanderers,1984-08-04,1,1,F,E,1984,8
Miramar Misiones,Nacional,1984-08-04,1,1,F,E,1984,8
Rampla Juniors Futbol Club,Club Social Y Deportivo Huracan Buceo,1984-08-04,2,0,F,L,1984,8
Bella Vista,CA Progreso,1984-08-11,1,1,F,E,1984,8
CA Cerro,Rampla Juniors Futbol Club,1984-08-11,0,0,F,E,1984,8
Central Espanol,Institucion Atletica Sud America,1984-08-11,5,4,F,L,1984,8
Club Social Y Deportivo Huracan Buceo,Miramar Misiones,1984-08-11,0,1,F,V,1984,8
Defensor Sporting,Danubio,1984-08-11,0,1,F,V,1984,8
Nacional,CA Penarol,1984-08-11,1,1,F,E,1984,8
CA Progreso,CA Penarol,1984-08-18,2,2,F,E,1984,8
Central Espanol,Nacional,1984-08-18,1,1,F,E,1984,8
Club Social Y Deportivo Huracan Buceo,Montevideo Wanderers,1984-08-18,1,1,F,E,1984,8
Danubio,Rampla Juniors Futbol Club,1984-08-18,0,0,F,E,1984,8
Defensor Sporting,CA Cerro,1984-08-18,1,0,F,L,1984,8
Institucion Atletica Sud America,Bella Vista,1984-08-18,2,2,F,E,1984,8
Bella Vista,Defensor Sporting,1984-08-25,0,1,F,V,1984,8
CA Penarol,Club Social Y Deportivo Huracan Buceo,1984-08-25,1,1,F,E,1984,8
Institucion Atletica Sud America,Danubio,1984-08-25,0,2,F,V,1984,8
Miramar Misiones,CA Cerro,1984-08-25,2,0,F,L,1984,8
Montevideo Wanderers,Nacional,1984-08-25,0,3,F,V,1984,8
Rampla Juniors Futbol Club,CA Progreso,1984-08-25,0,0,F,E,1984,8
CA Cerro,Institucion Atletica Sud America,1984-09-01,1,1,F,E,1984,9
Danubio,Montevideo Wanderers,1984-09-01,3,2,F,L,1984,9
Defensor Sporting,Central Espanol,1984-09-01,1,4,F,V,1984,9
Miramar Misiones,CA Progreso,1984-09-01,0,2,F,V,1984,9
Nacional,Club Social Y Deportivo Huracan Buceo,1984-09-01,1,0,F,L,1984,9
Rampla Juniors Futbol Club,Bella Vista,1984-09-01,0,1,F,V,1984,9
Bella Vista,Nacional,1984-09-08,1,0,F,L,1984,9
CA Progreso,Institucion Atletica Sud America,1984-09-08,1,2,F,V,1984,9
Central Espanol,CA Penarol,1984-09-08,1,0,F,L,1984,9
Club Social Y Deportivo Huracan Buceo,Danubio,1984-09-08,1,1,F,E,1984,9
Miramar Misiones,Defensor Sporting,1984-09-08,1,0,F,L,1984,9
Montevideo Wanderers,Rampla Juniors Futbol Club,1984-09-08,2,1,F,L,1984,9
Bella Vista,CA Cerro,1984-09-15,2,1,F,L,1984,9
CA Progreso,Club Social Y Deportivo Huracan Buceo,1984-09-15,0,1,F,V,1984,9
Central Espanol,Montevideo Wanderers,1984-09-15,1,0,F,L,1984,9
Danubio,CA Penarol,1984-09-15,1,2,F,V,1984,9
Defensor Sporting,Nacional,1984-09-15,1,1,F,E,1984,9
Institucion Atletica Sud America,Miramar Misiones,1984-09-15,1,0,F,L,1984,9
CA Cerro,CA Progreso,1984-09-22,0,0,F,E,1984,9
Club Social Y Deportivo Huracan Buceo,Central Espanol,1984-09-22,1,2,F,V,1984,9
Danubio,Nacional,1984-09-22,1,0,F,L,1984,9
Miramar Misiones,Bella Vista,1984-09-22,0,2,F,V,1984,9
Montevideo Wanderers,CA Penarol,1984-09-22,0,0,F,E,1984,9
Rampla Juniors Futbol Club,Institucion Atletica Sud America,1984-09-22,1,2,F,V,1984,9
CA Penarol,Nacional,1984-09-29,0,0,F,E,1984,9
Danubio,Central Espanol,1984-09-29,2,1,F,L,1984,9
Danubio,Rampla Juniors Futbol Club,1984-09-29,1,0,F,L,1984,9
Rampla Juniors Futbol Club,Bella Vista,1984-09-29,2,0,F,L,1984,9
CA Cerro,Bella Vista,1985-03-02,1,1,F,E,1985,3
CA Penarol,River Plate,1985-03-02,3,0,F,L,1985,3
Central Espanol,Nacional,1985-03-02,2,0,F,L,1985,3
Danubio,Defensor Sporting,1985-03-02,4,0,F,L,1985,3
Institucion Atletica Sud America,Club Social Y Deportivo Huracan Buceo,1985-03-02,2,3,F,V,1985,3
Montevideo Wanderers,CA Progreso,1985-03-02,1,1,F,E,1985,3
Bella Vista,CA Penarol,1985-03-09,0,0,F,E,1985,3
CA Progreso,Danubio,1985-03-09,2,2,F,E,1985,3
Institucion Atletica Sud America,Rampla Juniors Futbol Club,1985-03-09,3,3,F,E,1985,3
Montevideo Wanderers,Defensor Sporting,1985-03-09,2,0,F,L,1985,3
Nacional,Club Social Y Deportivo Huracan Buceo,1985-03-09,1,1,F,E,1985,3
River Plate,CA Cerro,1985-03-09,1,1,F,E,1985,3
Bella Vista,Club Social Y Deportivo Huracan Buceo,1985-03-16,0,1,F,V,1985,3
CA Cerro,Institucion Atletica Sud America,1985-03-16,4,1,F,L,1985,3
CA Progreso,Central Espanol,1985-03-16,1,2,F,V,1985,3
Montevideo Wanderers,CA Penarol,1985-03-16,1,1,F,E,1985,3
Rampla Juniors Futbol Club,Defensor Sporting,1985-03-16,2,0,F,L,1985,3
River Plate,Danubio,1985-03-16,1,1,F,E,1985,3
CA Penarol,Defensor Sporting,1985-03-23,1,0,F,L,1985,3
Central Espanol,CA Cerro,1985-03-23,1,1,F,E,1985,3
Danubio,Bella Vista,1985-03-23,5,2,F,L,1985,3
Institucion Atletica Sud America,Montevideo Wanderers,1985-03-23,0,1,F,V,1985,3
Nacional,CA Progreso,1985-03-23,1,0,F,L,1985,3
Rampla Juniors Futbol Club,River Plate,1985-03-23,1,0,F,L,1985,3
CA Progreso,Rampla Juniors Futbol Club,1985-03-30,0,0,F,E,1985,3
Central Espanol,CA Penarol,1985-03-30,0,3,F,V,1985,3
Club Social Y Deportivo Huracan Buceo,Danubio,1985-03-30,2,4,F,V,1985,3
Defensor Sporting,Institucion Atletica Sud America,1985-03-30,2,0,F,L,1985,3
Montevideo Wanderers,Bella Vista,1985-03-30,1,0,F,L,1985,3
River Plate,Nacional,1985-03-30,1,1,F,E,1985,3
Bella Vista,Central Espanol,1985-04-06,2,1,F,L,1985,4
CA Cerro,Defensor Sporting,1985-04-06,1,1,F,E,1985,4
CA Penarol,CA Progreso,1985-04-06,1,1,F,E,1985,4
Club Social Y Deportivo Huracan Buceo,Rampla Juniors Futbol Club,1985-04-06,1,0,F,L,1985,4
Montevideo Wanderers,River Plate,1985-04-06,0,1,F,V,1985,4
Nacional,Institucion Atletica Sud America,1985-04-06,1,0,F,L,1985,4
Bella Vista,CA Progreso,1985-04-13,1,0,F,L,1985,4
CA Penarol,Club Social Y Deportivo Huracan Buceo,1985-04-13,1,1,F,E,1985,4
Central Espanol,Danubio,1985-04-13,0,0,F,E,1985,4
Defensor Sporting,Nacional,1985-04-13,2,1,F,L,1985,4
Institucion Atletica Sud America,River Plate,1985-04-13,1,1,F,E,1985,4
Rampla Juniors Futbol Club,CA Cerro,1985-04-13,0,1,F,V,1985,4
Defensor Sporting,Central Espanol,1985-04-20,2,1,F,L,1985,4
Institucion Atletica Sud America,CA Penarol,1985-04-20,1,3,F,V,1985,4
Montevideo Wanderers,CA Cerro,1985-04-20,0,1,F,V,1985,4
Nacional,Danubio,1985-04-20,0,4,F,V,1985,4
Rampla Juniors Futbol Club,Bella Vista,1985-04-20,3,0,F,L,1985,4
River Plate,Club Social Y Deportivo Huracan Buceo,1985-04-20,4,0,F,L,1985,4
Bella Vista,Institucion Atletica Sud America,1985-04-27,0,2,F,V,1985,4
CA Cerro,Danubio,1985-04-27,2,1,F,L,1985,4
Central Espanol,Montevideo Wanderers,1985-04-27,1,1,F,E,1985,4
Club Social Y Deportivo Huracan Buceo,CA Progreso,1985-04-27,0,1,F,V,1985,4
Nacional,Rampla Juniors Futbol Club,1985-04-27,1,0,F,L,1985,4
River Plate,Defensor Sporting,1985-04-27,0,0,F,E,1985,4
Bella Vista,Defensor Sporting,1985-05-04,0,0,F,E,1985,5
CA Cerro,Nacional,1985-05-04,2,0,F,L,1985,5
CA Progreso,Institucion Atletica Sud America,1985-05-04,2,1,F,L,1985,5
Danubio,CA Penarol,1985-05-04,2,0,F,L,1985,5
Montevideo Wanderers,Club Social Y Deportivo Huracan Buceo,1985-05-04,0,0,F,E,1985,5
Rampla Juniors Futbol Club,Central Espanol,1985-05-04,1,1,F,E,1985,5
CA Penarol,Nacional,1985-05-11,0,0,F,E,1985,5
CA Progreso,CA Cerro,1985-05-11,3,0,F,L,1985,5
Central Espanol,River Plate,1985-05-11,1,0,F,L,1985,5
Defensor Sporting,Club Social Y Deportivo Huracan Buceo,1985-05-11,1,3,F,V,1985,5
Institucion Atletica Sud America,Danubio,1985-05-11,3,0,F,L,1985,5
Rampla Juniors Futbol Club,Montevideo Wanderers,1985-05-11,1,0,F,L,1985,5
CA Penarol,Rampla Juniors Futbol Club,1985-05-18,0,1,F,V,1985,5
Central Espanol,Institucion Atletica Sud America,1985-05-18,0,0,F,E,1985,5
Club Social Y Deportivo Huracan Buceo,CA Cerro,1985-05-18,3,0,F,L,1985,5
Danubio,Montevideo Wanderers,1985-05-18,0,1,F,V,1985,5
Nacional,Bella Vista,1985-05-18,1,1,F,E,1985,5
River Plate,CA Progreso,1985-05-18,1,1,F,E,1985,5
Bella Vista,River Plate,1985-05-25,1,2,F,V,1985,5
CA Cerro,CA Penarol,1985-05-25,0,3,F,V,1985,5
CA Progreso,Defensor Sporting,1985-05-25,0,0,F,E,1985,5
Club Social Y Deportivo Huracan Buceo,Central Espanol,1985-05-25,1,2,F,V,1985,5
Montevideo Wanderers,Nacional,1985-05-25,1,1,F,E,1985,5
Rampla Juniors Futbol Club,Danubio,1985-05-25,1,0,F,L,1985,5
Bella Vista,CA Cerro,1985-06-01,0,0,F,E,1985,6
CA Progreso,Montevideo Wanderers,1985-06-01,0,2,F,V,1985,6
Club Social Y Deportivo Huracan Buceo,Institucion Atletica Sud America,1985-06-01,1,2,F,V,1985,6
Defensor Sporting,Danubio,1985-06-01,0,1,F,V,1985,6
Nacional,Central Espanol,1985-06-01,0,1,F,V,1985,6
River Plate,CA Penarol,1985-06-01,2,1,F,L,1985,6
CA Cerro,River Plate,1985-06-08,4,0,F,L,1985,6
CA Penarol,Bella Vista,1985-06-08,1,0,F,L,1985,6
Club Social Y Deportivo Huracan Buceo,Nacional,1985-06-08,0,0,F,E,1985,6
Danubio,CA Progreso,1985-06-08,1,2,F,V,1985,6
Defensor Sporting,Montevideo Wanderers,1985-06-08,0,3,F,V,1985,6
Rampla Juniors Futbol Club,Institucion Atletica Sud America,1985-06-08,1,2,F,V,1985,6
CA Penarol,Montevideo Wanderers,1985-06-15,1,0,F,L,1985,6
Central Espanol,CA Progreso,1985-06-15,2,2,F,E,1985,6
Club Social Y Deportivo Huracan Buceo,Bella Vista,1985-06-15,2,2,F,E,1985,6
Danubio,River Plate,1985-06-15,1,2,F,V,1985,6
Defensor Sporting,Rampla Juniors Futbol Club,1985-06-15,1,1,F,E,1985,6
Institucion Atletica Sud America,CA Cerro,1985-06-15,2,1,F,L,1985,6
Bella Vista,Danubio,1985-06-22,2,1,F,L,1985,6
CA Cerro,Central Espanol,1985-06-22,1,1,F,E,1985,6
CA Progreso,Nacional,1985-06-22,1,0,F,L,1985,6
Defensor Sporting,CA Penarol,1985-06-22,2,4,F,V,1985,6
Montevideo Wanderers,Institucion Atletica Sud America,1985-06-22,2,1,F,L,1985,6
River Plate,Rampla Juniors Futbol Club,1985-06-22,1,1,F,E,1985,6
Bella Vista,Montevideo Wanderers,1985-06-29,1,1,F,E,1985,6
CA Penarol,Central Espanol,1985-06-29,2,0,F,L,1985,6
Danubio,Club Social Y Deportivo Huracan Buceo,1985-06-29,0,1,F,V,1985,6
Institucion Atletica Sud America,Defensor Sporting,1985-06-29,0,0,F,E,1985,6
Nacional,River Plate,1985-06-29,1,1,F,E,1985,6
Rampla Juniors Futbol Club,CA Progreso,1985-06-29,2,0,F,L,1985,6
CA Progreso,CA Penarol,1985-08-03,1,1,F,E,1985,8
Central Espanol,Bella Vista,1985-08-03,1,2,F,V,1985,8
Defensor Sporting,CA Cerro,1985-08-03,1,1,F,E,1985,8
Institucion Atletica Sud America,Nacional,1985-08-03,1,3,F,V,1985,8
Rampla Juniors Futbol Club,Club Social Y Deportivo Huracan Buceo,1985-08-03,0,0,F,E,1985,8
River Plate,Montevideo Wanderers,1985-08-03,1,1,F,E,1985,8
CA Cerro,Rampla Juniors Futbol Club,1985-08-10,0,0,F,E,1985,8
CA Progreso,Bella Vista,1985-08-10,2,1,F,L,1985,8
Club Social Y Deportivo Huracan Buceo,CA Penarol,1985-08-10,0,0,F,E,1985,8
Danubio,Central Espanol,1985-08-10,1,1,F,E,1985,8
Nacional,Defensor Sporting,1985-08-10,2,1,F,L,1985,8
River Plate,Institucion Atletica Sud America,1985-08-10,1,0,F,L,1985,8
Bella Vista,Rampla Juniors Futbol Club,1985-08-17,0,1,F,V,1985,8
CA Cerro,Montevideo Wanderers,1985-08-17,1,1,F,E,1985,8
CA Penarol,Institucion Atletica Sud America,1985-08-17,3,2,F,L,1985,8
Central Espanol,Defensor Sporting,1985-08-17,2,2,F,E,1985,8
Club Social Y Deportivo Huracan Buceo,River Plate,1985-08-17,0,1,F,V,1985,8
Danubio,Nacional,1985-08-17,0,2,F,V,1985,8
CA Progreso,Club Social Y Deportivo Huracan Buceo,1985-08-24,0,0,F,E,1985,8
Danubio,CA Cerro,1985-08-24,2,2,F,E,1985,8
Defensor Sporting,River Plate,1985-08-24,1,0,F,L,1985,8
Institucion Atletica Sud America,Bella Vista,1985-08-24,1,0,F,L,1985,8
Montevideo Wanderers,Central Espanol,1985-08-24,1,0,F,L,1985,8
Rampla Juniors Futbol Club,Nacional,1985-08-24,1,4,F,V,1985,8
CA Penarol,Danubio,1985-08-31,4,1,F,L,1985,8
Central Espanol,Rampla Juniors Futbol Club,1985-08-31,2,0,F,L,1985,8
Club Social Y Deportivo Huracan Buceo,Montevideo Wanderers,1985-08-31,2,2,F,E,1985,8
Defensor Sporting,Bella Vista,1985-08-31,0,1,F,V,1985,8
Institucion Atletica Sud America,CA Progreso,1985-08-31,1,0,F,L,1985,8
Nacional,CA Cerro,1985-08-31,3,1,F,L,1985,8
CA Cerro,CA Progreso,1985-09-07,0,0,F,E,1985,9
Club Social Y Deportivo Huracan Buceo,Defensor Sporting,1985-09-07,0,1,F,V,1985,9
Danubio,Institucion Atletica Sud America,1985-09-07,1,3,F,V,1985,9
Montevideo Wanderers,Rampla Juniors Futbol Club,1985-09-07,4,1,F,L,1985,9
Nacional,CA Penarol,1985-09-07,0,2,F,V,1985,9
River Plate,Central Espanol,1985-09-07,0,0,F,E,1985,9
Bella Vista,Nacional,1985-09-14,1,3,F,V,1985,9
CA Cerro,Club Social Y Deportivo Huracan Buceo,1985-09-14,2,1,F,L,1985,9
CA Progreso,River Plate,1985-09-14,2,2,F,E,1985,9
Institucion Atletica Sud America,Central Espanol,1985-09-14,2,1,F,L,1985,9
Montevideo Wanderers,Danubio,1985-09-14,0,1,F,V,1985,9
Rampla Juniors Futbol Club,CA Penarol,1985-09-14,0,0,F,E,1985,9
CA Penarol,CA Cerro,1985-09-21,0,1,F,V,1985,9
Central Espanol,Club Social Y Deportivo Huracan Buceo,1985-09-21,1,1,F,E,1985,9
Danubio,Rampla Juniors Futbol Club,1985-09-21,3,0,F,L,1985,9
Defensor Sporting,CA Progreso,1985-09-21,1,2,F,V,1985,9
Nacional,Montevideo Wanderers,1985-09-21,0,0,F,E,1985,9
River Plate,Bella Vista,1985-09-21,2,1,F,L,1985,9
CA Cerro,CA Progreso,1986-03-01,1,2,F,V,1986,3
CA Fenix,Danubio,1986-03-01,1,2,F,V,1986,3
Defensor Sporting,Bella Vista,1986-03-01,1,0,F,L,1986,3
Montevideo Wanderers,River Plate,1986-03-01,1,2,F,V,1986,3
Rampla Juniors Futbol Club,Central Espanol,1986-03-01,0,1,F,V,1986,3
Bella Vista,CA Cerro,1986-03-08,0,1,F,V,1986,3
CA Penarol,CA Fenix,1986-03-08,1,1,F,E,1986,3
CA Progreso,Defensor Sporting,1986-03-08,1,0,F,L,1986,3
Central Espanol,Montevideo Wanderers,1986-03-08,1,0,F,L,1986,3
Danubio,Nacional,1986-03-08,0,0,F,E,1986,3
River Plate,Rampla Juniors Futbol Club,1986-03-08,0,0,F,E,1986,3
Bella Vista,CA Penarol,1986-03-15,0,2,F,V,1986,3
CA Fenix,Nacional,1986-03-15,1,2,F,V,1986,3
CA Progreso,Montevideo Wanderers,1986-03-15,0,2,F,V,1986,3
Central Espanol,Danubio,1986-03-15,2,0,F,L,1986,3
Defensor Sporting,Club Social Y Deportivo Huracan Buceo,1986-03-15,2,1,F,L,1986,3
Rampla Juniors Futbol Club,CA Cerro,1986-03-15,1,0,F,L,1986,3
CA Cerro,River Plate,1986-03-22,0,0,F,E,1986,3
CA Fenix,Central Espanol,1986-03-22,1,1,F,E,1986,3
Club Social Y Deportivo Huracan Buceo,Rampla Juniors Futbol Club,1986-03-22,0,0,F,E,1986,3
Danubio,Defensor Sporting,1986-03-22,0,2,F,V,1986,3
Montevideo Wanderers,Bella Vista,1986-03-22,1,1,F,E,1986,3
Nacional,CA Penarol,1986-03-22,1,1,F,E,1986,3
CA Penarol,Montevideo Wanderers,1986-03-29,1,1,F,E,1986,3
CA Progreso,CA Fenix,1986-03-29,3,3,F,E,1986,3
Danubio,CA Cerro,1986-03-29,1,1,F,E,1986,3
Nacional,Defensor Sporting,1986-03-29,1,0,F,L,1986,3
Rampla Juniors Futbol Club,Bella Vista,1986-03-29,2,2,F,E,1986,3
River Plate,Club Social Y Deportivo Huracan Buceo,1986-03-29,1,1,F,E,1986,3
Bella Vista,Danubio,1986-04-05,1,1,F,E,1986,4
CA Cerro,Central Espanol,1986-04-05,3,1,F,L,1986,4
CA Fenix,Club Social Y Deportivo Huracan Buceo,1986-04-05,0,0,F,E,1986,4
Defensor Sporting,River Plate,1986-04-05,1,0,F,L,1986,4
Montevideo Wanderers,Nacional,1986-04-05,1,1,F,E,1986,4
Rampla Juniors Futbol Club,CA Progreso,1986-04-05,1,0,F,L,1986,4
Bella Vista,Central Espanol,1986-04-12,1,0,F,L,1986,4
CA Cerro,CA Penarol,1986-04-12,1,2,F,V,1986,4
Club Social Y Deportivo Huracan Buceo,CA Progreso,1986-04-12,3,1,F,L,1986,4
Danubio,Montevideo Wanderers,1986-04-12,0,4,F,V,1986,4
Nacional,Rampla Juniors Futbol Club,1986-04-12,2,1,F,L,1986,4
River Plate,CA Fenix,1986-04-12,0,0,F,E,1986,4
CA Progreso,CA Penarol,1986-04-19,0,1,F,V,1986,4
Central Espanol,Nacional,1986-04-19,0,0,F,E,1986,4
Club Social Y Deportivo Huracan Buceo,CA Cerro,1986-04-19,1,0,F,L,1986,4
Montevideo Wanderers,CA Fenix,1986-04-19,2,2,F,E,1986,4
Rampla Juniors Futbol Club,Defensor Sporting,1986-04-19,2,1,F,L,1986,4
River Plate,Danubio,1986-04-19,3,1,F,L,1986,4
Bella Vista,Club Social Y Deportivo Huracan Buceo,1986-04-26,3,4,F,V,1986,4
CA Cerro,Nacional,1986-04-26,1,1,F,E,1986,4
CA Penarol,Central Espanol,1986-04-26,2,1,F,L,1986,4
CA Progreso,River Plate,1986-04-26,2,1,F,L,1986,4
Danubio,Rampla Juniors Futbol Club,1986-04-26,2,0,F,L,1986,4
Defensor Sporting,Montevideo Wanderers,1986-04-26,1,1,F,E,1986,4
Bella Vista,River Plate,1986-05-03,0,1,F,V,1986,5
Central Espanol,Club Social Y Deportivo Huracan Buceo,1986-05-03,0,0,F,E,1986,5
Defensor Sporting,CA Fenix,1986-05-03,1,1,F,E,1986,5
Montevideo Wanderers,CA Cerro,1986-05-03,3,1,F,L,1986,5
Nacional,CA Progreso,1986-05-03,1,0,F,L,1986,5
Rampla Juniors Futbol Club,CA Penarol,1986-05-03,0,2,F,V,1986,5
CA Cerro,CA Fenix,1986-05-10,0,0,F,E,1986,5
Central Espanol,Defensor Sporting,1986-05-10,1,1,F,E,1986,5
Club Social Y Deportivo Huracan Buceo,Montevideo Wanderers,1986-05-10,1,1,F,E,1986,5
Danubio,CA Progreso,1986-05-10,1,1,F,E,1986,5
Nacional,Bella Vista,1986-05-10,1,0,F,L,1986,5
River Plate,CA Penarol,1986-05-10,2,2,F,E,1986,5
CA Fenix,Bella Vista,1986-05-17,1,4,F,V,1986,5
CA Penarol,Defensor Sporting,1986-05-17,0,1,F,V,1986,5
CA Progreso,Central Espanol,1986-05-17,1,0,F,L,1986,5
Danubio,Club Social Y Deportivo Huracan Buceo,1986-05-17,0,1,F,V,1986,5
Montevideo Wanderers,Rampla Juniors Futbol Club,1986-05-17,1,1,F,E,1986,5
River Plate,Nacional,1986-05-17,1,4,F,V,1986,5
Bella Vista,CA Progreso,1986-05-24,1,0,F,L,1986,5
CA Penarol,Danubio,1986-05-24,2,2,F,E,1986,5
Central Espanol,River Plate,1986-05-24,3,2,F,L,1986,5
Defensor Sporting,CA Cerro,1986-05-24,1,1,F,E,1986,5
Nacional,Club Social Y Deportivo Huracan Buceo,1986-05-24,3,1,F,L,1986,5
Rampla Juniors Futbol Club,CA Fenix,1986-05-24,2,1,F,L,1986,5
Bella Vista,Defensor Sporting,1986-05-31,2,0,F,L,1986,5
CA Penarol,Club Social Y Deportivo Huracan Buceo,1986-05-31,3,2,F,L,1986,5
CA Progreso,CA Cerro,1986-05-31,2,2,F,E,1986,5
Central Espanol,Rampla Juniors Futbol Club,1986-05-31,1,2,F,V,1986,5
Danubio,CA Fenix,1986-05-31,0,0,F,E,1986,5
River Plate,Montevideo Wanderers,1986-05-31,0,3,F,V,1986,5
CA Cerro,Bella Vista,1986-06-07,0,1,F,V,1986,6
CA Fenix,CA Penarol,1986-06-07,0,1,F,V,1986,6
Defensor Sporting,CA Progreso,1986-06-07,2,3,F,V,1986,6
Montevideo Wanderers,Central Espanol,1986-06-07,2,2,F,E,1986,6
Nacional,Danubio,1986-06-07,3,1,F,L,1986,6
Rampla Juniors Futbol Club,River Plate,1986-06-07,2,1,F,L,1986,6
CA Cerro,Rampla Juniors Futbol Club,1986-06-14,1,0,F,L,1986,6
CA Penarol,Bella Vista,1986-06-14,2,1,F,L,1986,6
Club Social Y Deportivo Huracan Buceo,Defensor Sporting,1986-06-14,0,1,F,V,1986,6
Danubio,Central Espanol,1986-06-14,1,0,F,L,1986,6
Montevideo Wanderers,CA Progreso,1986-06-14,2,1,F,L,1986,6
Nacional,CA Fenix,1986-06-14,5,2,F,L,1986,6
Bella Vista,Montevideo Wanderers,1986-06-21,1,0,F,L,1986,6
CA Penarol,Nacional,1986-06-21,0,0,F,E,1986,6
Central Espanol,CA Fenix,1986-06-21,0,0,F,E,1986,6
Defensor Sporting,Danubio,1986-06-21,2,2,F,E,1986,6
Rampla Juniors Futbol Club,Club Social Y Deportivo Huracan Buceo,1986-06-21,0,0,F,E,1986,6
River Plate,CA Cerro,1986-06-21,2,1,F,L,1986,6
Bella Vista,Rampla Juniors Futbol Club,1986-06-28,3,0,F,L,1986,6
CA Cerro,Danubio,1986-06-28,1,0,F,L,1986,6
CA Fenix,CA Progreso,1986-06-28,1,0,F,L,1986,6
Club Social Y Deportivo Huracan Buceo,River Plate,1986-06-28,1,1,F,E,1986,6
Defensor Sporting,Nacional,1986-06-28,0,1,F,V,1986,6
Montevideo Wanderers,CA Penarol,1986-06-28,0,0,F,E,1986,6
CA Progreso,Rampla Juniors Futbol Club,1986-08-02,1,0,F,L,1986,8
Central Espanol,CA Cerro,1986-08-02,2,1,F,L,1986,8
Club Social Y Deportivo Huracan Buceo,CA Fenix,1986-08-02,1,0,F,L,1986,8
Danubio,Bella Vista,1986-08-02,2,0,F,L,1986,8
Nacional,Montevideo Wanderers,1986-08-02,1,0,F,L,1986,8
River Plate,Defensor Sporting,1986-08-02,2,2,F,E,1986,8
CA Fenix,River Plate,1986-08-09,1,0,F,L,1986,8
CA Penarol,CA Cerro,1986-08-09,2,0,F,L,1986,8
CA Progreso,Club Social Y Deportivo Huracan Buceo,1986-08-09,3,1,F,L,1986,8
Central Espanol,Bella Vista,1986-08-09,2,1,F,L,1986,8
Montevideo Wanderers,Danubio,1986-08-09,0,0,F,E,1986,8
Rampla Juniors Futbol Club,Nacional,1986-08-09,0,1,F,V,1986,8
CA Cerro,Club Social Y Deportivo Huracan Buceo,1986-08-16,0,2,F,V,1986,8
CA Fenix,Montevideo Wanderers,1986-08-16,0,0,F,E,1986,8
CA Penarol,CA Progreso,1986-08-16,0,0,F,E,1986,8
Danubio,River Plate,1986-08-16,4,0,F,L,1986,8
Defensor Sporting,Rampla Juniors Futbol Club,1986-08-16,2,1,F,L,1986,8
Nacional,Central Espanol,1986-08-16,1,1,F,E,1986,8
Central Espanol,CA Penarol,1986-08-23,1,0,F,L,1986,8
Club Social Y Deportivo Huracan Buceo,Bella Vista,1986-08-23,0,0,F,E,1986,8
Montevideo Wanderers,Defensor Sporting,1986-08-23,4,2,F,L,1986,8
Nacional,CA Cerro,1986-08-23,1,2,F,V,1986,8
Rampla Juniors Futbol Club,Danubio,1986-08-23,2,3,F,V,1986,8
River Plate,CA Progreso,1986-08-23,0,2,F,V,1986,8
CA Cerro,Montevideo Wanderers,1986-08-30,2,1,F,L,1986,8
CA Fenix,Defensor Sporting,1986-08-30,1,1,F,E,1986,8
CA Penarol,Rampla Juniors Futbol Club,1986-08-30,3,1,F,L,1986,8
CA Progreso,Nacional,1986-08-30,1,1,F,E,1986,8
Club Social Y Deportivo Huracan Buceo,Central Espanol,1986-08-30,0,2,F,V,1986,8
River Plate,Bella Vista,1986-08-30,1,1,F,E,1986,8
Bella Vista,Nacional,1986-09-06,0,0,F,E,1986,9
CA Fenix,CA Cerro,1986-09-06,0,0,F,E,1986,9
CA Penarol,River Plate,1986-09-06,3,1,F,L,1986,9
CA Progreso,Danubio,1986-09-06,1,0,F,L,1986,9
Defensor Sporting,Central Espanol,1986-09-06,1,2,F,V,1986,9
Montevideo Wanderers,Club Social Y Deportivo Huracan Buceo,1986-09-06,2,1,F,L,1986,9
Bella Vista,CA Fenix,1986-09-13,1,0,F,L,1986,9
Central Espanol,CA Progreso,1986-09-13,0,0,F,E,1986,9
Club Social Y Deportivo Huracan Buceo,Danubio,1986-09-13,2,3,F,V,1986,9
Defensor Sporting,CA Penarol,1986-09-13,1,2,F,V,1986,9
Nacional,River Plate,1986-09-13,2,0,F,L,1986,9
Rampla Juniors Futbol Club,Montevideo Wanderers,1986-09-13,0,0,F,E,1986,9
CA Cerro,Defensor Sporting,1986-09-20,2,2,F,E,1986,9
CA Fenix,Rampla Juniors Futbol Club,1986-09-20,2,2,F,E,1986,9
CA Penarol,Nacional,1986-09-20,0,0,F,E,1986,9
CA Progreso,Bella Vista,1986-09-20,0,1,F,V,1986,9
Club Social Y Deportivo Huracan Buceo,Nacional,1986-09-20,1,0,F,L,1986,9
Danubio,CA Penarol,1986-09-20,0,1,F,V,1986,9
River Plate,Central Espanol,1986-09-20,0,2,F,V,1986,9
Bella Vista,CA Progreso,1987-03-07,3,0,F,L,1987,3
CA Penarol,Nacional,1987-03-07,0,2,F,V,1987,3
Central Espanol,Miramar Misiones,1987-03-07,3,3,F,E,1987,3
Defensor Sporting,River Plate,1987-03-07,1,0,F,L,1987,3
Montevideo Wanderers,Danubio,1987-03-07,0,0,F,E,1987,3
Rampla Juniors Futbol Club,Club Social Y Deportivo Huracan Buceo,1987-03-07,1,1,F,E,1987,3
CA Progreso,Defensor Sporting,1987-03-14,0,3,F,V,1987,3
Club Social Y Deportivo Huracan Buceo,CA Penarol,1987-03-14,1,1,F,E,1987,3
Danubio,Central Espanol,1987-03-14,1,0,F,L,1987,3
Miramar Misiones,Montevideo Wanderers,1987-03-14,1,2,F,V,1987,3
Rampla Juniors Futbol Club,CA Cerro,1987-03-14,0,0,F,E,1987,3
River Plate,Bella Vista,1987-03-14,2,1,F,L,1987,3
Bella Vista,Montevideo Wanderers,1987-03-21,1,1,F,E,1987,3
CA Cerro,River Plate,1987-03-21,0,1,F,V,1987,3
CA Progreso,Nacional,1987-03-21,3,2,F,L,1987,3
Central Espanol,Rampla Juniors Futbol Club,1987-03-21,0,4,F,V,1987,3
Danubio,Defensor Sporting,1987-03-21,1,0,F,L,1987,3
Miramar Misiones,Club Social Y Deportivo Huracan Buceo,1987-03-21,1,3,F,V,1987,3
CA Cerro,Danubio,1987-03-28,0,3,F,V,1987,3
CA Penarol,CA Progreso,1987-03-28,1,1,F,E,1987,3
Defensor Sporting,Miramar Misiones,1987-03-28,2,1,F,L,1987,3
Montevideo Wanderers,River Plate,1987-03-28,1,2,F,V,1987,3
Nacional,Central Espanol,1987-03-28,2,0,F,L,1987,3
Rampla Juniors Futbol Club,Bella Vista,1987-03-28,1,1,F,E,1987,3
Bella Vista,Miramar Misiones,1987-04-04,1,2,F,V,1987,4
CA Progreso,CA Cerro,1987-04-04,0,2,F,V,1987,4
Club Social Y Deportivo Huracan Buceo,Defensor Sporting,1987-04-04,0,0,F,E,1987,4
Danubio,CA Penarol,1987-04-04,0,1,F,V,1987,4
Nacional,Montevideo Wanderers,1987-04-04,3,4,F,V,1987,4
River Plate,Rampla Juniors Futbol Club,1987-04-04,0,0,F,E,1987,4
Bella Vista,Danubio,1987-04-11,3,2,F,L,1987,4
CA Penarol,Rampla Juniors Futbol Club,1987-04-11,3,1,F,L,1987,4
Central Espanol,River Plate,1987-04-11,1,2,F,V,1987,4
Club Social Y Deportivo Huracan Buceo,CA Cerro,1987-04-11,0,0,F,E,1987,4
Miramar Misiones,Nacional,1987-04-11,1,2,F,V,1987,4
Montevideo Wanderers,CA Progreso,1987-04-11,1,2,F,V,1987,4
CA Cerro,Central Espanol,1987-04-18,0,1,F,V,1987,4
Miramar Misiones,CA Progreso,1987-04-18,0,1,F,V,1987,4
Montevideo Wanderers,Club Social Y Deportivo Huracan Buceo,1987-04-18,3,1,F,L,1987,4
Nacional,Defensor Sporting,1987-04-18,3,2,F,L,1987,4
Rampla Juniors Futbol Club,Danubio,1987-04-18,1,1,F,E,1987,4
River Plate,CA Penarol,1987-04-18,2,1,F,L,1987,4
Bella Vista,Central Espanol,1987-04-25,1,0,F,L,1987,4
CA Cerro,Miramar Misiones,1987-04-25,1,1,F,E,1987,4
Danubio,Club Social Y Deportivo Huracan Buceo,1987-04-25,2,0,F,L,1987,4
Defensor Sporting,CA Penarol,1987-04-25,1,0,F,L,1987,4
Rampla Juniors Futbol Club,Montevideo Wanderers,1987-04-25,1,1,F,E,1987,4
River Plate,Nacional,1987-04-25,1,0,F,L,1987,4
CA Penarol,CA Cerro,1987-05-02,2,1,F,L,1987,5
Central Espanol,Defensor Sporting,1987-05-02,0,1,F,V,1987,5
Club Social Y Deportivo Huracan Buceo,CA Progreso,1987-05-02,1,0,F,L,1987,5
Danubio,River Plate,1987-05-02,2,1,F,L,1987,5
Miramar Misiones,Rampla Juniors Futbol Club,1987-05-02,2,1,F,L,1987,5
Nacional,Bella Vista,1987-05-02,1,0,F,L,1987,5
Bella Vista,Club Social Y Deportivo Huracan Buceo,1987-05-09,1,0,F,L,1987,5
CA Cerro,Nacional,1987-05-09,1,1,F,E,1987,5
CA Progreso,Rampla Juniors Futbol Club,1987-05-09,1,1,F,E,1987,5
Central Espanol,CA Penarol,1987-05-09,0,3,F,V,1987,5
Defensor Sporting,Montevideo Wanderers,1987-05-09,1,1,F,E,1987,5
Miramar Misiones,River Plate,1987-05-09,5,2,F,L,1987,5
CA Cerro,Bella Vista,1987-05-16,0,0,F,E,1987,5
Central Espanol,CA Progreso,1987-05-16,1,0,F,L,1987,5
Defensor Sporting,Rampla Juniors Futbol Club,1987-05-16,3,0,F,L,1987,5
Montevideo Wanderers,CA Penarol,1987-05-16,2,1,F,L,1987,5
Nacional,Danubio,1987-05-16,1,0,F,L,1987,5
River Plate,Club Social Y Deportivo Huracan Buceo,1987-05-16,3,1,F,L,1987,5
CA Penarol,Miramar Misiones,1987-05-23,4,2,F,L,1987,5
Club Social Y Deportivo Huracan Buceo,Central Espanol,1987-05-23,1,0,F,L,1987,5
Danubio,CA Progreso,1987-05-23,1,1,F,E,1987,5
Defensor Sporting,Bella Vista,1987-05-23,1,0,F,L,1987,5
Montevideo Wanderers,CA Cerro,1987-05-23,3,1,F,L,1987,5
Rampla Juniors Futbol Club,Nacional,1987-05-23,1,0,F,L,1987,5
Bella Vista,CA Penarol,1987-05-30,3,0,F,L,1987,5
CA Progreso,River Plate,1987-05-30,2,0,F,L,1987,5
Central Espanol,Montevideo Wanderers,1987-05-30,1,0,F,L,1987,5
Danubio,Miramar Misiones,1987-05-30,1,1,F,E,1987,5
Defensor Sporting,CA Cerro,1987-05-30,2,1,F,L,1987,5
Nacional,Club Social Y Deportivo Huracan Buceo,1987-05-30,2,0,F,L,1987,5
CA Progreso,Bella Vista,1987-06-06,2,0,F,L,1987,6
Club Social Y Deportivo Huracan Buceo,Rampla Juniors Futbol Club,1987-06-06,1,0,F,L,1987,6
Danubio,Montevideo Wanderers,1987-06-06,0,2,F,V,1987,6
Miramar Misiones,Central Espanol,1987-06-06,1,1,F,E,1987,6
Nacional,CA Penarol,1987-06-06,1,1,F,E,1987,6
River Plate,Defensor Sporting,1987-06-06,1,3,F,V,1987,6
Bella Vista,River Plate,1987-06-13,2,3,F,V,1987,6
CA Cerro,Rampla Juniors Futbol Club,1987-06-13,2,1,F,L,1987,6
CA Penarol,Club Social Y Deportivo Huracan Buceo,1987-06-13,0,0,F,E,1987,6
Central Espanol,Danubio,1987-06-13,2,1,F,L,1987,6
Defensor Sporting,CA Progreso,1987-06-13,1,1,F,E,1987,6
Montevideo Wanderers,Miramar Misiones,1987-06-13,1,0,F,L,1987,6
Club Social Y Deportivo Huracan Buceo,Miramar Misiones,1987-06-20,1,2,F,V,1987,6
Defensor Sporting,Danubio,1987-06-20,0,0,F,E,1987,6
Montevideo Wanderers,Bella Vista,1987-06-20,1,1,F,E,1987,6
Nacional,CA Progreso,1987-06-20,0,1,F,V,1987,6
Rampla Juniors Futbol Club,Central Espanol,1987-06-20,1,0,F,L,1987,6
River Plate,CA Cerro,1987-06-20,0,0,F,E,1987,6
Bella Vista,Rampla Juniors Futbol Club,1987-06-27,2,0,F,L,1987,6
CA Progreso,CA Penarol,1987-06-27,0,0,F,E,1987,6
Central Espanol,Nacional,1987-06-27,1,0,F,L,1987,6
Danubio,CA Cerro,1987-06-27,0,2,F,V,1987,6
Miramar Misiones,Defensor Sporting,1987-06-27,2,0,F,L,1987,6
River Plate,Montevideo Wanderers,1987-06-27,5,2,F,L,1987,6
CA Cerro,CA Progreso,1987-08-01,0,3,F,V,1987,8
CA Penarol,Danubio,1987-08-01,2,1,F,L,1987,8
Defensor Sporting,Club Social Y Deportivo Huracan Buceo,1987-08-01,2,0,F,L,1987,8
Miramar Misiones,Bella Vista,1987-08-01,1,4,F,V,1987,8
Montevideo Wanderers,Nacional,1987-08-01,1,3,F,V,1987,8
Rampla Juniors Futbol Club,River Plate,1987-08-01,0,1,F,V,1987,8
CA Cerro,Club Social Y Deportivo Huracan Buceo,1987-08-08,1,0,F,L,1987,8
CA Progreso,Montevideo Wanderers,1987-08-08,1,2,F,V,1987,8
Danubio,Bella Vista,1987-08-08,3,0,F,L,1987,8
Nacional,Miramar Misiones,1987-08-08,4,1,F,L,1987,8
Rampla Juniors Futbol Club,CA Penarol,1987-08-08,0,2,F,V,1987,8
River Plate,Central Espanol,1987-08-08,1,2,F,V,1987,8
CA Penarol,River Plate,1987-08-15,1,1,F,E,1987,8
CA Progreso,Miramar Misiones,1987-08-15,1,1,F,E,1987,8
Central Espanol,CA Cerro,1987-08-15,0,1,F,V,1987,8
Club Social Y Deportivo Huracan Buceo,Montevideo Wanderers,1987-08-15,1,0,F,L,1987,8
Danubio,Rampla Juniors Futbol Club,1987-08-15,2,1,F,L,1987,8
Defensor Sporting,Nacional,1987-08-15,1,0,F,L,1987,8
CA Penarol,Defensor Sporting,1987-08-22,3,2,F,L,1987,8
Central Espanol,Bella Vista,1987-08-22,0,1,F,V,1987,8
Club Social Y Deportivo Huracan Buceo,Danubio,1987-08-22,0,3,F,V,1987,8
Miramar Misiones,CA Cerro,1987-08-22,2,2,F,E,1987,8
Montevideo Wanderers,Rampla Juniors Futbol Club,1987-08-22,1,1,F,E,1987,8
Nacional,River Plate,1987-08-22,4,1,F,L,1987,8
Bella Vista,Nacional,1987-08-29,2,2,F,E,1987,8
CA Cerro,CA Penarol,1987-08-29,1,0,F,L,1987,8
CA Progreso,Club Social Y Deportivo Huracan Buceo,1987-08-29,1,0,F,L,1987,8
Defensor Sporting,Central Espanol,1987-08-29,1,0,F,L,1987,8
Rampla Juniors Futbol Club,Miramar Misiones,1987-08-29,0,0,F,E,1987,8
River Plate,Danubio,1987-08-29,0,1,F,V,1987,8
CA Penarol,Central Espanol,1987-09-05,0,1,F,V,1987,9
Club Social Y Deportivo Huracan Buceo,Bella Vista,1987-09-05,0,1,F,V,1987,9
Montevideo Wanderers,Defensor Sporting,1987-09-05,1,1,F,E,1987,9
Nacional,CA Cerro,1987-09-05,0,0,F,E,1987,9
Rampla Juniors Futbol Club,CA Progreso,1987-09-05,2,1,F,L,1987,9
River Plate,Miramar Misiones,1987-09-05,2,1,F,L,1987,9
Bella Vista,CA Cerro,1987-09-12,2,2,F,E,1987,9
CA Penarol,Montevideo Wanderers,1987-09-12,0,3,F,V,1987,9
CA Progreso,Central Espanol,1987-09-12,0,0,F,E,1987,9
Club Social Y Deportivo Huracan Buceo,River Plate,1987-09-12,3,3,F,E,1987,9
Danubio,Nacional,1987-09-12,0,1,F,V,1987,9
Rampla Juniors Futbol Club,Defensor Sporting,1987-09-12,0,2,F,V,1987,9
Bella Vista,Defensor Sporting,1987-09-19,3,1,F,L,1987,9
CA Cerro,Montevideo Wanderers,1987-09-19,0,1,F,V,1987,9
CA Progreso,Danubio,1987-09-19,2,1,F,L,1987,9
Central Espanol,Club Social Y Deportivo Huracan Buceo,1987-09-19,0,1,F,V,1987,9
Miramar Misiones,CA Penarol,1987-09-19,0,0,F,E,1987,9
Nacional,Rampla Juniors Futbol Club,1987-09-19,4,1,F,L,1987,9
CA Cerro,Defensor Sporting,1987-09-26,0,1,F,V,1987,9
CA Penarol,Bella Vista,1987-09-26,0,2,F,V,1987,9
Club Social Y Deportivo Huracan Buceo,Nacional,1987-09-26,0,2,F,V,1987,9
Miramar Misiones,Danubio,1987-09-26,0,3,F,V,1987,9
Miramar Misiones,Rampla Juniors Futbol Club,1987-09-26,1,0,F,L,1987,9
Montevideo Wanderers,Central Espanol,1987-09-26,1,2,F,V,1987,9
Rampla Juniors Futbol Club,Miramar Misiones,1987-09-26,2,1,F,L,1987,9
Rampla Juniors Futbol Club,Miramar Misiones,1987-09-26,1,2,F,V,1987,9
River Plate,CA Progreso,1987-09-26,2,0,F,L,1987,9
Bella Vista,River Plate,1988-03-05,0,0,F,E,1988,3
CA Cerro,Montevideo Wanderers,1988-03-05,1,0,F,L,1988,3
CA Penarol,Club Social Y Deportivo Huracan Buceo,1988-03-05,2,2,F,E,1988,3
Danubio,Central Espanol,1988-03-05,2,0,F,L,1988,3
Defensor Sporting,Miramar Misiones,1988-03-05,2,1,F,L,1988,3
Nacional,Liverpool,1988-03-05,1,0,F,L,1988,3
Bella Vista,Liverpool,1988-03-12,0,0,F,E,1988,3
CA Cerro,Central Espanol,1988-03-12,2,1,F,L,1988,3
CA Penarol,Nacional,1988-03-12,2,1,F,L,1988,3
Defensor Sporting,CA Progreso,1988-03-12,3,0,F,L,1988,3
Montevideo Wanderers,Club Social Y Deportivo Huracan Buceo,1988-03-12,3,1,F,L,1988,3
River Plate,Miramar Misiones,1988-03-12,3,1,F,L,1988,3
Bella Vista,Defensor Sporting,1988-03-19,0,0,F,E,1988,3
CA Penarol,CA Progreso,1988-03-19,4,3,F,L,1988,3
Club Social Y Deportivo Huracan Buceo,CA Cerro,1988-03-19,1,0,F,L,1988,3
Danubio,Liverpool,1988-03-19,1,0,F,L,1988,3
Montevideo Wanderers,Miramar Misiones,1988-03-19,0,0,F,E,1988,3
River Plate,Nacional,1988-03-19,1,1,F,E,1988,3
CA Penarol,Liverpool,1988-03-26,3,0,F,L,1988,3
CA Progreso,River Plate,1988-03-26,1,0,F,L,1988,3
Club Social Y Deportivo Huracan Buceo,Central Espanol,1988-03-26,0,0,F,E,1988,3
Danubio,CA Cerro,1988-03-26,2,1,F,L,1988,3
Defensor Sporting,Montevideo Wanderers,1988-03-26,1,1,F,E,1988,3
Nacional,Miramar Misiones,1988-03-26,2,0,F,L,1988,3
CA Cerro,CA Progreso,1988-04-02,1,0,F,L,1988,4
Club Social Y Deportivo Huracan Buceo,Bella Vista,1988-04-02,2,0,F,L,1988,4
Danubio,Miramar Misiones,1988-04-02,3,1,F,L,1988,4
Defensor Sporting,Central Espanol,1988-04-02,0,0,F,E,1988,4
Liverpool,Montevideo Wanderers,1988-04-02,0,0,F,E,1988,4
River Plate,CA Penarol,1988-04-02,1,1,F,E,1988,4
Bella Vista,CA Penarol,1988-04-09,1,0,F,L,1988,4
Central Espanol,Miramar Misiones,1988-04-09,3,1,F,L,1988,4
Club Social Y Deportivo Huracan Buceo,River Plate,1988-04-09,2,1,F,L,1988,4
Danubio,Defensor Sporting,1988-04-09,1,0,F,L,1988,4
Liverpool,CA Progreso,1988-04-09,2,1,F,L,1988,4
Montevideo Wanderers,Nacional,1988-04-09,2,0,F,L,1988,4
Central Espanol,River Plate,1988-04-16,1,1,F,E,1988,4
Club Social Y Deportivo Huracan Buceo,Miramar Misiones,1988-04-16,1,0,F,L,1988,4
Danubio,Bella Vista,1988-04-16,3,1,F,L,1988,4
Defensor Sporting,CA Penarol,1988-04-16,2,3,F,V,1988,4
Montevideo Wanderers,CA Progreso,1988-04-16,2,0,F,L,1988,4
Nacional,CA Cerro,1988-04-16,4,1,F,L,1988,4
CA Cerro,Liverpool,1988-04-23,1,0,F,L,1988,4
CA Penarol,Central Espanol,1988-04-23,4,1,F,L,1988,4
Club Social Y Deportivo Huracan Buceo,Danubio,1988-04-23,1,0,F,L,1988,4
Defensor Sporting,River Plate,1988-04-23,1,0,F,L,1988,4
Miramar Misiones,Bella Vista,1988-04-23,2,1,F,L,1988,4
Nacional,CA Progreso,1988-04-23,2,1,F,L,1988,4
CA Penarol,CA Cerro,1988-04-30,4,1,F,L,1988,4
Central Espanol,Bella Vista,1988-04-30,1,0,F,L,1988,4
Club Social Y Deportivo Huracan Buceo,Nacional,1988-04-30,0,0,F,E,1988,4
Danubio,Montevideo Wanderers,1988-04-30,6,0,F,L,1988,4
Defensor Sporting,Liverpool,1988-04-30,1,0,F,L,1988,4
Miramar Misiones,CA Progreso,1988-04-30,1,0,F,L,1988,4
Danubio,CA Progreso,1988-05-07,3,0,F,L,1988,5
Defensor Sporting,Club Social Y Deportivo Huracan Buceo,1988-05-07,1,0,F,L,1988,5
Liverpool,River Plate,1988-05-07,2,1,F,L,1988,5
Miramar Misiones,CA Cerro,1988-05-07,1,0,F,L,1988,5
Montevideo Wanderers,Central Espanol,1988-05-07,0,0,F,E,1988,5
Nacional,Bella Vista,1988-05-07,4,2,F,L,1988,5
Bella Vista,CA Cerro,1988-05-14,1,0,F,L,1988,5
CA Penarol,Montevideo Wanderers,1988-05-14,2,2,F,E,1988,5
CA Progreso,Club Social Y Deportivo Huracan Buceo,1988-05-14,2,0,F,L,1988,5
Central Espanol,Liverpool,1988-05-14,1,0,F,L,1988,5
Danubio,River Plate,1988-05-14,3,2,F,L,1988,5
Nacional,Defensor Sporting,1988-05-14,3,0,F,L,1988,5
Bella Vista,CA Progreso,1988-05-21,1,0,F,L,1988,5
Danubio,CA Penarol,1988-05-21,1,0,F,L,1988,5
Defensor Sporting,CA Cerro,1988-05-21,1,0,F,L,1988,5
Liverpool,Miramar Misiones,1988-05-21,1,0,F,L,1988,5
Nacional,Central Espanol,1988-05-21,1,0,F,L,1988,5
River Plate,Montevideo Wanderers,1988-05-21,1,1,F,E,1988,5
CA Cerro,River Plate,1988-05-28,2,0,F,L,1988,5
CA Penarol,Miramar Misiones,1988-05-28,3,0,F,L,1988,5
CA Progreso,Central Espanol,1988-05-28,1,1,F,E,1988,5
Danubio,Nacional,1988-05-28,1,0,F,L,1988,5
Liverpool,Club Social Y Deportivo Huracan Buceo,1988-05-28,1,0,F,L,1988,5
Montevideo Wanderers,Bella Vista,1988-05-28,2,0,F,L,1988,5
Central Espanol,Danubio,1988-06-04,1,4,F,V,1988,6
Club Social Y Deportivo Huracan Buceo,CA Penarol,1988-06-04,0,3,F,V,1988,6
Liverpool,Nacional,1988-06-04,0,0,F,E,1988,6
Miramar Misiones,Defensor Sporting,1988-06-04,1,1,F,E,1988,6
Montevideo Wanderers,CA Cerro,1988-06-04,1,0,F,L,1988,6
River Plate,Bella Vista,1988-06-04,1,1,F,E,1988,6
CA Progreso,Defensor Sporting,1988-06-11,0,4,F,V,1988,6
Central Espanol,CA Cerro,1988-06-11,0,1,F,V,1988,6
Club Social Y Deportivo Huracan Buceo,Montevideo Wanderers,1988-06-11,2,0,F,L,1988,6
Liverpool,Bella Vista,1988-06-11,1,0,F,L,1988,6
Miramar Misiones,River Plate,1988-06-11,0,0,F,E,1988,6
Nacional,CA Penarol,1988-06-11,0,3,F,V,1988,6
CA Cerro,Club Social Y Deportivo Huracan Buceo,1988-06-18,0,2,F,V,1988,6
CA Progreso,CA Penarol,1988-06-18,1,1,F,E,1988,6
Defensor Sporting,Bella Vista,1988-06-18,5,2,F,L,1988,6
Liverpool,Danubio,1988-06-18,1,4,F,V,1988,6
Miramar Misiones,Montevideo Wanderers,1988-06-18,2,2,F,E,1988,6
Nacional,River Plate,1988-06-18,1,1,F,E,1988,6
CA Cerro,Danubio,1988-06-25,0,0,F,E,1988,6
Central Espanol,Club Social Y Deportivo Huracan Buceo,1988-06-25,0,0,F,E,1988,6
Liverpool,CA Penarol,1988-06-25,1,0,F,L,1988,6
Miramar Misiones,Nacional,1988-06-25,1,1,F,E,1988,6
Montevideo Wanderers,Defensor Sporting,1988-06-25,0,0,F,E,1988,6
River Plate,CA Progreso,1988-06-25,1,1,F,E,1988,6
Bella Vista,Club Social Y Deportivo Huracan Buceo,1988-08-06,1,3,F,V,1988,8
CA Penarol,River Plate,1988-08-06,2,3,F,V,1988,8
CA Progreso,CA Cerro,1988-08-06,4,2,F,L,1988,8
Central Espanol,Defensor Sporting,1988-08-06,0,3,F,V,1988,8
Miramar Misiones,Danubio,1988-08-06,2,2,F,E,1988,8
Montevideo Wanderers,Liverpool,1988-08-06,1,1,F,E,1988,8
CA Penarol,Bella Vista,1988-08-13,1,2,F,V,1988,8
CA Progreso,Liverpool,1988-08-13,1,3,F,V,1988,8
Defensor Sporting,Danubio,1988-08-13,0,0,F,E,1988,8
Miramar Misiones,Central Espanol,1988-08-13,2,2,F,E,1988,8
Nacional,Montevideo Wanderers,1988-08-13,1,3,F,V,1988,8
River Plate,Club Social Y Deportivo Huracan Buceo,1988-08-13,0,1,F,V,1988,8
Bella Vista,Danubio,1988-08-20,0,2,F,V,1988,8
CA Cerro,Nacional,1988-08-20,1,0,F,L,1988,8
CA Penarol,Defensor Sporting,1988-08-20,2,0,F,L,1988,8
CA Progreso,Montevideo Wanderers,1988-08-20,0,0,F,E,1988,8
Miramar Misiones,Club Social Y Deportivo Huracan Buceo,1988-08-20,1,1,F,E,1988,8
River Plate,Central Espanol,1988-08-20,0,1,F,V,1988,8
Bella Vista,Miramar Misiones,1988-08-27,1,1,F,E,1988,8
CA Progreso,Nacional,1988-08-27,0,1,F,V,1988,8
Central Espanol,CA Penarol,1988-08-27,1,2,F,V,1988,8
Danubio,Club Social Y Deportivo Huracan Buceo,1988-08-27,1,2,F,V,1988,8
Liverpool,CA Cerro,1988-08-27,1,4,F,V,1988,8
River Plate,Defensor Sporting,1988-08-27,2,0,F,L,1988,8
Bella Vista,Central Espanol,1988-09-03,1,2,F,V,1988,9
CA Cerro,CA Penarol,1988-09-03,2,1,F,L,1988,9
CA Progreso,Miramar Misiones,1988-09-03,1,2,F,V,1988,9
Liverpool,Defensor Sporting,1988-09-03,0,0,F,E,1988,9
Montevideo Wanderers,Danubio,1988-09-03,2,3,F,V,1988,9
Nacional,Club Social Y Deportivo Huracan Buceo,1988-09-03,1,2,F,V,1988,9
Bella Vista,Nacional,1988-09-10,1,1,F,E,1988,9
CA Cerro,Miramar Misiones,1988-09-10,1,1,F,E,1988,9
CA Progreso,Danubio,1988-09-10,0,1,F,V,1988,9
Central Espanol,Montevideo Wanderers,1988-09-10,1,0,F,L,1988,9
Club Social Y Deportivo Huracan Buceo,Defensor Sporting,1988-09-10,1,4,F,V,1988,9
River Plate,Liverpool,1988-09-10,1,0,F,L,1988,9
CA Cerro,Bella Vista,1988-09-17,0,0,F,E,1988,9
Club Social Y Deportivo Huracan Buceo,CA Progreso,1988-09-17,1,1,F,E,1988,9
Defensor Sporting,Nacional,1988-09-17,3,0,F,L,1988,9
Liverpool,Central Espanol,1988-09-17,1,0,F,L,1988,9
Montevideo Wanderers,CA Penarol,1988-09-17,0,1,F,V,1988,9
River Plate,Danubio,1988-09-17,1,2,F,V,1988,9
CA Cerro,Defensor Sporting,1988-09-24,0,1,F,V,1988,9
CA Penarol,Danubio,1988-09-24,2,2,F,E,1988,9
CA Progreso,Bella Vista,1988-09-24,1,3,F,V,1988,9
Central Espanol,Nacional,1988-09-24,2,0,F,L,1988,9
Miramar Misiones,Liverpool,1988-09-24,0,2,F,V,1988,9
Montevideo Wanderers,River Plate,1988-09-24,2,2,F,E,1988,9
Bella Vista,Montevideo Wanderers,1988-10-01,1,1,F,E,1988,10
Central Espanol,CA Progreso,1988-10-01,0,1,F,V,1988,10
Club Social Y Deportivo Huracan Buceo,Liverpool,1988-10-01,0,3,F,V,1988,10
Miramar Misiones,CA Penarol,1988-10-01,3,5,F,V,1988,10
Nacional,Danubio,1988-10-01,1,5,F,V,1988,10
River Plate,CA Cerro,1988-10-01,3,0,F,L,1988,10
Bella Vista,Club Social Y Deportivo Huracan Buceo,1989-03-04,1,1,F,E,1989,3
CA Cerro,Montevideo Wanderers,1989-03-04,1,0,F,L,1989,3
CA Progreso,River Plate,1989-03-04,2,1,F,L,1989,3
Central Espanol,Liverpool,1989-03-04,2,0,F,L,1989,3
Defensor Sporting,Rentistas,1989-03-04,0,0,F,E,1989,3
Nacional,CA Penarol,1989-03-04,2,0,F,L,1989,3
CA Penarol,Liverpool,1989-03-11,1,0,F,L,1989,3
CA Progreso,Danubio,1989-03-11,1,0,F,L,1989,3
Club Social Y Deportivo Huracan Buceo,Central Espanol,1989-03-11,2,1,F,L,1989,3
Defensor Sporting,CA Cerro,1989-03-11,1,0,F,L,1989,3
Nacional,Bella Vista,1989-03-11,1,1,F,E,1989,3
Rentistas,Montevideo Wanderers,1989-03-11,3,0,F,L,1989,3
Bella Vista,Central Espanol,1989-03-18,2,0,F,L,1989,3
CA Cerro,Club Social Y Deportivo Huracan Buceo,1989-03-18,1,0,F,L,1989,3
CA Penarol,River Plate,1989-03-18,2,0,F,L,1989,3
CA Progreso,Nacional,1989-03-18,3,1,F,L,1989,3
Danubio,Montevideo Wanderers,1989-03-18,4,1,F,L,1989,3
Liverpool,Rentistas,1989-03-18,1,0,F,L,1989,3
Bella Vista,CA Cerro,1989-03-25,1,0,F,L,1989,3
CA Penarol,Montevideo Wanderers,1989-03-25,4,1,F,L,1989,3
CA Progreso,Defensor Sporting,1989-03-25,1,0,F,L,1989,3
Central Espanol,Nacional,1989-03-25,1,1,F,E,1989,3
Danubio,Rentistas,1989-03-25,3,3,F,E,1989,3
River Plate,Club Social Y Deportivo Huracan Buceo,1989-03-25,2,0,F,L,1989,3
CA Cerro,Liverpool,1989-04-01,1,0,F,L,1989,4
CA Penarol,Rentistas,1989-04-01,1,0,F,L,1989,4
Central Espanol,River Plate,1989-04-01,1,1,F,E,1989,4
Club Social Y Deportivo Huracan Buceo,Danubio,1989-04-01,2,0,F,L,1989,4
Montevideo Wanderers,CA Progreso,1989-04-01,2,0,F,L,1989,4
Nacional,Defensor Sporting,1989-04-01,2,2,F,E,1989,4
CA Penarol,Bella Vista,1989-04-08,1,1,F,E,1989,4
CA Progreso,Club Social Y Deportivo Huracan Buceo,1989-04-08,1,0,F,L,1989,4
Danubio,CA Cerro,1989-04-08,1,1,F,E,1989,4
Defensor Sporting,Central Espanol,1989-04-08,1,1,F,E,1989,4
Nacional,Liverpool,1989-04-08,4,1,F,L,1989,4
Rentistas,River Plate,1989-04-08,1,0,F,L,1989,4
CA Progreso,CA Cerro,1989-04-15,3,2,F,L,1989,4
Defensor Sporting,Club Social Y Deportivo Huracan Buceo,1989-04-15,2,0,F,L,1989,4
Liverpool,River Plate,1989-04-15,1,0,F,L,1989,4
Montevideo Wanderers,Central Espanol,1989-04-15,2,0,F,L,1989,4
Nacional,Danubio,1989-04-15,2,0,F,L,1989,4
Rentistas,Bella Vista,1989-04-15,3,3,F,E,1989,4
CA Cerro,Central Espanol,1989-04-22,1,1,F,E,1989,4
CA Penarol,Danubio,1989-04-22,2,1,F,L,1989,4
CA Progreso,Liverpool,1989-04-22,1,0,F,L,1989,4
Defensor Sporting,Bella Vista,1989-04-22,0,0,F,E,1989,4
Montevideo Wanderers,River Plate,1989-04-22,1,0,F,L,1989,4
Rentistas,Club Social Y Deportivo Huracan Buceo,1989-04-22,0,0,F,E,1989,4
Bella Vista,Liverpool,1989-04-29,1,1,F,E,1989,4
CA Progreso,CA Penarol,1989-04-29,1,0,F,L,1989,4
Danubio,Central Espanol,1989-04-29,3,1,F,L,1989,4
Defensor Sporting,River Plate,1989-04-29,2,1,F,L,1989,4
Montevideo Wanderers,Club Social Y Deportivo Huracan Buceo,1989-04-29,3,1,F,L,1989,4
Nacional,CA Cerro,1989-04-29,2,1,F,L,1989,4
Bella Vista,River Plate,1989-05-06,1,0,F,L,1989,5
CA Cerro,CA Penarol,1989-05-06,2,1,F,L,1989,5
CA Progreso,Rentistas,1989-05-06,3,0,F,L,1989,5
Defensor Sporting,Danubio,1989-05-06,2,2,F,E,1989,5
Liverpool,Club Social Y Deportivo Huracan Buceo,1989-05-06,2,1,F,L,1989,5
Montevideo Wanderers,Nacional,1989-05-06,1,1,F,E,1989,5
CA Cerro,River Plate,1989-05-13,2,1,F,L,1989,5
CA Penarol,Defensor Sporting,1989-05-13,0,0,F,E,1989,5
Central Espanol,CA Progreso,1989-05-13,1,1,F,E,1989,5
Danubio,Bella Vista,1989-05-13,1,0,F,L,1989,5
Montevideo Wanderers,Liverpool,1989-05-13,1,0,F,L,1989,5
Nacional,Rentistas,1989-05-13,2,0,F,L,1989,5
Bella Vista,CA Progreso,1989-05-20,1,1,F,E,1989,5
Club Social Y Deportivo Huracan Buceo,CA Penarol,1989-05-20,2,2,F,E,1989,5
Danubio,Liverpool,1989-05-20,1,0,F,L,1989,5
Defensor Sporting,Montevideo Wanderers,1989-05-20,1,1,F,E,1989,5
Rentistas,Central Espanol,1989-05-20,3,2,F,L,1989,5
River Plate,Nacional,1989-05-20,1,0,F,L,1989,5
CA Cerro,Rentistas,1989-05-27,2,0,F,L,1989,5
CA Penarol,Central Espanol,1989-05-27,5,4,F,L,1989,5
Danubio,River Plate,1989-05-27,2,0,F,L,1989,5
Liverpool,Defensor Sporting,1989-05-27,0,0,F,E,1989,5
Montevideo Wanderers,Bella Vista,1989-05-27,1,1,F,E,1989,5
Nacional,Club Social Y Deportivo Huracan Buceo,1989-05-27,2,2,F,E,1989,5
Bella Vista,Rentistas,1990-03-03,1,0,F,L,1990,3
CA Cerro,Nacional,1990-03-03,1,0,F,L,1990,3
CA Penarol,River Plate,1990-03-03,0,0,F,E,1990,3
CA Progreso,Montevideo Wanderers,1990-03-03,0,0,F,E,1990,3
Central Espanol,Racing Club,1990-03-03,1,0,F,L,1990,3
Club Social Y Deportivo Huracan Buceo,Danubio,1990-03-03,0,0,F,E,1990,3
Defensor Sporting,Liverpool,1990-03-03,1,1,F,E,1990,3
Bella Vista,River Plate,1990-03-10,1,0,F,L,1990,3
Central Espanol,CA Penarol,1990-03-10,3,1,F,L,1990,3
Danubio,CA Cerro,1990-03-10,2,0,F,L,1990,3
Defensor Sporting,CA Progreso,1990-03-10,0,0,F,E,1990,3
Liverpool,Montevideo Wanderers,1990-03-10,2,1,F,L,1990,3
Nacional,Club Social Y Deportivo Huracan Buceo,1990-03-10,1,0,F,L,1990,3
Rentistas,Racing Club,1990-03-10,1,1,F,E,1990,3
Bella Vista,Racing Club,1990-03-17,1,0,F,L,1990,3
CA Penarol,Club Social Y Deportivo Huracan Buceo,1990-03-17,1,0,F,L,1990,3
CA Progreso,CA Cerro,1990-03-17,0,0,F,E,1990,3
Central Espanol,Defensor Sporting,1990-03-17,1,0,F,L,1990,3
Danubio,River Plate,1990-03-17,0,0,F,E,1990,3
Montevideo Wanderers,Rentistas,1990-03-17,0,0,F,E,1990,3
Nacional,Liverpool,1990-03-17,0,0,F,E,1990,3
CA Cerro,Defensor Sporting,1990-03-24,1,1,F,E,1990,3
CA Penarol,CA Progreso,1990-03-24,3,0,F,L,1990,3
Liverpool,Danubio,1990-03-24,1,1,F,E,1990,3
Montevideo Wanderers,Bella Vista,1990-03-24,1,0,F,L,1990,3
Nacional,Central Espanol,1990-03-24,3,1,F,L,1990,3
Racing Club,River Plate,1990-03-24,2,0,F,L,1990,3
Rentistas,Club Social Y Deportivo Huracan Buceo,1990-03-24,2,0,F,L,1990,3
CA Progreso,Danubio,1990-03-31,2,0,F,L,1990,3
Central Espanol,Montevideo Wanderers,1990-03-31,2,1,F,L,1990,3
Defensor Sporting,CA Penarol,1990-03-31,2,1,F,L,1990,3
Liverpool,River Plate,1990-03-31,1,0,F,L,1990,3
Nacional,Bella Vista,1990-03-31,2,0,F,L,1990,3
Racing Club,Club Social Y Deportivo Huracan Buceo,1990-03-31,2,1,F,L,1990,3
Rentistas,CA Cerro,1990-03-31,0,0,F,E,1990,3
Bella Vista,CA Penarol,1990-04-07,1,1,F,E,1990,4
CA Cerro,Montevideo Wanderers,1990-04-07,1,0,F,L,1990,4
Central Espanol,River Plate,1990-04-07,3,1,F,L,1990,4
Club Social Y Deportivo Huracan Buceo,Defensor Sporting,1990-04-07,0,0,F,E,1990,4
Danubio,Rentistas,1990-04-07,2,1,F,L,1990,4
Liverpool,Racing Club,1990-04-07,1,0,F,L,1990,4
Nacional,CA Progreso,1990-04-07,2,0,F,L,1990,4
Bella Vista,Defensor Sporting,1990-04-14,1,0,F,L,1990,4
Central Espanol,Club Social Y Deportivo Huracan Buceo,1990-04-14,1,0,F,L,1990,4
Danubio,Montevideo Wanderers,1990-04-14,0,0,F,E,1990,4
Nacional,CA Penarol,1990-04-14,1,0,F,L,1990,4
Racing Club,CA Progreso,1990-04-14,1,0,F,L,1990,4
Rentistas,Liverpool,1990-04-14,1,1,F,E,1990,4
River Plate,CA Cerro,1990-04-14,1,0,F,L,1990,4
Bella Vista,Liverpool,1990-04-21,2,0,F,L,1990,4
CA Penarol,CA Cerro,1990-04-21,1,1,F,E,1990,4
CA Progreso,Club Social Y Deportivo Huracan Buceo,1990-04-21,1,0,F,L,1990,4
Danubio,Central Espanol,1990-04-21,1,0,F,L,1990,4
Defensor Sporting,Rentistas,1990-04-21,0,0,F,E,1990,4
Montevideo Wanderers,Racing Club,1990-04-21,1,1,F,E,1990,4
Nacional,River Plate,1990-04-21,0,0,F,E,1990,4
Bella Vista,Central Espanol,1990-04-28,1,1,F,E,1990,4
Danubio,CA Penarol,1990-04-28,1,0,F,L,1990,4
Liverpool,Club Social Y Deportivo Huracan Buceo,1990-04-28,2,0,F,L,1990,4
Montevideo Wanderers,River Plate,1990-04-28,3,2,F,L,1990,4
Nacional,Defensor Sporting,1990-04-28,1,1,F,E,1990,4
Racing Club,CA Cerro,1990-04-28,3,1,F,L,1990,4
Rentistas,CA Progreso,1990-04-28,3,1,F,L,1990,4
Bella Vista,Club Social Y Deportivo Huracan Buceo,1990-05-05,4,1,F,L,1990,5
CA Progreso,River Plate,1990-05-05,2,0,F,L,1990,5
Central Espanol,Rentistas,1990-05-05,2,1,F,L,1990,5
Defensor Sporting,Danubio,1990-05-05,1,0,F,L,1990,5
Liverpool,CA Cerro,1990-05-05,1,1,F,E,1990,5
Montevideo Wanderers,CA Penarol,1990-05-05,0,0,F,E,1990,5
Racing Club,Nacional,1990-05-05,1,0,F,L,1990,5
Bella Vista,CA Cerro,1990-05-12,1,0,F,L,1990,5
CA Penarol,Liverpool,1990-05-12,2,0,F,L,1990,5
Central Espanol,CA Progreso,1990-05-12,1,0,F,L,1990,5
Defensor Sporting,River Plate,1990-05-12,3,0,F,L,1990,5
Montevideo Wanderers,Club Social Y Deportivo Huracan Buceo,1990-05-12,2,0,F,L,1990,5
Racing Club,Danubio,1990-05-12,1,0,F,L,1990,5
Rentistas,Nacional,1990-05-12,1,1,F,E,1990,5
Bella Vista,Danubio,1990-05-19,1,1,F,E,1990,5
CA Cerro,Central Espanol,1990-05-19,0,0,F,E,1990,5
Club Social Y Deportivo Huracan Buceo,River Plate,1990-05-19,1,0,F,L,1990,5
Defensor Sporting,Racing Club,1990-05-19,1,1,F,E,1990,5
Liverpool,CA Progreso,1990-05-19,3,2,F,L,1990,5
Nacional,Montevideo Wanderers,1990-05-19,2,1,F,L,1990,5
Rentistas,CA Penarol,1990-05-19,0,0,F,E,1990,5
Bella Vista,CA Progreso,1990-05-26,2,0,F,L,1990,5
CA Cerro,Club Social Y Deportivo Huracan Buceo,1990-05-26,3,1,F,L,1990,5
CA Penarol,Racing Club,1990-05-26,1,0,F,L,1990,5
Danubio,Nacional,1990-05-26,1,1,F,E,1990,5
Defensor Sporting,Montevideo Wanderers,1990-05-26,1,0,F,L,1990,5
Liverpool,Central Espanol,1990-05-26,3,1,F,L,1990,5
River Plate,Rentistas,1990-05-26,2,2,F,E,1990,5
Danubio,Club Social Y Deportivo Huracan Buceo,1990-06-02,2,1,F,L,1990,6
Liverpool,Defensor Sporting,1990-06-02,1,1,F,E,1990,6
Montevideo Wanderers,CA Progreso,1990-06-02,0,2,F,V,1990,6
Nacional,CA Cerro,1990-06-02,2,0,F,L,1990,6
Racing Club,Central Espanol,1990-06-02,2,1,F,L,1990,6
Rentistas,Bella Vista,1990-06-02,2,2,F,E,1990,6
River Plate,CA Penarol,1990-06-02,0,3,F,V,1990,6
CA Cerro,Danubio,1990-06-09,0,0,F,E,1990,6
CA Penarol,Central Espanol,1990-06-09,2,1,F,L,1990,6
CA Progreso,Defensor Sporting,1990-06-09,0,2,F,V,1990,6
Club Social Y Deportivo Huracan Buceo,Nacional,1990-06-09,1,2,F,V,1990,6
Montevideo Wanderers,Liverpool,1990-06-09,0,2,F,V,1990,6
Racing Club,Rentistas,1990-06-09,2,2,F,E,1990,6
River Plate,Bella Vista,1990-06-09,0,3,F,V,1990,6
CA Cerro,CA Progreso,1990-06-16,0,1,F,V,1990,6
Club Social Y Deportivo Huracan Buceo,CA Penarol,1990-06-16,1,3,F,V,1990,6
Defensor Sporting,Central Espanol,1990-06-16,0,1,F,V,1990,6
Liverpool,Nacional,1990-06-16,0,0,F,E,1990,6
Racing Club,Bella Vista,1990-06-16,0,0,F,E,1990,6
Rentistas,Montevideo Wanderers,1990-06-16,0,1,F,V,1990,6
River Plate,Danubio,1990-06-16,3,2,F,L,1990,6
Bella Vista,Montevideo Wanderers,1990-06-23,2,1,F,L,1990,6
CA Progreso,CA Penarol,1990-06-23,2,1,F,L,1990,6
Central Espanol,Nacional,1990-06-23,0,2,F,V,1990,6
Club Social Y Deportivo Huracan Buceo,Rentistas,1990-06-23,1,2,F,V,1990,6
Danubio,Liverpool,1990-06-23,1,0,F,L,1990,6
Defensor Sporting,CA Cerro,1990-06-23,0,0,F,E,1990,6
River Plate,Racing Club,1990-06-23,2,1,F,L,1990,6
Bella Vista,Nacional,1990-06-30,1,0,F,L,1990,6
CA Cerro,Rentistas,1990-06-30,1,1,F,E,1990,6
CA Penarol,Defensor Sporting,1990-06-30,4,0,F,L,1990,6
Club Social Y Deportivo Huracan Buceo,Racing Club,1990-06-30,0,0,F,E,1990,6
Danubio,CA Progreso,1990-06-30,2,0,F,L,1990,6
Montevideo Wanderers,Central Espanol,1990-06-30,0,2,F,V,1990,6
River Plate,Liverpool,1990-06-30,2,0,F,L,1990,6
CA Penarol,Bella Vista,1990-08-04,1,2,F,V,1990,8
CA Progreso,Nacional,1990-08-04,1,3,F,V,1990,8
Defensor Sporting,Club Social Y Deportivo Huracan Buceo,1990-08-04,4,0,F,L,1990,8
Montevideo Wanderers,CA Cerro,1990-08-04,2,0,F,L,1990,8
Racing Club,Liverpool,1990-08-04,2,1,F,L,1990,8
Rentistas,Danubio,1990-08-04,0,1,F,V,1990,8
River Plate,Central Espanol,1990-08-04,2,0,F,L,1990,8
CA Cerro,River Plate,1990-08-11,3,2,F,L,1990,8
CA Penarol,Nacional,1990-08-11,2,0,F,L,1990,8
CA Progreso,Racing Club,1990-08-11,1,1,F,E,1990,8
Club Social Y Deportivo Huracan Buceo,Central Espanol,1990-08-11,1,1,F,E,1990,8
Defensor Sporting,Bella Vista,1990-08-11,0,1,F,V,1990,8
Liverpool,Rentistas,1990-08-11,1,0,F,L,1990,8
Montevideo Wanderers,Danubio,1990-08-11,2,1,F,L,1990,8
CA Cerro,CA Penarol,1990-08-18,2,2,F,E,1990,8
Central Espanol,Danubio,1990-08-18,3,0,F,L,1990,8
Club Social Y Deportivo Huracan Buceo,CA Progreso,1990-08-18,1,0,F,L,1990,8
Liverpool,Bella Vista,1990-08-18,1,3,F,V,1990,8
Racing Club,Montevideo Wanderers,1990-08-18,0,0,F,E,1990,8
Rentistas,Defensor Sporting,1990-08-18,0,1,F,V,1990,8
River Plate,Nacional,1990-08-18,0,1,F,V,1990,8
CA Cerro,Racing Club,1990-08-25,2,3,F,V,1990,8
CA Penarol,Danubio,1990-08-25,0,2,F,V,1990,8
CA Progreso,Rentistas,1990-08-25,1,3,F,V,1990,8
Central Espanol,Bella Vista,1990-08-25,0,0,F,E,1990,8
Club Social Y Deportivo Huracan Buceo,Liverpool,1990-08-25,0,2,F,V,1990,8
Defensor Sporting,Nacional,1990-08-25,0,0,F,E,1990,8
River Plate,Montevideo Wanderers,1990-08-25,2,1,F,L,1990,8
CA Cerro,Liverpool,1990-09-01,2,4,F,V,1990,9
CA Penarol,Montevideo Wanderers,1990-09-01,2,1,F,L,1990,9
Club Social Y Deportivo Huracan Buceo,Bella Vista,1990-09-01,0,1,F,V,1990,9
Danubio,Defensor Sporting,1990-09-01,1,1,F,E,1990,9
Nacional,Racing Club,1990-09-01,1,1,F,E,1990,9
Rentistas,Central Espanol,1990-09-01,2,1,F,L,1990,9
River Plate,CA Progreso,1990-09-01,0,0,F,E,1990,9
CA Cerro,Bella Vista,1990-09-08,1,1,F,E,1990,9
CA Progreso,Central Espanol,1990-09-08,2,1,F,L,1990,9
Club Social Y Deportivo Huracan Buceo,Montevideo Wanderers,1990-09-08,0,2,F,V,1990,9
Danubio,Racing Club,1990-09-08,0,0,F,E,1990,9
Liverpool,CA Penarol,1990-09-08,1,4,F,V,1990,9
Nacional,Rentistas,1990-09-08,1,1,F,E,1990,9
River Plate,Defensor Sporting,1990-09-08,0,0,F,E,1990,9
CA Penarol,Rentistas,1990-09-15,0,0,F,E,1990,9
CA Progreso,Liverpool,1990-09-15,0,0,F,E,1990,9
Central Espanol,CA Cerro,1990-09-15,2,0,F,L,1990,9
Danubio,Bella Vista,1990-09-15,1,2,F,V,1990,9
Montevideo Wanderers,Nacional,1990-09-15,0,0,F,E,1990,9
Racing Club,Defensor Sporting,1990-09-15,0,0,F,E,1990,9
River Plate,Club Social Y Deportivo Huracan Buceo,1990-09-15,0,1,F,V,1990,9
CA Progreso,Bella Vista,1990-09-22,1,0,F,L,1990,9
Central Espanol,Liverpool,1990-09-22,0,0,F,E,1990,9
Club Social Y Deportivo Huracan Buceo,CA Cerro,1990-09-22,1,3,F,V,1990,9
Montevideo Wanderers,Defensor Sporting,1990-09-22,5,0,F,L,1990,9
Nacional,Danubio,1990-09-22,1,2,F,V,1990,9
Racing Club,CA Penarol,1990-09-22,0,2,F,V,1990,9
Rentistas,River Plate,1990-09-22,0,0,F,E,1990,9
CA Cerro,Danubio,1991-03-02,3,2,F,L,1991,3
CA Penarol,Bella Vista,1991-03-02,1,1,F,E,1991,3
CA Progreso,El Tanque Sisley,1991-03-02,1,1,F,E,1991,3
Central Espanol,Rentistas,1991-03-02,2,1,F,L,1991,3
Club Social Y Deportivo Huracan Buceo,Racing Club,1991-03-02,0,0,F,E,1991,3
Defensor Sporting,Liverpool,1991-03-02,0,0,F,E,1991,3
Nacional,Montevideo Wanderers,1991-03-02,2,2,F,E,1991,3
Bella Vista,Danubio,1991-03-09,2,2,F,E,1991,3
Central Espanol,Liverpool,1991-03-09,2,0,F,L,1991,3
Club Social Y Deportivo Huracan Buceo,CA Progreso,1991-03-09,3,1,F,L,1991,3
Defensor Sporting,Rentistas,1991-03-09,2,1,F,L,1991,3
El Tanque Sisley,Racing Club,1991-03-09,1,0,F,L,1991,3
Montevideo Wanderers,CA Penarol,1991-03-09,1,1,F,E,1991,3
Nacional,CA Cerro,1991-03-09,2,1,F,L,1991,3
Bella Vista,Club Social Y Deportivo Huracan Buceo,1991-03-16,1,0,F,L,1991,3
CA Cerro,El Tanque Sisley,1991-03-16,0,0,F,E,1991,3
Danubio,CA Penarol,1991-03-16,3,1,F,L,1991,3
Defensor Sporting,CA Progreso,1991-03-16,4,2,F,L,1991,3
Montevideo Wanderers,Central Espanol,1991-03-16,2,0,F,L,1991,3
Nacional,Rentistas,1991-03-16,2,1,F,L,1991,3
Racing Club,Liverpool,1991-03-16,0,0,F,E,1991,3
Bella Vista,Rentistas,1991-03-23,1,1,F,E,1991,3
Central Espanol,CA Progreso,1991-03-23,1,0,F,L,1991,3
Club Social Y Deportivo Huracan Buceo,CA Penarol,1991-03-23,4,1,F,L,1991,3
Defensor Sporting,CA Cerro,1991-03-23,1,0,F,L,1991,3
Liverpool,El Tanque Sisley,1991-03-23,1,0,F,L,1991,3
Montevideo Wanderers,Danubio,1991-03-23,2,1,F,L,1991,3
Nacional,Racing Club,1991-03-23,3,0,F,L,1991,3
Bella Vista,Liverpool,1991-03-30,2,2,F,E,1991,3
CA Cerro,Club Social Y Deportivo Huracan Buceo,1991-03-30,1,0,F,L,1991,3
CA Penarol,Defensor Sporting,1991-03-30,0,0,F,E,1991,3
Danubio,Rentistas,1991-03-30,1,0,F,L,1991,3
Montevideo Wanderers,CA Progreso,1991-03-30,0,0,F,E,1991,3
Nacional,El Tanque Sisley,1991-03-30,4,2,F,L,1991,3
Racing Club,Central Espanol,1991-03-30,2,2,F,E,1991,3
CA Cerro,Montevideo Wanderers,1991-04-06,2,0,F,L,1991,4
CA Penarol,Nacional,1991-04-06,0,0,F,E,1991,4
Central Espanol,Bella Vista,1991-04-06,1,1,F,E,1991,4
Danubio,CA Progreso,1991-04-06,1,0,F,L,1991,4
Defensor Sporting,Racing Club,1991-04-06,3,0,F,L,1991,4
Liverpool,Club Social Y Deportivo Huracan Buceo,1991-04-06,1,0,F,L,1991,4
Rentistas,El Tanque Sisley,1991-04-06,1,0,F,L,1991,4
Bella Vista,CA Progreso,1991-04-13,2,1,F,L,1991,4
CA Cerro,Rentistas,1991-04-13,0,0,F,E,1991,4
CA Penarol,El Tanque Sisley,1991-04-13,2,1,F,L,1991,4
Central Espanol,Club Social Y Deportivo Huracan Buceo,1991-04-13,1,1,F,E,1991,4
Danubio,Racing Club,1991-04-13,3,0,F,L,1991,4
Liverpool,Montevideo Wanderers,1991-04-13,2,1,F,L,1991,4
Nacional,Defensor Sporting,1991-04-13,1,0,F,L,1991,4
CA Penarol,CA Progreso,1991-04-20,3,1,F,L,1991,4
Central Espanol,CA Cerro,1991-04-20,1,0,F,L,1991,4
Club Social Y Deportivo Huracan Buceo,Danubio,1991-04-20,1,0,F,L,1991,4
El Tanque Sisley,Bella Vista,1991-04-20,0,0,F,E,1991,4
Montevideo Wanderers,Defensor Sporting,1991-04-20,1,0,F,L,1991,4
Nacional,Liverpool,1991-04-20,1,1,F,E,1991,4
Racing Club,Rentistas,1991-04-20,2,1,F,L,1991,4
Bella Vista,Racing Club,1991-04-27,2,1,F,L,1991,4
CA Penarol,CA Cerro,1991-04-27,0,0,F,E,1991,4
Central Espanol,Nacional,1991-04-27,2,2,F,E,1991,4
Club Social Y Deportivo Huracan Buceo,Montevideo Wanderers,1991-04-27,3,1,F,L,1991,4
Defensor Sporting,El Tanque Sisley,1991-04-27,1,0,F,L,1991,4
Liverpool,Danubio,1991-04-27,0,0,F,E,1991,4
Rentistas,CA Progreso,1991-04-27,3,3,F,E,1991,4
CA Cerro,Bella Vista,1991-05-04,1,1,F,E,1991,5
CA Penarol,Rentistas,1991-05-04,1,0,F,L,1991,5
CA Progreso,Liverpool,1991-05-04,1,0,F,L,1991,5
Central Espanol,El Tanque Sisley,1991-05-04,1,0,F,L,1991,5
Danubio,Defensor Sporting,1991-05-04,1,1,F,E,1991,5
Nacional,Club Social Y Deportivo Huracan Buceo,1991-05-04,4,1,F,L,1991,5
Racing Club,Montevideo Wanderers,1991-05-04,0,0,F,E,1991,5
Central Espanol,Danubio,1991-05-11,2,0,F,L,1991,5
Club Social Y Deportivo Huracan Buceo,Rentistas,1991-05-11,1,0,F,L,1991,5
Defensor Sporting,Bella Vista,1991-05-11,3,0,F,L,1991,5
El Tanque Sisley,Montevideo Wanderers,1991-05-11,0,0,F,E,1991,5
Liverpool,CA Penarol,1991-05-11,1,1,F,E,1991,5
Nacional,CA Progreso,1991-05-11,1,0,F,L,1991,5
Racing Club,CA Cerro,1991-05-11,2,1,F,L,1991,5
CA Penarol,Central Espanol,1991-05-18,3,1,F,L,1991,5
CA Progreso,Racing Club,1991-05-18,0,0,F,E,1991,5
Club Social Y Deportivo Huracan Buceo,Defensor Sporting,1991-05-18,0,1,F,V,1991,5
Danubio,El Tanque Sisley,1991-05-18,1,0,F,L,1991,5
Liverpool,CA Cerro,1991-05-18,1,1,F,E,1991,5
Montevideo Wanderers,Rentistas,1991-05-18,1,1,F,E,1991,5
Nacional,Bella Vista,1991-05-18,1,0,F,L,1991,5
CA Cerro,CA Progreso,1991-05-25,1,1,F,E,1991,5
CA Penarol,Racing Club,1991-05-25,2,1,F,L,1991,5
Central Espanol,Defensor Sporting,1991-05-25,0,0,F,E,1991,5
Danubio,Nacional,1991-05-25,1,0,F,L,1991,5
El Tanque Sisley,Club Social Y Deportivo Huracan Buceo,1991-05-25,1,0,F,L,1991,5
Liverpool,Rentistas,1991-05-25,2,0,F,L,1991,5
Montevideo Wanderers,Bella Vista,1991-05-25,2,2,F,E,1991,5
Bella Vista,CA Penarol,1991-06-01,0,3,F,V,1991,6
Danubio,CA Cerro,1991-06-01,0,1,F,V,1991,6
El Tanque Sisley,CA Progreso,1991-06-01,1,1,F,E,1991,6
Liverpool,Defensor Sporting,1991-06-01,2,3,F,V,1991,6
Montevideo Wanderers,Nacional,1991-06-01,1,0,F,L,1991,6
Racing Club,Club Social Y Deportivo Huracan Buceo,1991-06-01,1,0,F,L,1991,6
Rentistas,Central Espanol,1991-06-01,0,1,F,V,1991,6
CA Cerro,Nacional,1991-06-08,0,0,F,E,1991,6
CA Penarol,Montevideo Wanderers,1991-06-08,0,0,F,E,1991,6
CA Progreso,Club Social Y Deportivo Huracan Buceo,1991-06-08,2,1,F,L,1991,6
Danubio,Bella Vista,1991-06-08,1,0,F,L,1991,6
Liverpool,Central Espanol,1991-06-08,0,0,F,E,1991,6
Racing Club,El Tanque Sisley,1991-06-08,4,1,F,L,1991,6
Rentistas,Defensor Sporting,1991-06-08,1,0,F,L,1991,6
CA Penarol,Danubio,1991-06-15,0,3,F,V,1991,6
CA Progreso,Defensor Sporting,1991-06-15,0,0,F,E,1991,6
Central Espanol,Montevideo Wanderers,1991-06-15,1,1,F,E,1991,6
Club Social Y Deportivo Huracan Buceo,Bella Vista,1991-06-15,3,3,F,E,1991,6
El Tanque Sisley,CA Cerro,1991-06-15,0,2,F,V,1991,6
Liverpool,Racing Club,1991-06-15,0,0,F,E,1991,6
Rentistas,Nacional,1991-06-15,1,1,F,E,1991,6
CA Cerro,Defensor Sporting,1991-06-22,0,1,F,V,1991,6
CA Penarol,Club Social Y Deportivo Huracan Buceo,1991-06-22,3,1,F,L,1991,6
CA Progreso,Central Espanol,1991-06-22,1,2,F,V,1991,6
Danubio,Montevideo Wanderers,1991-06-22,0,1,F,V,1991,6
El Tanque Sisley,Liverpool,1991-06-22,1,1,F,E,1991,6
Racing Club,Nacional,1991-06-22,0,1,F,V,1991,6
Rentistas,Bella Vista,1991-06-22,0,0,F,E,1991,6
CA Progreso,Montevideo Wanderers,1991-06-29,2,0,F,L,1991,6
Central Espanol,Racing Club,1991-06-29,1,1,F,E,1991,6
Club Social Y Deportivo Huracan Buceo,CA Cerro,1991-06-29,2,1,F,L,1991,6
Defensor Sporting,CA Penarol,1991-06-29,0,0,F,E,1991,6
El Tanque Sisley,Nacional,1991-06-29,2,0,F,L,1991,6
Liverpool,Bella Vista,1991-06-29,2,0,F,L,1991,6
Rentistas,Danubio,1991-06-29,0,0,F,E,1991,6
Bella Vista,Central Espanol,1991-08-03,0,0,F,E,1991,8
CA Progreso,Danubio,1991-08-03,0,1,F,V,1991,8
Club Social Y Deportivo Huracan Buceo,Liverpool,1991-08-03,1,3,F,V,1991,8
El Tanque Sisley,Rentistas,1991-08-03,1,2,F,V,1991,8
Montevideo Wanderers,CA Cerro,1991-08-03,0,0,F,E,1991,8
Nacional,CA Penarol,1991-08-03,0,1,F,V,1991,8
Racing Club,Defensor Sporting,1991-08-03,0,0,F,E,1991,8
CA Progreso,Bella Vista,1991-08-10,0,0,F,E,1991,8
Club Social Y Deportivo Huracan Buceo,Central Espanol,1991-08-10,2,1,F,L,1991,8
Defensor Sporting,Nacional,1991-08-10,1,0,F,L,1991,8
El Tanque Sisley,CA Penarol,1991-08-10,1,0,F,L,1991,8
Montevideo Wanderers,Liverpool,1991-08-10,0,0,F,E,1991,8
Racing Club,Danubio,1991-08-10,1,1,F,E,1991,8
Rentistas,CA Cerro,1991-08-10,0,0,F,E,1991,8
Bella Vista,El Tanque Sisley,1991-08-17,1,0,F,L,1991,8
CA Cerro,Central Espanol,1991-08-17,0,0,F,E,1991,8
CA Progreso,CA Penarol,1991-08-17,0,2,F,V,1991,8
Danubio,Club Social Y Deportivo Huracan Buceo,1991-08-17,0,0,F,E,1991,8
Defensor Sporting,Montevideo Wanderers,1991-08-17,0,1,F,V,1991,8
Liverpool,Nacional,1991-08-17,3,3,F,E,1991,8
Rentistas,Racing Club,1991-08-17,1,2,F,V,1991,8
CA Cerro,CA Penarol,1991-08-24,0,0,F,E,1991,8
CA Progreso,Rentistas,1991-08-24,1,0,F,L,1991,8
Danubio,Liverpool,1991-08-24,1,1,F,E,1991,8
El Tanque Sisley,Defensor Sporting,1991-08-24,1,3,F,V,1991,8
Montevideo Wanderers,Club Social Y Deportivo Huracan Buceo,1991-08-24,2,2,F,E,1991,8
Nacional,Central Espanol,1991-08-24,3,2,F,L,1991,8
Racing Club,Bella Vista,1991-08-24,0,0,F,E,1991,8
Bella Vista,CA Cerro,1991-08-31,0,0,F,E,1991,8
Club Social Y Deportivo Huracan Buceo,Nacional,1991-08-31,1,3,F,V,1991,8
Defensor Sporting,Danubio,1991-08-31,2,0,F,L,1991,8
El Tanque Sisley,Central Espanol,1991-08-31,0,0,F,E,1991,8
Liverpool,CA Progreso,1991-08-31,0,0,F,E,1991,8
Montevideo Wanderers,Racing Club,1991-08-31,3,2,F,L,1991,8
Rentistas,CA Penarol,1991-08-31,2,0,F,L,1991,8
Bella Vista,Defensor Sporting,1991-09-07,0,1,F,V,1991,9
CA Cerro,Racing Club,1991-09-07,1,0,F,L,1991,9
CA Penarol,Liverpool,1991-09-07,2,0,F,L,1991,9
CA Progreso,Nacional,1991-09-07,3,2,F,L,1991,9
Danubio,Central Espanol,1991-09-07,4,0,F,L,1991,9
Montevideo Wanderers,El Tanque Sisley,1991-09-07,3,0,F,L,1991,9
Rentistas,Club Social Y Deportivo Huracan Buceo,1991-09-07,2,2,F,E,1991,9
Bella Vista,Nacional,1991-09-14,1,2,F,V,1991,9
CA Cerro,Liverpool,1991-09-14,1,0,F,L,1991,9
Central Espanol,CA Penarol,1991-09-14,0,0,F,E,1991,9
Defensor Sporting,Club Social Y Deportivo Huracan Buceo,1991-09-14,4,1,F,L,1991,9
El Tanque Sisley,Danubio,1991-09-14,0,1,F,V,1991,9
Racing Club,CA Progreso,1991-09-14,1,0,F,L,1991,9
Rentistas,Montevideo Wanderers,1991-09-14,0,1,F,V,1991,9
Bella Vista,Montevideo Wanderers,1991-09-21,0,3,F,V,1991,9
CA Progreso,CA Cerro,1991-09-21,2,1,F,L,1991,9
Defensor Sporting,Central Espanol,1991-09-21,0,0,F,E,1991,9
Nacional,Danubio,1991-09-21,2,0,F,L,1991,9
Racing Club,CA Penarol,1991-09-21,0,0,F,E,1991,9
Rentistas,Liverpool,1991-09-21,3,2,F,L,1991,9
Bella Vista,Central Espanol,1992-03-07,2,0,F,L,1992,3
CA Penarol,CA Progreso,1992-03-07,2,1,F,L,1992,3
Liverpool,River Plate,1992-03-07,1,1,F,E,1992,3
Montevideo Wanderers,CA Cerro,1992-03-07,1,0,F,L,1992,3
Racing Club,Danubio,1992-03-07,1,1,F,E,1992,3
Rentistas,Defensor Sporting,1992-03-07,1,0,F,L,1992,3
CA Penarol,Liverpool,1992-03-14,5,0,F,L,1992,3
Danubio,Bella Vista,1992-03-14,2,0,F,L,1992,3
Nacional,CA Cerro,1992-03-14,2,1,F,L,1992,3
Racing Club,Central Espanol,1992-03-14,1,0,F,L,1992,3
Rentistas,Montevideo Wanderers,1992-03-14,2,0,F,L,1992,3
River Plate,CA Progreso,1992-03-14,6,1,F,L,1992,3
CA Penarol,Bella Vista,1992-03-21,1,0,F,L,1992,3
Danubio,CA Cerro,1992-03-21,2,1,F,L,1992,3
Liverpool,Defensor Sporting,1992-03-21,0,0,F,E,1992,3
Nacional,Montevideo Wanderers,1992-03-21,1,0,F,L,1992,3
Racing Club,CA Progreso,1992-03-21,1,1,F,E,1992,3
River Plate,Rentistas,1992-03-21,3,0,F,L,1992,3
Bella Vista,River Plate,1992-03-28,2,0,F,L,1992,3
CA Cerro,Liverpool,1992-03-28,1,1,F,E,1992,3
CA Progreso,Central Espanol,1992-03-28,1,1,F,E,1992,3
Defensor Sporting,Racing Club,1992-03-28,0,0,F,E,1992,3
Montevideo Wanderers,Danubio,1992-03-28,0,0,F,E,1992,3
Nacional,Rentistas,1992-03-28,5,2,F,L,1992,3
CA Cerro,CA Progreso,1992-04-04,1,1,F,E,1992,4
Defensor Sporting,Central Espanol,1992-04-04,1,0,F,L,1992,4
Montevideo Wanderers,CA Penarol,1992-04-04,2,0,F,L,1992,4
Nacional,Liverpool,1992-04-04,3,1,F,L,1992,4
Racing Club,River Plate,1992-04-04,0,0,F,E,1992,4
Rentistas,Bella Vista,1992-04-04,1,0,F,L,1992,4
Danubio,CA Progreso,1992-04-11,1,0,F,L,1992,4
Liverpool,Central Espanol,1992-04-11,1,0,F,L,1992,4
Montevideo Wanderers,Defensor Sporting,1992-04-11,1,1,F,E,1992,4
Nacional,Bella Vista,1992-04-11,1,1,F,E,1992,4
Racing Club,CA Penarol,1992-04-11,0,0,F,E,1992,4
River Plate,CA Cerro,1992-04-11,1,0,F,L,1992,4
CA Cerro,Bella Vista,1992-04-18,3,1,F,L,1992,4
CA Penarol,Defensor Sporting,1992-04-18,1,0,F,L,1992,4
CA Progreso,Rentistas,1992-04-18,3,1,F,L,1992,4
Danubio,River Plate,1992-04-18,4,0,F,L,1992,4
Montevideo Wanderers,Central Espanol,1992-04-18,1,0,F,L,1992,4
Nacional,Racing Club,1992-04-18,3,2,F,L,1992,4
Bella Vista,Montevideo Wanderers,1992-04-25,2,1,F,L,1992,4
CA Progreso,Defensor Sporting,1992-04-25,2,1,F,L,1992,4
Central Espanol,CA Cerro,1992-04-25,1,1,F,E,1992,4
Nacional,Danubio,1992-04-25,2,1,F,L,1992,4
Racing Club,Liverpool,1992-04-25,0,0,F,E,1992,4
Rentistas,CA Penarol,1992-04-25,1,0,F,L,1992,4
Central Espanol,CA Penarol,1992-05-02,2,1,F,L,1992,5
Danubio,Rentistas,1992-05-02,3,1,F,L,1992,5
Liverpool,Bella Vista,1992-05-02,1,0,F,L,1992,5
Nacional,CA Progreso,1992-05-02,4,1,F,L,1992,5
Racing Club,CA Cerro,1992-05-02,2,1,F,L,1992,5
River Plate,Defensor Sporting,1992-05-02,2,1,F,L,1992,5
Bella Vista,CA Progreso,1992-05-09,2,1,F,L,1992,5
Central Espanol,River Plate,1992-05-09,2,1,F,L,1992,5
Danubio,Defensor Sporting,1992-05-09,0,0,F,E,1992,5
Liverpool,Montevideo Wanderers,1992-05-09,2,1,F,L,1992,5
Nacional,CA Penarol,1992-05-09,0,0,F,E,1992,5
Racing Club,Rentistas,1992-05-09,1,0,F,L,1992,5
CA Cerro,CA Penarol,1992-05-16,2,1,F,L,1992,5
CA Progreso,Montevideo Wanderers,1992-05-16,0,0,F,E,1992,5
Central Espanol,Rentistas,1992-05-16,1,1,F,E,1992,5
Danubio,Liverpool,1992-05-16,2,1,F,L,1992,5
Defensor Sporting,Bella Vista,1992-05-16,3,3,F,E,1992,5
Nacional,River Plate,1992-05-16,2,2,F,E,1992,5
Bella Vista,Racing Club,1992-05-23,1,1,F,E,1992,5
CA Cerro,Defensor Sporting,1992-05-23,0,0,F,E,1992,5
CA Penarol,Danubio,1992-05-23,1,1,F,E,1992,5
Montevideo Wanderers,River Plate,1992-05-23,1,1,F,E,1992,5
Nacional,Central Espanol,1992-05-23,3,1,F,L,1992,5
Rentistas,Liverpool,1992-05-23,0,0,F,E,1992,5
CA Penarol,River Plate,1992-05-30,1,0,F,L,1992,5
Danubio,Central Espanol,1992-05-30,2,2,F,E,1992,5
Defensor Sporting,Nacional,1992-05-30,1,0,F,L,1992,5
Liverpool,CA Progreso,1992-05-30,0,0,F,E,1992,5
Racing Club,Montevideo Wanderers,1992-05-30,1,1,F,E,1992,5
Rentistas,CA Cerro,1992-05-30,1,1,F,E,1992,5
CA Cerro,Montevideo Wanderers,1992-06-06,1,1,F,E,1992,6
CA Progreso,CA Penarol,1992-06-06,1,0,F,L,1992,6
Central Espanol,Bella Vista,1992-06-06,0,1,F,V,1992,6
Danubio,Racing Club,1992-06-06,0,0,F,E,1992,6
Defensor Sporting,Rentistas,1992-06-06,2,1,F,L,1992,6
River Plate,Liverpool,1992-06-06,1,1,F,E,1992,6
Bella Vista,Danubio,1992-06-13,0,1,F,V,1992,6
CA Cerro,Nacional,1992-06-13,1,5,F,V,1992,6
CA Progreso,River Plate,1992-06-13,1,0,F,L,1992,6
Central Espanol,Racing Club,1992-06-13,0,0,F,E,1992,6
Liverpool,CA Penarol,1992-06-13,1,2,F,V,1992,6
Montevideo Wanderers,Rentistas,1992-06-13,2,0,F,L,1992,6
Bella Vista,CA Penarol,1992-06-20,2,2,F,E,1992,6
CA Cerro,Danubio,1992-06-20,3,1,F,L,1992,6
CA Progreso,Racing Club,1992-06-20,1,1,F,E,1992,6
Defensor Sporting,Liverpool,1992-06-20,4,1,F,L,1992,6
Montevideo Wanderers,Nacional,1992-06-20,1,3,F,V,1992,6
Rentistas,River Plate,1992-06-20,1,2,F,V,1992,6
Central Espanol,CA Progreso,1992-06-27,1,4,F,V,1992,6
Danubio,Montevideo Wanderers,1992-06-27,0,0,F,E,1992,6
Liverpool,CA Cerro,1992-06-27,0,0,F,E,1992,6
Racing Club,Defensor Sporting,1992-06-27,0,1,F,V,1992,6
Rentistas,Nacional,1992-06-27,4,0,F,L,1992,6
River Plate,Bella Vista,1992-06-27,1,2,F,V,1992,6
Bella Vista,Rentistas,1992-08-01,1,0,F,L,1992,8
CA Penarol,Montevideo Wanderers,1992-08-01,3,1,F,L,1992,8
CA Progreso,CA Cerro,1992-08-01,0,0,F,E,1992,8
Central Espanol,Defensor Sporting,1992-08-01,2,3,F,V,1992,8
Liverpool,Nacional,1992-08-01,1,0,F,L,1992,8
River Plate,Racing Club,1992-08-01,2,1,F,L,1992,8
Bella Vista,Nacional,1992-08-08,1,1,F,E,1992,8
CA Cerro,River Plate,1992-08-08,0,0,F,E,1992,8
CA Penarol,Racing Club,1992-08-08,1,1,F,E,1992,8
CA Progreso,Danubio,1992-08-08,0,0,F,E,1992,8
Central Espanol,Liverpool,1992-08-08,0,1,F,V,1992,8
Defensor Sporting,Montevideo Wanderers,1992-08-08,0,1,F,V,1992,8
Bella Vista,CA Cerro,1992-08-15,0,0,F,E,1992,8
Central Espanol,Montevideo Wanderers,1992-08-15,1,1,F,E,1992,8
Defensor Sporting,CA Penarol,1992-08-15,1,0,F,L,1992,8
Racing Club,Nacional,1992-08-15,0,2,F,V,1992,8
Rentistas,CA Progreso,1992-08-15,0,0,F,E,1992,8
River Plate,Danubio,1992-08-15,2,0,F,L,1992,8
CA Cerro,Central Espanol,1992-08-22,1,1,F,E,1992,8
CA Penarol,Rentistas,1992-08-22,4,3,F,L,1992,8
Danubio,Nacional,1992-08-22,0,2,F,V,1992,8
Defensor Sporting,CA Progreso,1992-08-22,1,1,F,E,1992,8
Liverpool,Racing Club,1992-08-22,1,1,F,E,1992,8
Montevideo Wanderers,Bella Vista,1992-08-22,2,1,F,L,1992,8
Bella Vista,Liverpool,1992-08-29,0,0,F,E,1992,8
CA Cerro,Racing Club,1992-08-29,0,1,F,V,1992,8
CA Penarol,Central Espanol,1992-08-29,3,2,F,L,1992,8
CA Progreso,Nacional,1992-08-29,0,4,F,V,1992,8
Defensor Sporting,River Plate,1992-08-29,2,2,F,E,1992,8
Rentistas,Danubio,1992-08-29,1,0,F,L,1992,8
CA Penarol,Nacional,1992-09-05,0,1,F,V,1992,9
CA Progreso,Bella Vista,1992-09-05,0,3,F,V,1992,9
Defensor Sporting,Danubio,1992-09-05,1,2,F,V,1992,9
Montevideo Wanderers,Liverpool,1992-09-05,2,1,F,L,1992,9
Rentistas,Racing Club,1992-09-05,1,1,F,E,1992,9
River Plate,Central Espanol,1992-09-05,3,0,F,L,1992,9
Bella Vista,Defensor Sporting,1992-09-12,2,0,F,L,1992,9
CA Penarol,CA Cerro,1992-09-12,3,1,F,L,1992,9
Liverpool,Danubio,1992-09-12,0,0,F,E,1992,9
Montevideo Wanderers,CA Progreso,1992-09-12,1,2,F,V,1992,9
Rentistas,Central Espanol,1992-09-12,1,1,F,E,1992,9
River Plate,Nacional,1992-09-12,3,2,F,L,1992,9
Central Espanol,Nacional,1992-09-19,0,0,F,E,1992,9
Danubio,CA Penarol,1992-09-19,0,0,F,E,1992,9
Defensor Sporting,CA Cerro,1992-09-19,1,0,F,L,1992,9
Liverpool,Rentistas,1992-09-19,2,1,F,L,1992,9
Racing Club,Bella Vista,1992-09-19,1,1,F,E,1992,9
River Plate,Montevideo Wanderers,1992-09-19,0,0,F,E,1992,9
CA Cerro,Rentistas,1992-09-26,1,0,F,L,1992,9
CA Progreso,Liverpool,1992-09-26,1,0,F,L,1992,9
Central Espanol,Danubio,1992-09-26,0,0,F,E,1992,9
Montevideo Wanderers,Racing Club,1992-09-26,0,0,F,E,1992,9
Nacional,Defensor Sporting,1992-09-26,0,2,F,V,1992,9
River Plate,CA Penarol,1992-09-26,2,1,F,L,1992,9
Bella Vista,CA Progreso,1993-03-06,1,1,F,E,1993,3
Club Social Y Deportivo Huracan Buceo,Montevideo Wanderers,1993-03-06,1,1,F,E,1993,3
Danubio,CA Cerro,1993-03-06,2,1,F,L,1993,3
Defensor Sporting,CA Penarol,1993-03-06,0,0,F,E,1993,3
Liverpool,Rampla Juniors Futbol Club,1993-03-06,0,0,F,E,1993,3
Nacional,Racing Club,1993-03-06,1,0,F,L,1993,3
CA Cerro,Defensor Sporting,1993-03-13,0,3,F,V,1993,3
CA Penarol,Danubio,1993-03-13,3,2,F,L,1993,3
CA Progreso,River Plate,1993-03-13,1,0,F,L,1993,3
Montevideo Wanderers,Nacional,1993-03-13,2,2,F,E,1993,3
Racing Club,Club Social Y Deportivo Huracan Buceo,1993-03-13,1,1,F,E,1993,3
Rampla Juniors Futbol Club,Bella Vista,1993-03-13,1,0,F,L,1993,3
Bella Vista,River Plate,1993-03-20,1,1,F,E,1993,3
CA Cerro,Rampla Juniors Futbol Club,1993-03-20,3,0,F,L,1993,3
CA Penarol,Club Social Y Deportivo Huracan Buceo,1993-03-20,3,2,F,L,1993,3
Danubio,Liverpool,1993-03-20,1,0,F,L,1993,3
Nacional,Defensor Sporting,1993-03-20,1,1,F,E,1993,3
Racing Club,CA Progreso,1993-03-20,1,2,F,V,1993,3
Bella Vista,Racing Club,1993-03-27,0,1,F,V,1993,3
CA Progreso,Danubio,1993-03-27,0,0,F,E,1993,3
Club Social Y Deportivo Huracan Buceo,CA Cerro,1993-03-27,1,1,F,E,1993,3
Defensor Sporting,Montevideo Wanderers,1993-03-27,2,0,F,L,1993,3
Liverpool,Nacional,1993-03-27,1,0,F,L,1993,3
River Plate,Rampla Juniors Futbol Club,1993-03-27,0,4,F,V,1993,3
CA Penarol,Bella Vista,1993-04-03,1,0,F,L,1993,4
CA Progreso,Defensor Sporting,1993-04-03,1,1,F,E,1993,4
Montevideo Wanderers,Liverpool,1993-04-03,1,1,F,E,1993,4
Nacional,CA Cerro,1993-04-03,0,1,F,V,1993,4
Rampla Juniors Futbol Club,Club Social Y Deportivo Huracan Buceo,1993-04-03,1,1,F,E,1993,4
River Plate,Danubio,1993-04-03,0,0,F,E,1993,4
Bella Vista,Liverpool,1993-04-10,1,2,F,V,1993,4
CA Cerro,CA Progreso,1993-04-10,1,1,F,E,1993,4
Club Social Y Deportivo Huracan Buceo,River Plate,1993-04-10,3,2,F,L,1993,4
Danubio,Montevideo Wanderers,1993-04-10,2,0,F,L,1993,4
Defensor Sporting,Racing Club,1993-04-10,2,0,F,L,1993,4
Nacional,CA Penarol,1993-04-10,0,1,F,V,1993,4
CA Cerro,Racing Club,1993-04-17,1,1,F,E,1993,4
CA Progreso,Club Social Y Deportivo Huracan Buceo,1993-04-17,1,1,F,E,1993,4
Defensor Sporting,Rampla Juniors Futbol Club,1993-04-17,1,0,F,L,1993,4
Liverpool,CA Penarol,1993-04-17,0,2,F,V,1993,4
Montevideo Wanderers,Bella Vista,1993-04-17,0,3,F,V,1993,4
River Plate,Nacional,1993-04-17,1,2,F,V,1993,4
CA Penarol,Rampla Juniors Futbol Club,1993-04-24,2,2,F,E,1993,4
Club Social Y Deportivo Huracan Buceo,Bella Vista,1993-04-24,1,2,F,V,1993,4
Liverpool,Defensor Sporting,1993-04-24,0,0,F,E,1993,4
Montevideo Wanderers,CA Progreso,1993-04-24,3,1,F,L,1993,4
Nacional,Danubio,1993-04-24,2,0,F,L,1993,4
Racing Club,River Plate,1993-04-24,0,0,F,E,1993,4
CA Cerro,Liverpool,1993-05-01,1,2,F,V,1993,5
CA Penarol,Montevideo Wanderers,1993-05-01,1,2,F,V,1993,5
CA Progreso,Nacional,1993-05-01,2,2,F,E,1993,5
Danubio,Club Social Y Deportivo Huracan Buceo,1993-05-01,4,0,F,L,1993,5
Defensor Sporting,River Plate,1993-05-01,0,0,F,E,1993,5
Rampla Juniors Futbol Club,Racing Club,1993-05-01,0,0,F,E,1993,5
CA Cerro,Montevideo Wanderers,1993-05-08,2,1,F,L,1993,5
Club Social Y Deportivo Huracan Buceo,Defensor Sporting,1993-05-08,0,1,F,V,1993,5
Danubio,Bella Vista,1993-05-08,1,0,F,L,1993,5
Nacional,Rampla Juniors Futbol Club,1993-05-08,1,2,F,V,1993,5
Racing Club,Liverpool,1993-05-08,0,0,F,E,1993,5
River Plate,CA Penarol,1993-05-08,0,7,F,V,1993,5
CA Progreso,CA Penarol,1993-05-15,1,2,F,V,1993,5
Defensor Sporting,Bella Vista,1993-05-15,1,1,F,E,1993,5
Liverpool,Club Social Y Deportivo Huracan Buceo,1993-05-15,1,0,F,L,1993,5
Montevideo Wanderers,Rampla Juniors Futbol Club,1993-05-15,0,0,F,E,1993,5
Racing Club,Danubio,1993-05-15,0,0,F,E,1993,5
River Plate,CA Cerro,1993-05-15,1,0,F,L,1993,5
Bella Vista,CA Cerro,1993-05-22,0,1,F,V,1993,5
CA Penarol,Racing Club,1993-05-22,2,0,F,L,1993,5
CA Progreso,Liverpool,1993-05-22,0,0,F,E,1993,5
Club Social Y Deportivo Huracan Buceo,Nacional,1993-05-22,3,4,F,V,1993,5
Montevideo Wanderers,River Plate,1993-05-22,1,0,F,L,1993,5
Rampla Juniors Futbol Club,Danubio,1993-05-22,0,2,F,V,1993,5
Bella Vista,Nacional,1993-05-29,0,0,F,E,1993,5
CA Cerro,CA Penarol,1993-05-29,0,3,F,V,1993,5
Danubio,Defensor Sporting,1993-05-29,0,3,F,V,1993,5
Racing Club,Montevideo Wanderers,1993-05-29,1,0,F,L,1993,5
Rampla Juniors Futbol Club,CA Progreso,1993-05-29,1,1,F,E,1993,5
River Plate,Liverpool,1993-05-29,4,1,F,L,1993,5
CA Cerro,Danubio,1993-06-05,1,2,F,V,1993,6
CA Penarol,Defensor Sporting,1993-06-05,2,0,F,L,1993,6
CA Progreso,Bella Vista,1993-06-05,1,1,F,E,1993,6
Montevideo Wanderers,Club Social Y Deportivo Huracan Buceo,1993-06-05,2,2,F,E,1993,6
Racing Club,Nacional,1993-06-05,1,3,F,V,1993,6
Rampla Juniors Futbol Club,Liverpool,1993-06-05,0,0,F,E,1993,6
Bella Vista,Rampla Juniors Futbol Club,1993-06-12,2,0,F,L,1993,6
Club Social Y Deportivo Huracan Buceo,Racing Club,1993-06-12,2,0,F,L,1993,6
Danubio,CA Penarol,1993-06-12,2,0,F,L,1993,6
Defensor Sporting,CA Cerro,1993-06-12,1,1,F,E,1993,6
Nacional,Montevideo Wanderers,1993-06-12,1,0,F,L,1993,6
River Plate,CA Progreso,1993-06-12,0,2,F,V,1993,6
CA Progreso,Racing Club,1993-06-19,2,0,F,L,1993,6
Club Social Y Deportivo Huracan Buceo,CA Penarol,1993-06-19,0,4,F,V,1993,6
Defensor Sporting,Nacional,1993-06-19,1,4,F,V,1993,6
Liverpool,Danubio,1993-06-19,0,2,F,V,1993,6
Rampla Juniors Futbol Club,CA Cerro,1993-06-19,1,2,F,V,1993,6
River Plate,Bella Vista,1993-06-19,2,1,F,L,1993,6
CA Cerro,Club Social Y Deportivo Huracan Buceo,1993-06-26,1,0,F,L,1993,6
Danubio,CA Progreso,1993-06-26,3,2,F,L,1993,6
Montevideo Wanderers,Defensor Sporting,1993-06-26,0,1,F,V,1993,6
Nacional,Liverpool,1993-06-26,1,0,F,L,1993,6
Racing Club,Bella Vista,1993-06-26,0,1,F,V,1993,6
Rampla Juniors Futbol Club,River Plate,1993-06-26,0,1,F,V,1993,6
Bella Vista,CA Penarol,1993-08-07,0,3,F,V,1993,8
CA Cerro,Nacional,1993-08-07,1,1,F,E,1993,8
Club Social Y Deportivo Huracan Buceo,Rampla Juniors Futbol Club,1993-08-07,3,1,F,L,1993,8
Danubio,River Plate,1993-08-07,0,0,F,E,1993,8
Defensor Sporting,CA Progreso,1993-08-07,2,0,F,L,1993,8
Liverpool,Montevideo Wanderers,1993-08-07,0,1,F,V,1993,8
CA Penarol,Nacional,1993-08-14,3,1,F,L,1993,8
CA Progreso,CA Cerro,1993-08-14,1,0,F,L,1993,8
Liverpool,Bella Vista,1993-08-14,2,0,F,L,1993,8
Montevideo Wanderers,Danubio,1993-08-14,3,0,F,L,1993,8
Racing Club,Defensor Sporting,1993-08-14,0,1,F,V,1993,8
River Plate,Club Social Y Deportivo Huracan Buceo,1993-08-14,1,1,F,E,1993,8
Bella Vista,Montevideo Wanderers,1993-08-21,1,0,F,L,1993,8
CA Penarol,Liverpool,1993-08-21,2,0,F,L,1993,8
Club Social Y Deportivo Huracan Buceo,CA Progreso,1993-08-21,0,0,F,E,1993,8
Nacional,River Plate,1993-08-21,2,1,F,L,1993,8
Racing Club,CA Cerro,1993-08-21,0,1,F,V,1993,8
Rampla Juniors Futbol Club,Defensor Sporting,1993-08-21,0,0,F,E,1993,8
Bella Vista,Club Social Y Deportivo Huracan Buceo,1993-08-28,3,2,F,L,1993,8
CA Progreso,Montevideo Wanderers,1993-08-28,0,0,F,E,1993,8
Danubio,Nacional,1993-08-28,1,0,F,L,1993,8
Defensor Sporting,Liverpool,1993-08-28,2,1,F,L,1993,8
Rampla Juniors Futbol Club,CA Penarol,1993-08-28,0,4,F,V,1993,8
River Plate,Racing Club,1993-08-28,3,1,F,L,1993,8
Club Social Y Deportivo Huracan Buceo,Danubio,1993-09-04,3,2,F,L,1993,9
Liverpool,CA Cerro,1993-09-04,2,1,F,L,1993,9
Montevideo Wanderers,CA Penarol,1993-09-04,3,2,F,L,1993,9
Nacional,CA Progreso,1993-09-04,1,1,F,E,1993,9
Racing Club,Rampla Juniors Futbol Club,1993-09-04,0,1,F,V,1993,9
River Plate,Defensor Sporting,1993-09-04,1,2,F,V,1993,9
Bella Vista,Danubio,1993-09-11,0,0,F,E,1993,9
CA Penarol,River Plate,1993-09-11,1,1,F,E,1993,9
Defensor Sporting,Club Social Y Deportivo Huracan Buceo,1993-09-11,1,0,F,L,1993,9
Liverpool,Racing Club,1993-09-11,2,2,F,E,1993,9
Montevideo Wanderers,CA Cerro,1993-09-11,1,1,F,E,1993,9
Rampla Juniors Futbol Club,Nacional,1993-09-11,1,1,F,E,1993,9
Bella Vista,Defensor Sporting,1993-09-18,0,1,F,V,1993,9
CA Cerro,River Plate,1993-09-18,0,0,F,E,1993,9
CA Penarol,CA Progreso,1993-09-18,0,2,F,V,1993,9
Club Social Y Deportivo Huracan Buceo,Liverpool,1993-09-18,1,0,F,L,1993,9
Danubio,Racing Club,1993-09-18,1,0,F,L,1993,9
Rampla Juniors Futbol Club,Montevideo Wanderers,1993-09-18,0,0,F,E,1993,9
CA Cerro,Bella Vista,1993-09-25,2,0,F,L,1993,9
Danubio,Rampla Juniors Futbol Club,1993-09-25,0,0,F,E,1993,9
Liverpool,CA Progreso,1993-09-25,1,1,F,E,1993,9
Nacional,Club Social Y Deportivo Huracan Buceo,1993-09-25,6,3,F,L,1993,9
Racing Club,CA Penarol,1993-09-25,0,1,F,V,1993,9
River Plate,Montevideo Wanderers,1993-09-25,0,2,F,V,1993,9
CA Penarol,CA Cerro,1993-10-02,1,1,F,E,1993,10
CA Progreso,Rampla Juniors Futbol Club,1993-10-02,0,2,F,V,1993,10
Defensor Sporting,Danubio,1993-10-02,0,2,F,V,1993,10
Liverpool,River Plate,1993-10-02,0,1,F,V,1993,10
Montevideo Wanderers,Racing Club,1993-10-02,0,1,F,V,1993,10
Nacional,Bella Vista,1993-10-02,2,1,F,L,1993,10
Bella Vista,River Plate,1994-03-05,1,2,F,V,1994,3
CA Cerro,CA Basanez,1994-03-05,0,1,F,V,1994,3
CA Progreso,CA Penarol,1994-03-05,0,2,F,V,1994,3
Liverpool,Danubio,1994-03-05,0,0,F,E,1994,3
Nacional,Montevideo Wanderers,1994-03-05,3,0,F,L,1994,3
Rampla Juniors Futbol Club,Central Espanol,1994-03-05,1,1,F,E,1994,3
CA Basanez,Bella Vista,1994-03-12,2,1,F,L,1994,3
CA Penarol,Rampla Juniors Futbol Club,1994-03-12,1,2,F,V,1994,3
Central Espanol,CA Progreso,1994-03-12,2,1,F,L,1994,3
Danubio,Defensor Sporting,1994-03-12,0,1,F,V,1994,3
Montevideo Wanderers,Liverpool,1994-03-12,0,1,F,V,1994,3
River Plate,CA Cerro,1994-03-12,0,0,F,E,1994,3
CA Basanez,Liverpool,1994-03-19,3,1,F,L,1994,3
CA Progreso,River Plate,1994-03-19,1,0,F,L,1994,3
Central Espanol,Nacional,1994-03-19,0,5,F,V,1994,3
Danubio,CA Cerro,1994-03-19,0,2,F,V,1994,3
Defensor Sporting,Bella Vista,1994-03-19,2,1,F,L,1994,3
Montevideo Wanderers,Rampla Juniors Futbol Club,1994-03-19,1,0,F,L,1994,3
CA Cerro,Central Espanol,1994-03-26,0,0,F,E,1994,3
Danubio,Bella Vista,1994-03-26,1,1,F,E,1994,3
Defensor Sporting,Montevideo Wanderers,1994-03-26,2,0,F,L,1994,3
Liverpool,CA Penarol,1994-03-26,2,1,F,L,1994,3
Nacional,CA Progreso,1994-03-26,3,2,F,L,1994,3
Rampla Juniors Futbol Club,River Plate,1994-03-26,1,1,F,E,1994,3
Bella Vista,Nacional,1994-04-02,1,1,F,E,1994,4
CA Basanez,Rampla Juniors Futbol Club,1994-04-02,0,0,F,E,1994,4
CA Progreso,CA Cerro,1994-04-02,2,2,F,E,1994,4
Liverpool,Defensor Sporting,1994-04-02,0,0,F,E,1994,4
River Plate,Montevideo Wanderers,1994-04-02,1,3,F,V,1994,4
Bella Vista,Central Espanol,1994-04-09,1,1,F,E,1994,4
CA Cerro,CA Penarol,1994-04-09,0,2,F,V,1994,4
CA Progreso,CA Basanez,1994-04-09,1,1,F,E,1994,4
Liverpool,Nacional,1994-04-09,2,5,F,V,1994,4
Rampla Juniors Futbol Club,Defensor Sporting,1994-04-09,0,1,F,V,1994,4
River Plate,Danubio,1994-04-09,3,1,F,L,1994,4
CA Cerro,Montevideo Wanderers,1994-04-16,2,2,F,E,1994,4
Central Espanol,Liverpool,1994-04-16,2,1,F,L,1994,4
Danubio,Rampla Juniors Futbol Club,1994-04-16,1,1,F,E,1994,4
Defensor Sporting,CA Progreso,1994-04-16,1,2,F,V,1994,4
Nacional,CA Basanez,1994-04-16,0,2,F,V,1994,4
River Plate,CA Penarol,1994-04-16,0,3,F,V,1994,4
CA Basanez,Montevideo Wanderers,1994-04-23,1,1,F,E,1994,4
CA Penarol,Defensor Sporting,1994-04-23,4,2,F,L,1994,4
CA Progreso,Bella Vista,1994-04-23,3,0,F,L,1994,4
Central Espanol,Danubio,1994-04-23,0,0,F,E,1994,4
Nacional,CA Cerro,1994-04-23,1,0,F,L,1994,4
Rampla Juniors Futbol Club,Liverpool,1994-04-23,1,0,F,L,1994,4
Bella Vista,Rampla Juniors Futbol Club,1994-04-30,2,2,F,E,1994,4
CA Basanez,Central Espanol,1994-04-30,2,1,F,L,1994,4
CA Cerro,Defensor Sporting,1994-04-30,2,1,F,L,1994,4
Danubio,CA Progreso,1994-04-30,2,0,F,L,1994,4
Montevideo Wanderers,CA Penarol,1994-04-30,2,0,F,L,1994,4
River Plate,Nacional,1994-04-30,3,1,F,L,1994,4
Bella Vista,Liverpool,1994-05-07,1,1,F,E,1994,5
CA Penarol,Nacional,1994-05-07,2,1,F,L,1994,5
CA Progreso,Montevideo Wanderers,1994-05-07,4,0,F,L,1994,5
Defensor Sporting,CA Basanez,1994-05-07,0,0,F,E,1994,5
Rampla Juniors Futbol Club,CA Cerro,1994-05-07,0,3,F,V,1994,5
River Plate,Central Espanol,1994-05-07,3,0,F,L,1994,5
CA Cerro,Liverpool,1994-05-14,1,0,F,L,1994,5
CA Penarol,Bella Vista,1994-05-14,4,0,F,L,1994,5
Central Espanol,Montevideo Wanderers,1994-05-14,0,2,F,V,1994,5
Danubio,CA Basanez,1994-05-14,2,1,F,L,1994,5
Defensor Sporting,River Plate,1994-05-14,4,2,F,L,1994,5
Nacional,Rampla Juniors Futbol Club,1994-05-14,4,1,F,L,1994,5
CA Basanez,CA Penarol,1994-05-21,0,5,F,V,1994,5
Danubio,Nacional,1994-05-21,0,0,F,E,1994,5
Liverpool,River Plate,1994-05-21,1,2,F,V,1994,5
Montevideo Wanderers,Bella Vista,1994-05-21,4,3,F,L,1994,5
Rampla Juniors Futbol Club,CA Progreso,1994-05-21,1,2,F,V,1994,5
Bella Vista,CA Cerro,1994-05-28,1,2,F,V,1994,5
CA Penarol,Central Espanol,1994-05-28,1,0,F,L,1994,5
CA Progreso,Liverpool,1994-05-28,0,2,F,V,1994,5
Defensor Sporting,Nacional,1994-05-28,1,1,F,E,1994,5
Montevideo Wanderers,Danubio,1994-05-28,2,1,F,L,1994,5
River Plate,CA Basanez,1994-05-28,0,1,F,V,1994,5
CA Basanez,CA Cerro,1994-06-04,0,2,F,V,1994,6
CA Penarol,CA Progreso,1994-06-04,2,0,F,L,1994,6
Central Espanol,Rampla Juniors Futbol Club,1994-06-04,0,1,F,V,1994,6
Danubio,Liverpool,1994-06-04,0,1,F,V,1994,6
Montevideo Wanderers,Nacional,1994-06-04,0,1,F,V,1994,6
River Plate,Bella Vista,1994-06-04,3,0,F,L,1994,6
Bella Vista,CA Basanez,1994-06-11,3,1,F,L,1994,6
CA Cerro,River Plate,1994-06-11,1,1,F,E,1994,6
CA Progreso,Central Espanol,1994-06-11,3,0,F,L,1994,6
Defensor Sporting,Danubio,1994-06-11,0,0,F,E,1994,6
Liverpool,Montevideo Wanderers,1994-06-11,1,2,F,V,1994,6
Rampla Juniors Futbol Club,CA Penarol,1994-06-11,1,5,F,V,1994,6
Bella Vista,Defensor Sporting,1994-06-18,1,0,F,L,1994,6
CA Cerro,Danubio,1994-06-18,2,1,F,L,1994,6
Liverpool,CA Basanez,1994-06-18,0,0,F,E,1994,6
Nacional,Central Espanol,1994-06-18,2,1,F,L,1994,6
Rampla Juniors Futbol Club,Montevideo Wanderers,1994-06-18,0,0,F,E,1994,6
River Plate,CA Progreso,1994-06-18,0,1,F,V,1994,6
Bella Vista,Danubio,1994-06-25,1,2,F,V,1994,6
CA Penarol,Liverpool,1994-06-25,1,0,F,L,1994,6
CA Progreso,Nacional,1994-06-25,0,2,F,V,1994,6
Central Espanol,CA Cerro,1994-06-25,1,1,F,E,1994,6
Montevideo Wanderers,Defensor Sporting,1994-06-25,1,1,F,E,1994,6
River Plate,Rampla Juniors Futbol Club,1994-06-25,1,0,F,L,1994,6
CA Cerro,CA Progreso,1994-08-06,1,0,F,L,1994,8
Danubio,CA Penarol,1994-08-06,1,6,F,V,1994,8
Defensor Sporting,Liverpool,1994-08-06,2,0,F,L,1994,8
Montevideo Wanderers,River Plate,1994-08-06,2,1,F,L,1994,8
Nacional,Bella Vista,1994-08-06,1,0,F,L,1994,8
Rampla Juniors Futbol Club,CA Basanez,1994-08-06,1,1,F,E,1994,8
CA Basanez,CA Progreso,1994-08-13,1,0,F,L,1994,8
CA Penarol,CA Cerro,1994-08-13,3,1,F,L,1994,8
Central Espanol,Bella Vista,1994-08-13,3,3,F,E,1994,8
Danubio,River Plate,1994-08-13,0,1,F,V,1994,8
Defensor Sporting,Rampla Juniors Futbol Club,1994-08-13,0,0,F,E,1994,8
Nacional,Liverpool,1994-08-13,3,2,F,L,1994,8
CA Basanez,Nacional,1994-08-20,1,4,F,V,1994,8
CA Penarol,River Plate,1994-08-20,0,1,F,V,1994,8
CA Progreso,Defensor Sporting,1994-08-20,0,5,F,V,1994,8
Liverpool,Central Espanol,1994-08-20,1,3,F,V,1994,8
Montevideo Wanderers,CA Cerro,1994-08-20,3,3,F,E,1994,8
Rampla Juniors Futbol Club,Danubio,1994-08-20,0,0,F,E,1994,8
Bella Vista,CA Progreso,1994-08-27,2,0,F,L,1994,8
CA Cerro,Nacional,1994-08-27,2,2,F,E,1994,8
Danubio,Central Espanol,1994-08-27,0,1,F,V,1994,8
Defensor Sporting,CA Penarol,1994-08-27,1,3,F,V,1994,8
Liverpool,Rampla Juniors Futbol Club,1994-08-27,0,0,F,E,1994,8
Montevideo Wanderers,CA Basanez,1994-08-27,3,1,F,L,1994,8
CA Penarol,Montevideo Wanderers,1994-09-03,1,2,F,V,1994,9
CA Progreso,Danubio,1994-09-03,2,2,F,E,1994,9
Central Espanol,CA Basanez,1994-09-03,0,0,F,E,1994,9
Defensor Sporting,CA Cerro,1994-09-03,0,0,F,E,1994,9
Nacional,River Plate,1994-09-03,1,0,F,L,1994,9
Rampla Juniors Futbol Club,Bella Vista,1994-09-03,1,0,F,L,1994,9
CA Basanez,Defensor Sporting,1994-09-10,0,1,F,V,1994,9
CA Cerro,Rampla Juniors Futbol Club,1994-09-10,2,0,F,L,1994,9
Central Espanol,River Plate,1994-09-10,1,0,F,L,1994,9
Liverpool,Bella Vista,1994-09-10,3,0,F,L,1994,9
Montevideo Wanderers,CA Progreso,1994-09-10,4,0,F,L,1994,9
Nacional,CA Penarol,1994-09-10,1,2,F,V,1994,9
Bella Vista,CA Penarol,1994-09-17,0,4,F,V,1994,9
CA Basanez,Danubio,1994-09-17,3,1,F,L,1994,9
Liverpool,CA Cerro,1994-09-17,2,0,F,L,1994,9
Montevideo Wanderers,Central Espanol,1994-09-17,1,2,F,V,1994,9
Rampla Juniors Futbol Club,Nacional,1994-09-17,1,1,F,E,1994,9
River Plate,Defensor Sporting,1994-09-17,0,1,F,V,1994,9
Bella Vista,Montevideo Wanderers,1994-09-24,1,1,F,E,1994,9
CA Penarol,CA Basanez,1994-09-24,3,0,F,L,1994,9
CA Progreso,Rampla Juniors Futbol Club,1994-09-24,1,0,F,L,1994,9
Defensor Sporting,Central Espanol,1994-09-24,1,2,F,V,1994,9
Nacional,Danubio,1994-09-24,1,2,F,V,1994,9
River Plate,Liverpool,1994-09-24,0,1,F,V,1994,9
CA Basanez,River Plate,1994-10-01,1,1,F,E,1994,10
CA Cerro,Bella Vista,1994-10-01,0,0,F,E,1994,10
CA Penarol,Defensor Sporting,1994-10-01,1,1,F,E,1994,10
CA Penarol,Defensor Sporting,1994-10-01,2,1,F,L,1994,10
Central Espanol,CA Penarol,1994-10-01,1,3,F,V,1994,10
Danubio,Montevideo Wanderers,1994-10-01,2,0,F,L,1994,10
Defensor Sporting,CA Penarol,1994-10-01,1,1,F,E,1994,10
Liverpool,CA Progreso,1994-10-01,2,0,F,L,1994,10
Nacional,Defensor Sporting,1994-10-01,0,0,F,E,1994,10
CA Penarol,River Plate,1994-10-08,4,2,F,L,1994,10
Institucion Atletica Sud America,Defensor Sporting,1994-10-08,2,4,F,V,1994,10
Nacional,CA Cerro,1994-10-08,1,2,F,V,1994,10
River Plate,Central Espanol,1994-10-08,2,1,F,L,1994,10
CA Basanez,Institucion Atletica Sud America,1994-10-15,1,1,F,E,1994,10
CA Cerro,CA Penarol,1994-10-15,0,4,F,V,1994,10
Defensor Sporting,River Plate,1994-10-15,4,1,F,L,1994,10
Institucion Atletica Sud America,CA Basanez,1994-10-15,2,0,F,L,1994,10
Montevideo Wanderers,River Plate,1994-10-15,0,3,F,V,1994,10
Nacional,Institucion Atletica Sud America,1994-10-15,0,0,F,E,1994,10
River Plate,Montevideo Wanderers,1994-10-15,2,1,F,L,1994,10
CA Penarol,Defensor Sporting,1994-10-22,3,2,F,L,1994,10
Institucion Atletica Sud America,CA Cerro,1994-10-22,1,1,F,E,1994,10
Institucion Atletica Sud America,River Plate,1994-10-22,2,1,F,L,1994,10
River Plate,Nacional,1994-10-22,0,3,F,V,1994,10
CA Cerro,River Plate,1994-10-29,1,1,F,E,1994,10
CA Penarol,Institucion Atletica Sud America,1994-10-29,2,0,F,L,1994,10
Defensor Sporting,Nacional,1994-10-29,4,2,F,L,1994,10
CA Cerro,Defensor Sporting,1994-11-05,1,0,F,L,1994,11
Nacional,CA Penarol,1994-11-05,1,2,F,V,1994,11
River Plate,Institucion Atletica Sud America,1994-11-05,1,2,F,V,1994,11
CA Basanez,Rampla Juniors Futbol Club,1995-03-04,2,5,F,V,1995,3
CA Cerro,Defensor Sporting,1995-03-04,1,3,F,V,1995,3
CA Penarol,CA Progreso,1995-03-04,3,0,F,L,1995,3
Central Espanol,River Plate,1995-03-04,0,0,F,E,1995,3
Institucion Atletica Sud America,Danubio,1995-03-04,1,1,F,E,1995,3
Montevideo Wanderers,Liverpool,1995-03-04,2,1,F,L,1995,3
CA Penarol,Central Espanol,1995-03-11,4,1,F,L,1995,3
Danubio,CA Basanez,1995-03-11,1,1,F,E,1995,3
Defensor Sporting,Montevideo Wanderers,1995-03-11,1,1,F,E,1995,3
Liverpool,CA Cerro,1995-03-11,2,0,F,L,1995,3
Rampla Juniors Futbol Club,Nacional,1995-03-11,0,3,F,V,1995,3
River Plate,CA Progreso,1995-03-11,3,1,F,L,1995,3
CA Basanez,Nacional,1995-03-18,1,4,F,V,1995,3
CA Cerro,CA Progreso,1995-03-18,2,2,F,E,1995,3
CA Penarol,Montevideo Wanderers,1995-03-18,2,1,F,L,1995,3
Central Espanol,Institucion Atletica Sud America,1995-03-18,0,0,F,E,1995,3
Defensor Sporting,Rampla Juniors Futbol Club,1995-03-18,3,2,F,L,1995,3
River Plate,Danubio,1995-03-18,6,2,F,L,1995,3
CA Basanez,Defensor Sporting,1995-03-25,3,4,F,V,1995,3
CA Progreso,Liverpool,1995-03-25,1,1,F,E,1995,3
Institucion Atletica Sud America,CA Cerro,1995-03-25,0,0,F,E,1995,3
Montevideo Wanderers,River Plate,1995-03-25,0,2,F,V,1995,3
Nacional,Danubio,1995-03-25,3,2,F,L,1995,3
Rampla Juniors Futbol Club,Central Espanol,1995-03-25,1,4,F,V,1995,3
CA Cerro,River Plate,1995-04-01,2,1,F,L,1995,4
CA Penarol,CA Basanez,1995-04-01,1,1,F,E,1995,4
Danubio,Montevideo Wanderers,1995-04-01,0,0,F,E,1995,4
Liverpool,Institucion Atletica Sud America,1995-04-01,2,0,F,L,1995,4
Nacional,Central Espanol,1995-04-01,2,2,F,E,1995,4
Rampla Juniors Futbol Club,CA Progreso,1995-04-01,0,0,F,E,1995,4
CA Basanez,Institucion Atletica Sud America,1995-04-08,0,1,F,V,1995,4
CA Cerro,CA Penarol,1995-04-08,1,2,F,V,1995,4
CA Progreso,Defensor Sporting,1995-04-08,0,1,F,V,1995,4
Central Espanol,Liverpool,1995-04-08,1,0,F,L,1995,4
Montevideo Wanderers,Nacional,1995-04-08,1,2,F,V,1995,4
River Plate,Rampla Juniors Futbol Club,1995-04-08,0,0,F,E,1995,4
CA Progreso,Danubio,1995-04-15,0,0,F,E,1995,4
Institucion Atletica Sud America,CA Penarol,1995-04-15,0,0,F,E,1995,4
Liverpool,CA Basanez,1995-04-15,2,0,F,L,1995,4
Nacional,CA Cerro,1995-04-15,1,0,F,L,1995,4
Rampla Juniors Futbol Club,Montevideo Wanderers,1995-04-15,1,2,F,V,1995,4
River Plate,Defensor Sporting,1995-04-15,0,0,F,E,1995,4
CA Cerro,Central Espanol,1995-04-22,3,1,F,L,1995,4
CA Penarol,Danubio,1995-04-22,4,0,F,L,1995,4
Defensor Sporting,Nacional,1995-04-22,1,3,F,V,1995,4
Institucion Atletica Sud America,CA Progreso,1995-04-22,4,1,F,L,1995,4
Liverpool,Rampla Juniors Futbol Club,1995-04-22,4,0,F,L,1995,4
Montevideo Wanderers,CA Basanez,1995-04-22,2,0,F,L,1995,4
CA Penarol,Liverpool,1995-04-29,3,2,F,L,1995,4
CA Progreso,Nacional,1995-04-29,4,0,F,L,1995,4
Central Espanol,Montevideo Wanderers,1995-04-29,2,1,F,L,1995,4
Danubio,Defensor Sporting,1995-04-29,0,1,F,V,1995,4
Rampla Juniors Futbol Club,CA Cerro,1995-04-29,0,4,F,V,1995,4
River Plate,Institucion Atletica Sud America,1995-04-29,0,1,F,V,1995,4
CA Cerro,Danubio,1995-05-06,4,0,F,L,1995,5
Central Espanol,CA Basanez,1995-05-06,3,0,F,L,1995,5
Defensor Sporting,Institucion Atletica Sud America,1995-05-06,2,1,F,L,1995,5
Montevideo Wanderers,CA Progreso,1995-05-06,1,0,F,L,1995,5
Nacional,CA Penarol,1995-05-06,2,1,F,L,1995,5
River Plate,Liverpool,1995-05-06,0,1,F,V,1995,5
CA Progreso,CA Basanez,1995-05-13,0,0,F,E,1995,5
Defensor Sporting,Central Espanol,1995-05-13,1,1,F,E,1995,5
Institucion Atletica Sud America,Montevideo Wanderers,1995-05-13,0,1,F,V,1995,5
Liverpool,Danubio,1995-05-13,3,0,F,L,1995,5
Nacional,River Plate,1995-05-13,2,0,F,L,1995,5
Rampla Juniors Futbol Club,CA Penarol,1995-05-13,0,7,F,V,1995,5
CA Basanez,River Plate,1995-05-20,0,0,F,E,1995,5
CA Penarol,Defensor Sporting,1995-05-20,1,0,F,L,1995,5
Danubio,Central Espanol,1995-05-20,2,1,F,L,1995,5
Liverpool,Nacional,1995-05-20,3,1,F,L,1995,5
Montevideo Wanderers,CA Cerro,1995-05-20,1,1,F,E,1995,5
Rampla Juniors Futbol Club,Institucion Atletica Sud America,1995-05-20,2,2,F,E,1995,5
CA Cerro,CA Basanez,1995-05-27,1,1,F,E,1995,5
CA Progreso,Montevideo Wanderers,1995-05-27,0,2,F,V,1995,5
Central Espanol,CA Progreso,1995-05-27,2,1,F,L,1995,5
Danubio,Rampla Juniors Futbol Club,1995-05-27,1,0,F,L,1995,5
Defensor Sporting,Liverpool,1995-05-27,1,2,F,V,1995,5
Nacional,Institucion Atletica Sud America,1995-05-27,1,1,F,E,1995,5
River Plate,CA Penarol,1995-05-27,1,1,F,E,1995,5
CA Basanez,Central Espanol,1995-06-03,0,0,F,E,1995,6
CA Penarol,Liverpool,1995-06-03,2,0,F,L,1995,6
CA Penarol,Nacional,1995-06-03,1,0,F,L,1995,6
Danubio,CA Cerro,1995-06-03,1,1,F,E,1995,6
Institucion Atletica Sud America,Defensor Sporting,1995-06-03,0,0,F,E,1995,6
Liverpool,River Plate,1995-06-03,0,0,F,E,1995,6
Danubio,River Plate,1995-06-10,2,2,F,E,1995,6
Institucion Atletica Sud America,Central Espanol,1995-06-10,0,0,F,E,1995,6
Montevideo Wanderers,CA Penarol,1995-06-10,1,1,F,E,1995,6
Rampla Juniors Futbol Club,Defensor Sporting,1995-06-10,0,0,F,E,1995,6
CA Progreso,Institucion Atletica Sud America,1995-06-17,2,0,F,L,1995,6
Central Espanol,CA Cerro,1995-06-17,2,2,F,E,1995,6
Danubio,CA Penarol,1995-06-17,1,2,F,V,1995,6
Montevideo Wanderers,CA Basanez,1995-06-17,0,2,F,V,1995,6
Nacional,Defensor Sporting,1995-06-17,1,0,F,L,1995,6
Rampla Juniors Futbol Club,Liverpool,1995-06-17,1,1,F,E,1995,6
CA Cerro,Institucion Atletica Sud America,1995-06-24,1,1,F,E,1995,6
Central Espanol,Rampla Juniors Futbol Club,1995-06-24,0,1,F,V,1995,6
Danubio,Nacional,1995-06-24,2,2,F,E,1995,6
Defensor Sporting,CA Basanez,1995-06-24,5,2,F,L,1995,6
Liverpool,CA Progreso,1995-06-24,3,2,F,L,1995,6
River Plate,Montevideo Wanderers,1995-06-24,4,0,F,L,1995,6
CA Cerro,Rampla Juniors Futbol Club,1995-08-05,1,3,F,V,1995,8
Defensor Sporting,Danubio,1995-08-05,1,1,F,E,1995,8
Institucion Atletica Sud America,River Plate,1995-08-05,0,1,F,V,1995,8
Liverpool,CA Penarol,1995-08-05,2,1,F,L,1995,8
Montevideo Wanderers,Central Espanol,1995-08-05,1,3,F,V,1995,8
Nacional,CA Progreso,1995-08-05,3,1,F,L,1995,8
CA Cerro,Montevideo Wanderers,1995-08-12,3,1,F,L,1995,8
Central Espanol,Danubio,1995-08-12,2,2,F,E,1995,8
Defensor Sporting,CA Penarol,1995-08-12,0,1,F,V,1995,8
Institucion Atletica Sud America,Rampla Juniors Futbol Club,1995-08-12,1,2,F,V,1995,8
Nacional,Liverpool,1995-08-12,0,0,F,E,1995,8
River Plate,CA Basanez,1995-08-12,2,1,F,L,1995,8
CA Penarol,CA Progreso,1995-08-19,1,1,F,E,1995,8
Danubio,Institucion Atletica Sud America,1995-08-19,0,0,F,E,1995,8
Defensor Sporting,CA Cerro,1995-08-19,0,3,F,V,1995,8
Liverpool,Montevideo Wanderers,1995-08-19,0,1,F,V,1995,8
Rampla Juniors Futbol Club,CA Basanez,1995-08-19,3,1,F,L,1995,8
River Plate,Central Espanol,1995-08-19,1,1,F,E,1995,8
CA Basanez,CA Progreso,1995-08-26,1,1,F,E,1995,8
CA Penarol,Rampla Juniors Futbol Club,1995-08-26,3,0,F,L,1995,8
Central Espanol,Defensor Sporting,1995-08-26,1,2,F,V,1995,8
Danubio,Liverpool,1995-08-26,0,0,F,E,1995,8
Montevideo Wanderers,Institucion Atletica Sud America,1995-08-26,0,1,F,V,1995,8
River Plate,Nacional,1995-08-26,1,2,F,V,1995,8
CA Penarol,CA Cerro,1995-09-02,1,0,F,L,1995,9
Defensor Sporting,CA Progreso,1995-09-02,1,0,F,L,1995,9
Institucion Atletica Sud America,CA Basanez,1995-09-02,1,1,F,E,1995,9
Liverpool,Central Espanol,1995-09-02,0,0,F,E,1995,9
Nacional,Montevideo Wanderers,1995-09-02,4,2,F,L,1995,9
Rampla Juniors Futbol Club,River Plate,1995-09-02,1,0,F,L,1995,9
CA Cerro,CA Basanez,1995-09-09,0,2,F,V,1995,9
CA Penarol,River Plate,1995-09-09,1,1,F,E,1995,9
Central Espanol,CA Progreso,1995-09-09,2,2,F,E,1995,9
Danubio,Rampla Juniors Futbol Club,1995-09-09,1,1,F,E,1995,9
Liverpool,Defensor Sporting,1995-09-09,1,1,F,E,1995,9
Nacional,Institucion Atletica Sud America,1995-09-09,3,1,F,L,1995,9
CA Basanez,CA Penarol,1995-09-16,0,2,F,V,1995,9
CA Progreso,Rampla Juniors Futbol Club,1995-09-16,2,3,F,V,1995,9
Central Espanol,Nacional,1995-09-16,1,2,F,V,1995,9
Institucion Atletica Sud America,Liverpool,1995-09-16,1,1,F,E,1995,9
Montevideo Wanderers,Danubio,1995-09-16,1,2,F,V,1995,9
River Plate,CA Cerro,1995-09-16,3,0,F,L,1995,9
CA Basanez,Danubio,1995-09-23,1,2,F,V,1995,9
CA Cerro,Liverpool,1995-09-23,1,1,F,E,1995,9
CA Penarol,Central Espanol,1995-09-23,3,1,F,L,1995,9
CA Progreso,River Plate,1995-09-23,0,0,F,E,1995,9
Montevideo Wanderers,Defensor Sporting,1995-09-23,1,0,F,L,1995,9
Nacional,Rampla Juniors Futbol Club,1995-09-23,7,0,F,L,1995,9
CA Basanez,Liverpool,1995-09-30,3,2,F,L,1995,9
CA Cerro,Nacional,1995-09-30,2,3,F,V,1995,9
CA Penarol,Institucion Atletica Sud America,1995-09-30,3,2,F,L,1995,9
Danubio,CA Progreso,1995-09-30,2,0,F,L,1995,9
Defensor Sporting,River Plate,1995-09-30,0,0,F,E,1995,9
Montevideo Wanderers,Rampla Juniors Futbol Club,1995-09-30,1,0,F,L,1995,9
Defensor Sporting,Nacional,1995-10-07,2,0,F,L,1995,10
Frontera Rivera Chico,River Plate,1995-10-07,2,0,F,L,1995,10
Liverpool,Montevideo Wanderers,1995-10-07,2,0,F,L,1995,10
Nacional,CA Penarol,1995-10-07,2,2,F,E,1995,10
CA Penarol,Liverpool,1995-10-14,1,2,F,V,1995,10
CA Penarol,Nacional,1995-10-14,1,0,F,L,1995,10
Defensor Sporting,Frontera Rivera Chico,1995-10-14,4,2,F,L,1995,10
River Plate,Montevideo Wanderers,1995-10-14,4,1,F,L,1995,10
CA Penarol,Montevideo Wanderers,1995-10-21,3,2,F,L,1995,10
Nacional,CA Penarol,1995-10-21,2,1,F,L,1995,10
Nacional,Frontera Rivera Chico,1995-10-21,8,1,F,L,1995,10
River Plate,Defensor Sporting,1995-10-21,2,1,F,L,1995,10
CA Penarol,Frontera Rivera Chico,1995-10-28,2,0,F,L,1995,10
CA Penarol,Nacional,1995-10-28,3,1,F,L,1995,10
Defensor Sporting,Liverpool,1995-10-28,3,2,F,L,1995,10
Nacional,River Plate,1995-10-28,0,0,F,E,1995,10
CA Penarol,River Plate,1995-11-04,2,1,F,L,1995,11
Liverpool,Nacional,1995-11-04,4,3,F,L,1995,11
Montevideo Wanderers,Frontera Rivera Chico,1995-11-04,2,2,F,E,1995,11
CA Penarol,Nacional,1995-11-11,1,0,F,L,1995,11
Defensor Sporting,Montevideo Wanderers,1995-11-11,2,1,F,L,1995,11
Liverpool,River Plate,1995-11-11,2,1,F,L,1995,11
Defensor Sporting,CA Penarol,1995-11-18,2,1,F,L,1995,11
Liverpool,Frontera Rivera Chico,1995-11-18,4,1,F,L,1995,11
Nacional,Montevideo Wanderers,1995-11-18,0,0,F,E,1995,11
CA Cerro,Liverpool,1996-03-02,0,0,F,E,1996,3
CA Penarol,Institucion Atletica Sud America,1996-03-02,4,1,F,L,1996,3
Central Espanol,Nacional,1996-03-02,0,2,F,V,1996,3
Club Social Y Deportivo Huracan Buceo,Rampla Juniors Futbol Club,1996-03-02,0,0,F,E,1996,3
Danubio,Club Social Y Deportivo Huracan Buceo,1996-03-02,3,1,F,L,1996,3
Defensor Sporting,River Plate,1996-03-02,0,0,F,E,1996,3
Liverpool,Defensor Sporting,1996-03-02,1,0,F,L,1996,3
Montevideo Wanderers,Danubio,1996-03-02,0,2,F,V,1996,3
Rampla Juniors Futbol Club,CA Penarol,1996-03-02,1,2,F,V,1996,3
River Plate,Nacional,1996-03-02,0,1,F,V,1996,3
Club Social Y Deportivo Huracan Buceo,Montevideo Wanderers,1996-03-09,2,1,F,L,1996,3
Club Social Y Deportivo Huracan Buceo,Nacional,1996-03-09,1,1,F,E,1996,3
Danubio,CA Penarol,1996-03-09,1,1,F,E,1996,3
Danubio,Rampla Juniors Futbol Club,1996-03-09,0,0,F,E,1996,3
Defensor Sporting,Institucion Atletica Sud America,1996-03-09,1,1,F,E,1996,3
Defensor Sporting,River Plate,1996-03-09,2,1,F,L,1996,3
Liverpool,Central Espanol,1996-03-09,1,1,F,E,1996,3
Liverpool,Rampla Juniors Futbol Club,1996-03-09,2,1,F,L,1996,3
Nacional,CA Cerro,1996-03-09,2,2,F,E,1996,3
River Plate,CA Penarol,1996-03-09,0,0,F,E,1996,3
CA Cerro,Institucion Atletica Sud America,1996-03-16,4,0,F,L,1996,3
CA Penarol,Defensor Sporting,1996-03-16,2,0,F,L,1996,3
Club Social Y Deportivo Huracan Buceo,Central Espanol,1996-03-16,1,0,F,L,1996,3
Danubio,Nacional,1996-03-16,0,4,F,V,1996,3
Danubio,Nacional,1996-03-16,1,2,F,V,1996,3
Defensor Sporting,Rampla Juniors Futbol Club,1996-03-16,3,0,F,L,1996,3
Liverpool,CA Penarol,1996-03-16,2,5,F,V,1996,3
Liverpool,River Plate,1996-03-16,1,0,F,L,1996,3
Rampla Juniors Futbol Club,Montevideo Wanderers,1996-03-16,2,0,F,L,1996,3
River Plate,Club Social Y Deportivo Huracan Buceo,1996-03-16,0,0,F,E,1996,3
CA Cerro,CA Penarol,1996-03-23,2,4,F,V,1996,3
CA Penarol,Defensor Sporting,1996-03-23,0,1,F,V,1996,3
Central Espanol,Rampla Juniors Futbol Club,1996-03-23,1,2,F,V,1996,3
Defensor Sporting,Club Social Y Deportivo Huracan Buceo,1996-03-23,1,1,F,E,1996,3
Liverpool,Club Social Y Deportivo Huracan Buceo,1996-03-23,1,0,F,L,1996,3
Liverpool,Danubio,1996-03-23,1,1,F,E,1996,3
Montevideo Wanderers,Institucion Atletica Sud America,1996-03-23,1,0,F,L,1996,3
Nacional,River Plate,1996-03-23,4,1,F,L,1996,3
Rampla Juniors Futbol Club,Nacional,1996-03-23,1,5,F,V,1996,3
River Plate,Danubio,1996-03-23,2,0,F,L,1996,3
CA Penarol,Club Social Y Deportivo Huracan Buceo,1996-03-30,0,0,F,E,1996,3
CA Penarol,Nacional,1996-03-30,2,0,F,L,1996,3
Central Espanol,River Plate,1996-03-30,1,1,F,E,1996,3
Danubio,CA Cerro,1996-03-30,0,0,F,E,1996,3
Danubio,Liverpool,1996-03-30,3,1,F,L,1996,3
Institucion Atletica Sud America,Club Social Y Deportivo Huracan Buceo,1996-03-30,0,0,F,E,1996,3
Montevideo Wanderers,Defensor Sporting,1996-03-30,1,1,F,E,1996,3
Nacional,Defensor Sporting,1996-03-30,2,1,F,L,1996,3
Rampla Juniors Futbol Club,Liverpool,1996-03-30,2,1,F,L,1996,3
Rampla Juniors Futbol Club,River Plate,1996-03-30,1,4,F,V,1996,3
Central Espanol,Montevideo Wanderers,1996-04-06,0,1,F,V,1996,4
Club Social Y Deportivo Huracan Buceo,CA Penarol,1996-04-06,2,3,F,V,1996,4
Club Social Y Deportivo Huracan Buceo,Defensor Sporting,1996-04-06,0,4,F,V,1996,4
Danubio,Rampla Juniors Futbol Club,1996-04-06,3,0,F,L,1996,4
Danubio,River Plate,1996-04-06,1,1,F,E,1996,4
Defensor Sporting,CA Cerro,1996-04-06,4,1,F,L,1996,4
Institucion Atletica Sud America,Rampla Juniors Futbol Club,1996-04-06,0,0,F,E,1996,4
Liverpool,Nacional,1996-04-06,0,3,F,V,1996,4
Nacional,CA Penarol,1996-04-06,2,0,F,L,1996,4
River Plate,Liverpool,1996-04-06,2,2,F,E,1996,4
CA Cerro,Club Social Y Deportivo Huracan Buceo,1996-04-13,0,3,F,V,1996,4
CA Penarol,River Plate,1996-04-13,3,0,F,L,1996,4
Danubio,CA Penarol,1996-04-13,1,0,F,L,1996,4
Danubio,Defensor Sporting,1996-04-13,1,0,F,L,1996,4
Institucion Atletica Sud America,Central Espanol,1996-04-13,1,1,F,E,1996,4
Montevideo Wanderers,Liverpool,1996-04-13,0,2,F,V,1996,4
Nacional,Defensor Sporting,1996-04-13,1,3,F,V,1996,4
Nacional,Liverpool,1996-04-13,4,2,F,L,1996,4
Rampla Juniors Futbol Club,Club Social Y Deportivo Huracan Buceo,1996-04-13,0,5,F,V,1996,4
Rampla Juniors Futbol Club,River Plate,1996-04-13,2,2,F,E,1996,4
CA Cerro,Montevideo Wanderers,1996-04-20,1,1,F,E,1996,4
CA Penarol,Liverpool,1996-04-20,2,2,F,E,1996,4
Club Social Y Deportivo Huracan Buceo,Danubio,1996-04-20,0,2,F,V,1996,4
Defensor Sporting,Central Espanol,1996-04-20,1,0,F,L,1996,4
Rampla Juniors Futbol Club,Nacional,1996-04-20,1,1,F,E,1996,4
River Plate,Institucion Atletica Sud America,1996-04-20,4,1,F,L,1996,4
CA Penarol,Rampla Juniors Futbol Club,1996-04-27,1,0,F,L,1996,4
Central Espanol,CA Cerro,1996-04-27,0,2,F,V,1996,4
Danubio,Defensor Sporting,1996-04-27,1,2,F,V,1996,4
Liverpool,Club Social Y Deportivo Huracan Buceo,1996-04-27,0,1,F,V,1996,4
Montevideo Wanderers,River Plate,1996-04-27,1,0,F,L,1996,4
Nacional,Institucion Atletica Sud America,1996-04-27,0,0,F,E,1996,4
CA Cerro,River Plate,1996-05-04,0,1,F,V,1996,5
Club Social Y Deportivo Huracan Buceo,Nacional,1996-05-04,1,3,F,V,1996,5
Danubio,Central Espanol,1996-05-04,2,1,F,L,1996,5
Defensor Sporting,Rampla Juniors Futbol Club,1996-05-04,2,0,F,L,1996,5
Institucion Atletica Sud America,Liverpool,1996-05-04,1,0,F,L,1996,5
Montevideo Wanderers,CA Penarol,1996-05-04,0,2,F,V,1996,5
CA Cerro,Rampla Juniors Futbol Club,1996-05-11,1,0,F,L,1996,5
CA Penarol,Central Espanol,1996-05-11,1,3,F,V,1996,5
Club Social Y Deportivo Huracan Buceo,River Plate,1996-05-11,2,1,F,L,1996,5
Institucion Atletica Sud America,Danubio,1996-05-11,0,2,F,V,1996,5
Liverpool,Defensor Sporting,1996-05-11,0,2,F,V,1996,5
Nacional,Montevideo Wanderers,1996-05-11,5,1,F,L,1996,5
Danubio,Montevideo Wanderers,1996-05-18,4,1,F,L,1996,5
Institucion Atletica Sud America,CA Penarol,1996-05-18,0,3,F,V,1996,5
Liverpool,CA Cerro,1996-05-18,0,0,F,E,1996,5
Nacional,Central Espanol,1996-05-18,1,0,F,L,1996,5
Rampla Juniors Futbol Club,Club Social Y Deportivo Huracan Buceo,1996-05-18,1,1,F,E,1996,5
River Plate,Defensor Sporting,1996-05-18,0,1,F,V,1996,5
CA Cerro,Nacional,1996-05-25,0,4,F,V,1996,5
CA Penarol,River Plate,1996-05-25,1,1,F,E,1996,5
Central Espanol,Liverpool,1996-05-25,0,0,F,E,1996,5
Institucion Atletica Sud America,Defensor Sporting,1996-05-25,0,3,F,V,1996,5
Montevideo Wanderers,Club Social Y Deportivo Huracan Buceo,1996-05-25,0,0,F,E,1996,5
Rampla Juniors Futbol Club,Danubio,1996-05-25,0,0,F,E,1996,5
Central Espanol,Club Social Y Deportivo Huracan Buceo,1996-06-01,0,1,F,V,1996,6
Defensor Sporting,CA Penarol,1996-06-01,3,3,F,E,1996,6
Institucion Atletica Sud America,CA Cerro,1996-06-01,0,3,F,V,1996,6
Montevideo Wanderers,Rampla Juniors Futbol Club,1996-06-01,0,1,F,V,1996,6
Nacional,Danubio,1996-06-01,2,1,F,L,1996,6
River Plate,Liverpool,1996-06-01,1,1,F,E,1996,6
CA Cerro,CA Penarol,1996-06-08,1,5,F,V,1996,6
Club Social Y Deportivo Huracan Buceo,Defensor Sporting,1996-06-08,1,0,F,L,1996,6
Danubio,Liverpool,1996-06-08,4,2,F,L,1996,6
Institucion Atletica Sud America,Montevideo Wanderers,1996-06-08,0,2,F,V,1996,6
Rampla Juniors Futbol Club,Central Espanol,1996-06-08,0,0,F,E,1996,6
River Plate,Nacional,1996-06-08,3,5,F,V,1996,6
CA Cerro,Danubio,1996-06-15,2,2,F,E,1996,6
Club Social Y Deportivo Huracan Buceo,Institucion Atletica Sud America,1996-06-15,2,0,F,L,1996,6
Defensor Sporting,Montevideo Wanderers,1996-06-15,2,1,F,L,1996,6
Liverpool,Rampla Juniors Futbol Club,1996-06-15,0,0,F,E,1996,6
Nacional,CA Penarol,1996-06-15,2,1,F,L,1996,6
River Plate,Central Espanol,1996-06-15,1,2,F,V,1996,6
CA Cerro,Defensor Sporting,1996-06-22,0,0,F,E,1996,6
CA Penarol,Club Social Y Deportivo Huracan Buceo,1996-06-22,1,1,F,E,1996,6
Montevideo Wanderers,Central Espanol,1996-06-22,1,1,F,E,1996,6
Nacional,Liverpool,1996-06-22,5,2,F,L,1996,6
Rampla Juniors Futbol Club,Institucion Atletica Sud America,1996-06-22,2,0,F,L,1996,6
River Plate,Danubio,1996-06-22,4,1,F,L,1996,6
CA Penarol,Danubio,1996-06-29,3,1,F,L,1996,6
Central Espanol,Institucion Atletica Sud America,1996-06-29,2,0,F,L,1996,6
Club Social Y Deportivo Huracan Buceo,CA Cerro,1996-06-29,0,0,F,E,1996,6
Defensor Sporting,Nacional,1996-06-29,3,1,F,L,1996,6
Liverpool,Montevideo Wanderers,1996-06-29,1,1,F,E,1996,6
River Plate,Rampla Juniors Futbol Club,1996-06-29,1,1,F,E,1996,6
Central Espanol,Defensor Sporting,1996-08-03,0,0,F,E,1996,8
Danubio,Club Social Y Deportivo Huracan Buceo,1996-08-03,2,1,F,L,1996,8
Institucion Atletica Sud America,River Plate,1996-08-03,0,2,F,V,1996,8
Liverpool,CA Penarol,1996-08-03,1,0,F,L,1996,8
Montevideo Wanderers,CA Cerro,1996-08-03,2,2,F,E,1996,8
Nacional,Rampla Juniors Futbol Club,1996-08-03,2,0,F,L,1996,8
Central Espanol,CA Cerro,1996-08-10,1,1,F,E,1996,8
Club Social Y Deportivo Huracan Buceo,Liverpool,1996-08-10,2,1,F,L,1996,8
Danubio,Defensor Sporting,1996-08-10,2,0,F,L,1996,8
Nacional,Institucion Atletica Sud America,1996-08-10,2,0,F,L,1996,8
Rampla Juniors Futbol Club,CA Penarol,1996-08-10,4,1,F,L,1996,8
River Plate,Montevideo Wanderers,1996-08-10,3,0,F,L,1996,8
CA Penarol,Montevideo Wanderers,1996-08-17,0,1,F,V,1996,8
Central Espanol,Danubio,1996-08-17,2,0,F,L,1996,8
Liverpool,Institucion Atletica Sud America,1996-08-17,2,0,F,L,1996,8
Nacional,Club Social Y Deportivo Huracan Buceo,1996-08-17,1,1,F,E,1996,8
Rampla Juniors Futbol Club,Defensor Sporting,1996-08-17,0,0,F,E,1996,8
River Plate,CA Cerro,1996-08-17,0,1,F,V,1996,8
CA Cerro,Rampla Juniors Futbol Club,1996-08-24,1,2,F,V,1996,8
CA Penarol,Central Espanol,1996-08-24,4,2,F,L,1996,8
Club Social Y Deportivo Huracan Buceo,River Plate,1996-08-24,0,0,F,E,1996,8
Danubio,Institucion Atletica Sud America,1996-08-24,2,0,F,L,1996,8
Defensor Sporting,Liverpool,1996-08-24,1,1,F,E,1996,8
Montevideo Wanderers,Nacional,1996-08-24,1,0,F,L,1996,8
CA Penarol,Rampla Juniors Futbol Club,1997-03-01,1,1,F,E,1997,3
Club Social Y Deportivo Huracan Buceo,Liverpool,1997-03-01,2,3,F,V,1997,3
Defensor Sporting,Danubio,1997-03-01,4,0,F,L,1997,3
Nacional,River Plate,1997-03-01,2,0,F,L,1997,3
Racing Club,CA Cerro,1997-03-01,1,1,F,E,1997,3
Rentistas,Montevideo Wanderers,1997-03-01,0,1,F,V,1997,3
CA Cerro,Liverpool,1997-03-08,2,1,F,L,1997,3
CA Penarol,River Plate,1997-03-08,2,3,F,V,1997,3
Danubio,Rentistas,1997-03-08,0,1,F,V,1997,3
Montevideo Wanderers,Defensor Sporting,1997-03-08,0,2,F,V,1997,3
Nacional,Rampla Juniors Futbol Club,1997-03-08,3,2,F,L,1997,3
Racing Club,Club Social Y Deportivo Huracan Buceo,1997-03-08,0,1,F,V,1997,3
Club Social Y Deportivo Huracan Buceo,Rampla Juniors Futbol Club,1997-03-15,1,2,F,V,1997,3
Danubio,Nacional,1997-03-15,0,1,F,V,1997,3
Defensor Sporting,CA Cerro,1997-03-15,1,0,F,L,1997,3
Liverpool,Montevideo Wanderers,1997-03-15,2,1,F,L,1997,3
Rentistas,River Plate,1997-03-15,1,4,F,V,1997,3
CA Cerro,Montevideo Wanderers,1997-03-22,1,1,F,E,1997,3
CA Penarol,Racing Club,1997-03-22,4,0,F,L,1997,3
CA Penarol,Rentistas,1997-03-22,3,0,F,L,1997,3
Defensor Sporting,Liverpool,1997-03-22,1,1,F,E,1997,3
Nacional,Club Social Y Deportivo Huracan Buceo,1997-03-22,5,1,F,L,1997,3
Racing Club,Rampla Juniors Futbol Club,1997-03-22,0,1,F,V,1997,3
River Plate,Danubio,1997-03-22,3,1,F,L,1997,3
Club Social Y Deportivo Huracan Buceo,CA Cerro,1997-03-29,1,0,F,L,1997,3
Danubio,Rampla Juniors Futbol Club,1997-03-29,1,0,F,L,1997,3
Liverpool,Nacional,1997-03-29,0,3,F,V,1997,3
Montevideo Wanderers,CA Penarol,1997-03-29,1,4,F,V,1997,3
Racing Club,River Plate,1997-03-29,1,1,F,E,1997,3
Rentistas,Defensor Sporting,1997-03-29,0,4,F,V,1997,3
CA Penarol,Defensor Sporting,1997-04-05,2,1,F,L,1997,4
Danubio,Racing Club,1997-04-05,4,1,F,L,1997,4
Liverpool,Rentistas,1997-04-05,0,0,F,E,1997,4
Montevideo Wanderers,Club Social Y Deportivo Huracan Buceo,1997-04-05,2,0,F,L,1997,4
Nacional,CA Cerro,1997-04-05,5,2,F,L,1997,4
River Plate,Rampla Juniors Futbol Club,1997-04-05,4,0,F,L,1997,4
Club Social Y Deportivo Huracan Buceo,Danubio,1997-04-12,1,2,F,V,1997,4
Defensor Sporting,River Plate,1997-04-12,1,2,F,V,1997,4
Liverpool,CA Penarol,1997-04-12,1,1,F,E,1997,4
Montevideo Wanderers,Nacional,1997-04-12,0,2,F,V,1997,4
Rampla Juniors Futbol Club,CA Cerro,1997-04-12,2,1,F,L,1997,4
Rentistas,Racing Club,1997-04-12,1,2,F,V,1997,4
CA Cerro,Rentistas,1997-04-19,0,0,F,E,1997,4
Danubio,CA Penarol,1997-04-19,0,1,F,V,1997,4
Defensor Sporting,Club Social Y Deportivo Huracan Buceo,1997-04-19,1,0,F,L,1997,4
Nacional,Racing Club,1997-04-19,1,1,F,E,1997,4
Rampla Juniors Futbol Club,Montevideo Wanderers,1997-04-19,0,4,F,V,1997,4
River Plate,Liverpool,1997-04-19,2,2,F,E,1997,4
CA Penarol,Nacional,1997-04-26,2,0,F,L,1997,4
Club Social Y Deportivo Huracan Buceo,Rentistas,1997-04-26,2,0,F,L,1997,4
Danubio,CA Cerro,1997-04-26,1,0,F,L,1997,4
Defensor Sporting,Racing Club,1997-04-26,2,1,F,L,1997,4
Liverpool,Rampla Juniors Futbol Club,1997-04-26,2,0,F,L,1997,4
Montevideo Wanderers,River Plate,1997-04-26,1,1,F,E,1997,4
CA Cerro,CA Penarol,1997-05-03,1,1,F,E,1997,5
Danubio,Montevideo Wanderers,1997-05-03,1,1,F,E,1997,5
Liverpool,Racing Club,1997-05-03,2,1,F,L,1997,5
Nacional,Defensor Sporting,1997-05-03,4,2,F,L,1997,5
Rampla Juniors Futbol Club,Rentistas,1997-05-03,3,0,F,L,1997,5
River Plate,Club Social Y Deportivo Huracan Buceo,1997-05-03,3,3,F,E,1997,5
Club Social Y Deportivo Huracan Buceo,CA Penarol,1997-05-10,3,1,F,L,1997,5
Liverpool,Danubio,1997-05-10,1,0,F,L,1997,5
Racing Club,Montevideo Wanderers,1997-05-10,0,0,F,E,1997,5
Rampla Juniors Futbol Club,Defensor Sporting,1997-05-10,1,1,F,E,1997,5
Rentistas,Nacional,1997-05-10,1,0,F,L,1997,5
River Plate,CA Cerro,1997-05-10,1,0,F,L,1997,5
CA Cerro,Racing Club,1997-05-17,5,1,F,L,1997,5
CA Penarol,Rampla Juniors Futbol Club,1997-05-17,0,2,F,V,1997,5
Defensor Sporting,Danubio,1997-05-17,3,2,F,L,1997,5
Liverpool,Club Social Y Deportivo Huracan Buceo,1997-05-17,1,1,F,E,1997,5
Rentistas,Montevideo Wanderers,1997-05-17,2,1,F,L,1997,5
River Plate,Nacional,1997-05-17,3,1,F,L,1997,5
CA Cerro,Defensor Sporting,1997-05-31,1,1,F,E,1997,5
Montevideo Wanderers,Liverpool,1997-05-31,1,2,F,V,1997,5
Nacional,Danubio,1997-05-31,1,1,F,E,1997,5
Racing Club,CA Penarol,1997-05-31,1,1,F,E,1997,5
Rampla Juniors Futbol Club,Club Social Y Deportivo Huracan Buceo,1997-05-31,0,1,F,V,1997,5
River Plate,Rentistas,1997-05-31,1,0,F,L,1997,5
CA Penarol,Rentistas,1997-06-07,7,1,F,L,1997,6
Danubio,River Plate,1997-06-07,1,1,F,E,1997,6
Liverpool,Defensor Sporting,1997-06-07,1,1,F,E,1997,6
Montevideo Wanderers,CA Cerro,1997-06-07,0,0,F,E,1997,6
Nacional,Club Social Y Deportivo Huracan Buceo,1997-06-07,4,1,F,L,1997,6
Racing Club,Rampla Juniors Futbol Club,1997-06-07,2,1,F,L,1997,6
CA Cerro,Club Social Y Deportivo Huracan Buceo,1997-06-14,3,0,F,L,1997,6
CA Penarol,Montevideo Wanderers,1997-06-14,1,1,F,E,1997,6
Defensor Sporting,Rentistas,1997-06-14,1,0,F,L,1997,6
Nacional,Liverpool,1997-06-14,3,3,F,E,1997,6
Rampla Juniors Futbol Club,Danubio,1997-06-14,4,2,F,L,1997,6
River Plate,Racing Club,1997-06-14,2,1,F,L,1997,6
Club Social Y Deportivo Huracan Buceo,Montevideo Wanderers,1997-06-21,2,0,F,L,1997,6
Defensor Sporting,CA Penarol,1997-06-21,3,2,F,L,1997,6
Nacional,CA Cerro,1997-06-21,2,0,F,L,1997,6
Racing Club,Danubio,1997-06-21,3,2,F,L,1997,6
Rampla Juniors Futbol Club,River Plate,1997-06-21,0,1,F,V,1997,6
Rentistas,Liverpool,1997-06-21,0,0,F,E,1997,6
CA Cerro,Rampla Juniors Futbol Club,1997-06-28,2,1,F,L,1997,6
CA Penarol,Liverpool,1997-06-28,4,0,F,L,1997,6
Danubio,Club Social Y Deportivo Huracan Buceo,1997-06-28,1,3,F,V,1997,6
Nacional,Montevideo Wanderers,1997-06-28,1,2,F,V,1997,6
Racing Club,Rentistas,1997-06-28,3,1,F,L,1997,6
River Plate,Defensor Sporting,1997-06-28,0,1,F,V,1997,6
CA Penarol,Danubio,1997-08-02,2,1,F,L,1997,8
Club Social Y Deportivo Huracan Buceo,Defensor Sporting,1997-08-02,1,1,F,E,1997,8
Liverpool,River Plate,1997-08-02,2,1,F,L,1997,8
Montevideo Wanderers,Rampla Juniors Futbol Club,1997-08-02,1,0,F,L,1997,8
Nacional,Racing Club,1997-08-02,2,1,F,L,1997,8
Rentistas,CA Cerro,1997-08-02,1,0,F,L,1997,8
CA Cerro,Danubio,1997-08-09,0,0,F,E,1997,8
CA Penarol,Nacional,1997-08-09,4,3,F,L,1997,8
Club Social Y Deportivo Huracan Buceo,Rentistas,1997-08-09,2,0,F,L,1997,8
Defensor Sporting,Racing Club,1997-08-09,1,0,F,L,1997,8
Rampla Juniors Futbol Club,Liverpool,1997-08-09,0,0,F,E,1997,8
River Plate,Montevideo Wanderers,1997-08-09,2,1,F,L,1997,8
CA Penarol,CA Cerro,1997-08-16,4,3,F,L,1997,8
Danubio,Montevideo Wanderers,1997-08-16,0,1,F,V,1997,8
Defensor Sporting,Nacional,1997-08-16,0,1,F,V,1997,8
Liverpool,Racing Club,1997-08-16,2,0,F,L,1997,8
Rentistas,Rampla Juniors Futbol Club,1997-08-16,1,1,F,E,1997,8
River Plate,Club Social Y Deportivo Huracan Buceo,1997-08-16,1,0,F,L,1997,8
CA Cerro,River Plate,1997-08-23,1,0,F,L,1997,8
CA Penarol,Club Social Y Deportivo Huracan Buceo,1997-08-23,1,0,F,L,1997,8
Danubio,Liverpool,1997-08-23,1,1,F,E,1997,8
Defensor Sporting,Rampla Juniors Futbol Club,1997-08-23,2,1,F,L,1997,8
Racing Club,Montevideo Wanderers,1997-08-23,1,1,F,E,1997,8
Rentistas,Nacional,1997-08-23,1,0,F,L,1997,8
CA Penarol,Defensor Sporting,1997-08-30,1,0,F,L,1997,8
CA Penarol,Defensor Sporting,1997-08-30,3,0,F,L,1997,8
CA Penarol,Nacional,1997-08-30,3,2,F,L,1997,8
Liverpool,Nacional,1997-08-30,0,3,F,V,1997,8
River Plate,Defensor Sporting,1997-08-30,2,2,F,E,1997,8
CA Penarol,Defensor Sporting,1997-09-06,1,0,F,L,1997,9
Club Social Y Deportivo Huracan Buceo,Liverpool,1997-09-06,2,0,F,L,1997,9
CA Penarol,Nacional,1997-09-13,3,1,F,L,1997,9
CA Penarol,River Plate,1997-09-13,3,1,F,L,1997,9
Club Social Y Deportivo Huracan Buceo,CA Penarol,1997-09-13,0,1,F,V,1997,9
Nacional,Club Social Y Deportivo Huracan Buceo,1997-09-13,4,1,F,L,1997,9
River Plate,Nacional,1997-09-13,1,1,F,E,1997,9
CA Penarol,Defensor Sporting,1998-03-07,0,2,F,V,1998,3
CSyd Villa Espanola,River Plate,1998-03-07,1,2,F,V,1998,3
Club Social Y Deportivo Huracan Buceo,Bella Vista,1998-03-07,0,0,F,E,1998,3
Liverpool,Rentistas,1998-03-07,0,0,F,E,1998,3
Montevideo Wanderers,Rampla Juniors Futbol Club,1998-03-07,4,2,F,L,1998,3
Nacional,Danubio,1998-03-07,7,1,F,L,1998,3
CSyd Villa Espanola,Bella Vista,1998-03-14,0,1,F,V,1998,3
Club Social Y Deportivo Huracan Buceo,River Plate,1998-03-14,1,1,F,E,1998,3
Danubio,CA Penarol,1998-03-14,0,1,F,V,1998,3
Liverpool,Rampla Juniors Futbol Club,1998-03-14,0,0,F,E,1998,3
Montevideo Wanderers,Rentistas,1998-03-14,3,1,F,L,1998,3
Nacional,Defensor Sporting,1998-03-14,2,1,F,L,1998,3
CSyd Villa Espanola,Rentistas,1998-03-21,0,0,F,E,1998,3
Club Social Y Deportivo Huracan Buceo,Danubio,1998-03-21,1,3,F,V,1998,3
Montevideo Wanderers,Bella Vista,1998-03-21,1,1,F,E,1998,3
Nacional,River Plate,1998-03-21,4,3,F,L,1998,3
Rampla Juniors Futbol Club,Defensor Sporting,1998-03-21,1,1,F,E,1998,3
CA Penarol,Club Social Y Deportivo Huracan Buceo,1998-03-28,2,1,F,L,1998,3
CSyd Villa Espanola,Montevideo Wanderers,1998-03-28,1,1,F,E,1998,3
Danubio,River Plate,1998-03-28,1,2,F,V,1998,3
Defensor Sporting,Liverpool,1998-03-28,2,1,F,L,1998,3
Rentistas,Bella Vista,1998-03-28,1,1,F,E,1998,3
CA Penarol,Bella Vista,1998-04-04,0,1,F,V,1998,4
Club Social Y Deportivo Huracan Buceo,CSyd Villa Espanola,1998-04-04,0,1,F,V,1998,4
Liverpool,Danubio,1998-04-04,2,1,F,L,1998,4
Montevideo Wanderers,Nacional,1998-04-04,2,3,F,V,1998,4
Rampla Juniors Futbol Club,Rentistas,1998-04-04,1,1,F,E,1998,4
River Plate,Defensor Sporting,1998-04-04,1,3,F,V,1998,4
Bella Vista,Rampla Juniors Futbol Club,1998-04-11,0,2,F,V,1998,4
CSyd Villa Espanola,CA Penarol,1998-04-11,0,1,F,V,1998,4
Defensor Sporting,Danubio,1998-04-11,1,3,F,V,1998,4
Montevideo Wanderers,Club Social Y Deportivo Huracan Buceo,1998-04-11,2,2,F,E,1998,4
Nacional,Rentistas,1998-04-11,0,1,F,V,1998,4
River Plate,Liverpool,1998-04-11,1,2,F,V,1998,4
Bella Vista,Nacional,1998-04-18,1,0,F,L,1998,4
CA Penarol,Montevideo Wanderers,1998-04-18,2,1,F,L,1998,4
CSyd Villa Espanola,Rampla Juniors Futbol Club,1998-04-18,2,0,F,L,1998,4
Danubio,CSyd Villa Espanola,1998-04-18,2,1,F,L,1998,4
Liverpool,CA Penarol,1998-04-18,1,5,F,V,1998,4
Liverpool,Club Social Y Deportivo Huracan Buceo,1998-04-18,0,1,F,V,1998,4
Nacional,Rampla Juniors Futbol Club,1998-04-18,3,1,F,L,1998,4
Rampla Juniors Futbol Club,River Plate,1998-04-18,0,4,F,V,1998,4
Rentistas,Defensor Sporting,1998-04-18,0,0,F,E,1998,4
CA Penarol,Rentistas,1998-04-25,3,2,F,L,1998,4
CSyd Villa Espanola,Nacional,1998-04-25,0,2,F,V,1998,4
Club Social Y Deportivo Huracan Buceo,Defensor Sporting,1998-04-25,1,1,F,E,1998,4
Montevideo Wanderers,Liverpool,1998-04-25,0,0,F,E,1998,4
Rampla Juniors Futbol Club,Danubio,1998-04-25,1,0,F,L,1998,4
River Plate,Bella Vista,1998-04-25,2,3,F,V,1998,4
Club Social Y Deportivo Huracan Buceo,Rampla Juniors Futbol Club,1998-05-02,1,1,F,E,1998,5
Danubio,Bella Vista,1998-05-02,0,0,F,E,1998,5
Defensor Sporting,Montevideo Wanderers,1998-05-02,1,0,F,L,1998,5
Liverpool,CSyd Villa Espanola,1998-05-02,0,1,F,V,1998,5
Nacional,CA Penarol,1998-05-02,2,0,F,L,1998,5
Rentistas,River Plate,1998-05-02,1,1,F,E,1998,5
Bella Vista,Defensor Sporting,1998-05-09,1,0,F,L,1998,5
CA Penarol,River Plate,1998-05-09,1,3,F,V,1998,5
Montevideo Wanderers,Danubio,1998-05-09,0,0,F,E,1998,5
Nacional,Liverpool,1998-05-09,2,0,F,L,1998,5
Rentistas,Club Social Y Deportivo Huracan Buceo,1998-05-09,1,3,F,V,1998,5
Bella Vista,Liverpool,1998-05-16,1,1,F,E,1998,5
CA Penarol,Rampla Juniors Futbol Club,1998-05-16,0,1,F,V,1998,5
Club Social Y Deportivo Huracan Buceo,Nacional,1998-05-16,4,7,F,V,1998,5
Danubio,Rentistas,1998-05-16,0,2,F,V,1998,5
Defensor Sporting,CSyd Villa Espanola,1998-05-16,2,2,F,E,1998,5
River Plate,Montevideo Wanderers,1998-05-16,2,3,F,V,1998,5
Bella Vista,Club Social Y Deportivo Huracan Buceo,1998-05-23,1,0,F,L,1998,5
Danubio,Nacional,1998-05-23,0,1,F,V,1998,5
Defensor Sporting,CA Penarol,1998-05-23,1,1,F,E,1998,5
Rampla Juniors Futbol Club,Montevideo Wanderers,1998-05-23,1,0,F,L,1998,5
Rentistas,Liverpool,1998-05-23,1,1,F,E,1998,5
River Plate,CSyd Villa Espanola,1998-05-23,4,2,F,L,1998,5
Bella Vista,CSyd Villa Espanola,1998-05-30,0,0,F,E,1998,5
CA Penarol,Danubio,1998-05-30,2,1,F,L,1998,5
Defensor Sporting,Nacional,1998-05-30,2,1,F,L,1998,5
Rampla Juniors Futbol Club,Liverpool,1998-05-30,2,0,F,L,1998,5
Rentistas,Montevideo Wanderers,1998-05-30,1,0,F,L,1998,5
River Plate,Club Social Y Deportivo Huracan Buceo,1998-05-30,1,2,F,V,1998,5
Bella Vista,Montevideo Wanderers,1998-06-06,4,1,F,L,1998,6
CA Penarol,Liverpool,1998-06-06,3,1,F,L,1998,6
Danubio,Club Social Y Deportivo Huracan Buceo,1998-06-06,2,2,F,E,1998,6
Defensor Sporting,Rampla Juniors Futbol Club,1998-06-06,2,2,F,E,1998,6
Rentistas,CSyd Villa Espanola,1998-06-06,1,0,F,L,1998,6
River Plate,Nacional,1998-06-06,0,1,F,V,1998,6
Bella Vista,Rentistas,1998-06-13,0,0,F,E,1998,6
Club Social Y Deportivo Huracan Buceo,CA Penarol,1998-06-13,2,4,F,V,1998,6
Liverpool,Defensor Sporting,1998-06-13,2,0,F,L,1998,6
Montevideo Wanderers,CSyd Villa Espanola,1998-06-13,3,3,F,E,1998,6
Rampla Juniors Futbol Club,Nacional,1998-06-13,1,2,F,V,1998,6
River Plate,Danubio,1998-06-13,2,2,F,E,1998,6
Bella Vista,CA Penarol,1998-06-20,3,4,F,V,1998,6
CSyd Villa Espanola,Club Social Y Deportivo Huracan Buceo,1998-06-20,3,1,F,L,1998,6
Danubio,Liverpool,1998-06-20,1,0,F,L,1998,6
Defensor Sporting,River Plate,1998-06-20,1,1,F,E,1998,6
Nacional,Montevideo Wanderers,1998-06-20,4,1,F,L,1998,6
Rentistas,Rampla Juniors Futbol Club,1998-06-20,3,0,F,L,1998,6
CA Penarol,CSyd Villa Espanola,1998-06-27,0,3,F,V,1998,6
Club Social Y Deportivo Huracan Buceo,Montevideo Wanderers,1998-06-27,1,0,F,L,1998,6
Danubio,Defensor Sporting,1998-06-27,0,0,F,E,1998,6
Liverpool,River Plate,1998-06-27,0,3,F,V,1998,6
Nacional,Rentistas,1998-06-27,0,1,F,V,1998,6
Rampla Juniors Futbol Club,Bella Vista,1998-06-27,1,3,F,V,1998,6
Bella Vista,Nacional,1998-08-01,1,1,F,E,1998,8
CSyd Villa Espanola,Danubio,1998-08-01,0,0,F,E,1998,8
Club Social Y Deportivo Huracan Buceo,Liverpool,1998-08-01,0,2,F,V,1998,8
Defensor Sporting,Rentistas,1998-08-01,0,0,F,E,1998,8
Montevideo Wanderers,CA Penarol,1998-08-01,1,2,F,V,1998,8
River Plate,Rampla Juniors Futbol Club,1998-08-01,2,0,F,L,1998,8
Bella Vista,River Plate,1998-08-08,1,1,F,E,1998,8
CA Penarol,Rentistas,1998-08-08,0,1,F,V,1998,8
Danubio,Rampla Juniors Futbol Club,1998-08-08,1,0,F,L,1998,8
Defensor Sporting,Club Social Y Deportivo Huracan Buceo,1998-08-08,0,2,F,V,1998,8
Liverpool,Montevideo Wanderers,1998-08-08,0,0,F,E,1998,8
Nacional,CSyd Villa Espanola,1998-08-08,3,0,F,L,1998,8
Bella Vista,Danubio,1998-08-15,0,1,F,V,1998,8
CA Penarol,Nacional,1998-08-15,2,4,F,V,1998,8
CSyd Villa Espanola,Liverpool,1998-08-15,0,0,F,E,1998,8
Montevideo Wanderers,Defensor Sporting,1998-08-15,2,2,F,E,1998,8
Rampla Juniors Futbol Club,Club Social Y Deportivo Huracan Buceo,1998-08-15,0,0,F,E,1998,8
Rentistas,River Plate,1998-08-15,0,0,F,E,1998,8
Danubio,Montevideo Wanderers,1998-08-22,2,0,F,L,1998,8
Defensor Sporting,Bella Vista,1998-08-22,1,1,F,E,1998,8
Nacional,Liverpool,1998-08-22,0,0,F,E,1998,8
Rampla Juniors Futbol Club,CSyd Villa Espanola,1998-08-22,3,0,F,L,1998,8
Rentistas,Club Social Y Deportivo Huracan Buceo,1998-08-22,1,0,F,L,1998,8
River Plate,CA Penarol,1998-08-22,3,2,F,L,1998,8
Bella Vista,CA Penarol,1998-08-29,1,0,F,L,1998,8
Bella Vista,Rentistas,1998-08-29,1,0,F,L,1998,8
CA Penarol,Bella Vista,1998-08-29,1,1,F,E,1998,8
CA Penarol,Rampla Juniors Futbol Club,1998-08-29,5,0,F,L,1998,8
CA Penarol,River Plate,1998-08-29,2,0,F,L,1998,8
Defensor Sporting,CSyd Villa Espanola,1998-08-29,3,2,F,L,1998,8
Liverpool,Bella Vista,1998-08-29,0,0,F,E,1998,8
Montevideo Wanderers,River Plate,1998-08-29,0,4,F,V,1998,8
Nacional,Club Social Y Deportivo Huracan Buceo,1998-08-29,2,0,F,L,1998,8
Rentistas,CA Penarol,1998-08-29,0,1,F,V,1998,8
Rentistas,Danubio,1998-08-29,0,2,F,V,1998,8
Rentistas,River Plate,1998-08-29,3,1,F,L,1998,8
River Plate,Bella Vista,1998-08-29,0,2,F,V,1998,8
CA Cerro,Defensor Sporting,1999-03-06,2,5,F,V,1999,3
Club Social Y Deportivo Huracan Buceo,Nacional,1999-03-06,0,5,F,V,1999,3
Liverpool,Tacuarembo Futbol Club,1999-03-06,0,0,F,E,1999,3
Paysandu FC,Danubio,1999-03-06,1,7,F,V,1999,3
Rentistas,CA Penarol,1999-03-06,0,2,F,V,1999,3
River Plate,Rampla Juniors Futbol Club,1999-03-06,0,0,F,E,1999,3
CA Cerro,Liverpool,1999-03-13,2,1,F,L,1999,3
CA Penarol,Frontera Rivera Chico,1999-03-13,1,1,F,E,1999,3
Club Social Y Deportivo Huracan Buceo,Bella Vista,1999-03-13,0,0,F,E,1999,3
Danubio,Rampla Juniors Futbol Club,1999-03-13,6,2,F,L,1999,3
Defensor Sporting,Tacuarembo Futbol Club,1999-03-13,2,1,F,L,1999,3
Deportivo Maldonado,Rentistas,1999-03-13,1,3,F,V,1999,3
Paysandu FC,River Plate,1999-03-13,1,3,F,V,1999,3
Club Social Y Deportivo Huracan Buceo,Liverpool,1999-03-20,0,0,F,E,1999,3
Danubio,Frontera Rivera Chico,1999-03-20,2,2,F,E,1999,3
Deportivo Maldonado,Paysandu FC,1999-03-20,1,1,F,E,1999,3
Nacional,Tacuarembo Futbol Club,1999-03-20,4,0,F,L,1999,3
Rampla Juniors Futbol Club,CA Penarol,1999-03-20,1,2,F,V,1999,3
River Plate,Rentistas,1999-03-20,0,0,F,E,1999,3
Club Social Y Deportivo Huracan Buceo,CA Cerro,1999-03-27,1,5,F,V,1999,3
Danubio,CA Penarol,1999-03-27,1,0,F,L,1999,3
Defensor Sporting,Nacional,1999-03-27,0,1,F,V,1999,3
Deportivo Maldonado,Frontera Rivera Chico,1999-03-27,2,2,F,E,1999,3
Liverpool,Bella Vista,1999-03-27,2,2,F,E,1999,3
Paysandu FC,Rentistas,1999-03-27,1,0,F,L,1999,3
Rampla Juniors Futbol Club,Frontera Rivera Chico,1999-03-27,1,2,F,V,1999,3
River Plate,Deportivo Maldonado,1999-03-27,2,4,F,V,1999,3
Bella Vista,CA Cerro,1999-04-03,4,0,F,L,1999,4
Defensor Sporting,Club Social Y Deportivo Huracan Buceo,1999-04-03,6,2,F,L,1999,4
Frontera Rivera Chico,River Plate,1999-04-03,1,2,F,V,1999,4
Paysandu FC,CA Penarol,1999-04-03,1,1,F,E,1999,4
Rampla Juniors Futbol Club,Deportivo Maldonado,1999-04-03,1,0,F,L,1999,4
Rentistas,Danubio,1999-04-03,1,1,F,E,1999,4
Tacuarembo Futbol Club,Bella Vista,1999-04-03,1,2,F,V,1999,4
Danubio,River Plate,1999-04-10,4,1,F,L,1999,4
Defensor Sporting,Liverpool,1999-04-10,5,0,F,L,1999,4
Deportivo Maldonado,CA Penarol,1999-04-10,0,2,F,V,1999,4
Nacional,Bella Vista,1999-04-10,3,3,F,E,1999,4
Paysandu FC,Rampla Juniors Futbol Club,1999-04-10,0,1,F,V,1999,4
Rentistas,Frontera Rivera Chico,1999-04-10,1,0,F,L,1999,4
Tacuarembo Futbol Club,CA Cerro,1999-04-10,1,2,F,V,1999,4
CA Penarol,River Plate,1999-04-17,3,0,F,L,1999,4
Defensor Sporting,Bella Vista,1999-04-17,1,0,F,L,1999,4
Deportivo Maldonado,Danubio,1999-04-17,1,3,F,V,1999,4
Frontera Rivera Chico,Paysandu FC,1999-04-17,0,1,F,V,1999,4
Nacional,Liverpool,1999-04-17,4,0,F,L,1999,4
Rentistas,Rampla Juniors Futbol Club,1999-04-17,3,0,F,L,1999,4
Tacuarembo Futbol Club,Club Social Y Deportivo Huracan Buceo,1999-04-17,3,1,F,L,1999,4
Bella Vista,River Plate,1999-04-24,2,0,F,L,1999,4
CA Cerro,Rentistas,1999-04-24,0,2,F,V,1999,4
Club Social Y Deportivo Huracan Buceo,Paysandu FC,1999-04-24,0,0,F,E,1999,4
Defensor Sporting,CA Penarol,1999-04-24,4,4,F,E,1999,4
Liverpool,Deportivo Maldonado,1999-04-24,0,1,F,V,1999,4
Nacional,Danubio,1999-04-24,2,0,F,L,1999,4
Tacuarembo Futbol Club,Frontera Rivera Chico,1999-04-24,0,2,F,V,1999,4
Danubio,Bella Vista,1999-05-01,2,1,F,L,1999,5
Deportivo Maldonado,Tacuarembo Futbol Club,1999-05-01,3,1,F,L,1999,5
Frontera Rivera Chico,Club Social Y Deportivo Huracan Buceo,1999-05-01,0,2,F,V,1999,5
Liverpool,CA Penarol,1999-05-01,1,1,F,E,1999,5
Paysandu FC,Nacional,1999-05-01,1,0,F,L,1999,5
Rampla Juniors Futbol Club,CA Cerro,1999-05-01,0,1,F,V,1999,5
Rentistas,Defensor Sporting,1999-05-01,1,1,F,E,1999,5
CA Cerro,River Plate,1999-05-08,2,1,F,L,1999,5
Club Social Y Deportivo Huracan Buceo,Deportivo Maldonado,1999-05-08,1,1,F,E,1999,5
Defensor Sporting,Rampla Juniors Futbol Club,1999-05-08,3,0,F,L,1999,5
Liverpool,Rentistas,1999-05-08,0,0,F,E,1999,5
Nacional,Frontera Rivera Chico,1999-05-08,3,0,F,L,1999,5
Tacuarembo Futbol Club,CA Penarol,1999-05-08,0,3,F,V,1999,5
CA Penarol,Club Social Y Deportivo Huracan Buceo,1999-05-15,1,0,F,L,1999,5
Danubio,CA Cerro,1999-05-15,1,3,F,V,1999,5
Deportivo Maldonado,Nacional,1999-05-15,1,2,F,V,1999,5
Frontera Rivera Chico,Bella Vista,1999-05-15,1,2,F,V,1999,5
Rampla Juniors Futbol Club,Liverpool,1999-05-15,1,0,F,L,1999,5
Rentistas,Tacuarembo Futbol Club,1999-05-15,0,1,F,V,1999,5
River Plate,Defensor Sporting,1999-05-15,1,1,F,E,1999,5
Bella Vista,Deportivo Maldonado,1999-05-22,1,1,F,E,1999,5
CA Cerro,Nacional,1999-05-22,1,3,F,V,1999,5
CA Cerro,Paysandu FC,1999-05-22,3,1,F,L,1999,5
Club Social Y Deportivo Huracan Buceo,Rentistas,1999-05-22,3,2,F,L,1999,5
Defensor Sporting,Danubio,1999-05-22,5,1,F,L,1999,5
Liverpool,River Plate,1999-05-22,0,0,F,E,1999,5
Nacional,CA Penarol,1999-05-22,1,0,F,L,1999,5
Tacuarembo Futbol Club,Rampla Juniors Futbol Club,1999-05-22,2,0,F,L,1999,5
Bella Vista,Paysandu FC,1999-05-29,3,1,F,L,1999,5
CA Penarol,Bella Vista,1999-05-29,2,3,F,V,1999,5
Danubio,Liverpool,1999-05-29,6,1,F,L,1999,5
Frontera Rivera Chico,CA Cerro,1999-05-29,4,1,F,L,1999,5
Nacional,Rentistas,1999-05-29,3,1,F,L,1999,5
Paysandu FC,Defensor Sporting,1999-05-29,0,1,F,V,1999,5
Rampla Juniors Futbol Club,Club Social Y Deportivo Huracan Buceo,1999-05-29,2,2,F,E,1999,5
River Plate,Tacuarembo Futbol Club,1999-05-29,1,0,F,L,1999,5
Bella Vista,Rentistas,1999-06-05,1,1,F,E,1999,6
CA Cerro,Deportivo Maldonado,1999-06-05,2,4,F,V,1999,6
Club Social Y Deportivo Huracan Buceo,River Plate,1999-06-05,2,0,F,L,1999,6
Defensor Sporting,Frontera Rivera Chico,1999-06-05,2,1,F,L,1999,6
Liverpool,Paysandu FC,1999-06-05,0,0,F,E,1999,6
Nacional,Rampla Juniors Futbol Club,1999-06-05,3,0,F,L,1999,6
Tacuarembo Futbol Club,Danubio,1999-06-05,1,3,F,V,1999,6
CA Penarol,CA Cerro,1999-06-12,2,0,F,L,1999,6
Danubio,Club Social Y Deportivo Huracan Buceo,1999-06-12,2,3,F,V,1999,6
Deportivo Maldonado,Defensor Sporting,1999-06-12,2,4,F,V,1999,6
Frontera Rivera Chico,Liverpool,1999-06-12,0,0,F,E,1999,6
Paysandu FC,Tacuarembo Futbol Club,1999-06-12,0,1,F,V,1999,6
Rampla Juniors Futbol Club,Bella Vista,1999-06-12,0,1,F,V,1999,6
River Plate,Nacional,1999-06-12,3,1,F,L,1999,6
CA Penarol,Rentistas,1999-06-19,4,0,F,L,1999,6
Danubio,Paysandu FC,1999-06-19,1,2,F,V,1999,6
Defensor Sporting,CA Cerro,1999-06-19,1,0,F,L,1999,6
Frontera Rivera Chico,Deportivo Maldonado,1999-06-19,4,0,F,L,1999,6
Nacional,Club Social Y Deportivo Huracan Buceo,1999-06-19,2,3,F,V,1999,6
Rampla Juniors Futbol Club,River Plate,1999-06-19,1,2,F,V,1999,6
Tacuarembo Futbol Club,Liverpool,1999-06-19,0,2,F,V,1999,6
Danubio,Tacuarembo Futbol Club,1999-06-26,1,0,F,L,1999,6
Deportivo Maldonado,CA Cerro,1999-06-26,1,3,F,V,1999,6
Frontera Rivera Chico,Defensor Sporting,1999-06-26,0,1,F,V,1999,6
Paysandu FC,Liverpool,1999-06-26,1,3,F,V,1999,6
Rampla Juniors Futbol Club,Nacional,1999-06-26,1,2,F,V,1999,6
Rentistas,Bella Vista,1999-06-26,2,4,F,V,1999,6
River Plate,Club Social Y Deportivo Huracan Buceo,1999-06-26,0,0,F,E,1999,6
Bella Vista,Club Social Y Deportivo Huracan Buceo,1999-08-07,3,0,F,L,1999,8
Frontera Rivera Chico,CA Penarol,1999-08-07,2,4,F,V,1999,8
Liverpool,CA Cerro,1999-08-07,1,0,F,L,1999,8
Rampla Juniors Futbol Club,Danubio,1999-08-07,2,5,F,V,1999,8
Rentistas,Deportivo Maldonado,1999-08-07,0,1,F,V,1999,8
River Plate,Paysandu FC,1999-08-07,0,0,F,E,1999,8
Tacuarembo Futbol Club,Defensor Sporting,1999-08-07,1,3,F,V,1999,8
CA Cerro,Bella Vista,1999-08-14,1,0,F,L,1999,8
CA Penarol,Rampla Juniors Futbol Club,1999-08-14,4,2,F,L,1999,8
Frontera Rivera Chico,Danubio,1999-08-14,0,1,F,V,1999,8
Liverpool,Club Social Y Deportivo Huracan Buceo,1999-08-14,2,0,F,L,1999,8
Paysandu FC,Deportivo Maldonado,1999-08-14,2,2,F,E,1999,8
Rentistas,River Plate,1999-08-14,1,4,F,V,1999,8
Tacuarembo Futbol Club,Nacional,1999-08-14,0,1,F,V,1999,8
Bella Vista,Liverpool,1999-08-21,1,0,F,L,1999,8
CA Cerro,Club Social Y Deportivo Huracan Buceo,1999-08-21,0,0,F,E,1999,8
CA Penarol,Danubio,1999-08-21,4,1,F,L,1999,8
Deportivo Maldonado,River Plate,1999-08-21,2,1,F,L,1999,8
Frontera Rivera Chico,Rampla Juniors Futbol Club,1999-08-21,3,0,F,L,1999,8
Nacional,Defensor Sporting,1999-08-21,1,2,F,V,1999,8
Rentistas,Paysandu FC,1999-08-21,1,1,F,E,1999,8
Bella Vista,Tacuarembo Futbol Club,1999-08-28,1,1,F,E,1999,8
CA Penarol,Paysandu FC,1999-08-28,6,1,F,L,1999,8
Club Social Y Deportivo Huracan Buceo,Defensor Sporting,1999-08-28,1,0,F,L,1999,8
Danubio,Rentistas,1999-08-28,2,0,F,L,1999,8
Deportivo Maldonado,Rampla Juniors Futbol Club,1999-08-28,3,0,F,L,1999,8
Nacional,CA Cerro,1999-08-28,4,2,F,L,1999,8
River Plate,Frontera Rivera Chico,1999-08-28,2,3,F,V,1999,8
CA Cerro,Tacuarembo Futbol Club,1999-09-04,1,0,F,L,1999,9
CA Penarol,Deportivo Maldonado,1999-09-04,5,1,F,L,1999,9
Frontera Rivera Chico,Rentistas,1999-09-04,2,2,F,E,1999,9
Liverpool,Defensor Sporting,1999-09-04,0,0,F,E,1999,9
Rampla Juniors Futbol Club,Paysandu FC,1999-09-04,2,1,F,L,1999,9
River Plate,Danubio,1999-09-04,1,3,F,V,1999,9
Bella Vista,Defensor Sporting,1999-09-11,0,0,F,E,1999,9
Bella Vista,Nacional,1999-09-11,1,4,F,V,1999,9
Club Social Y Deportivo Huracan Buceo,Tacuarembo Futbol Club,1999-09-11,2,1,F,L,1999,9
Danubio,Deportivo Maldonado,1999-09-11,1,1,F,E,1999,9
Liverpool,Nacional,1999-09-11,1,2,F,V,1999,9
Paysandu FC,Frontera Rivera Chico,1999-09-11,1,0,F,L,1999,9
Rampla Juniors Futbol Club,Rentistas,1999-09-11,1,0,F,L,1999,9
River Plate,CA Penarol,1999-09-11,1,6,F,V,1999,9
CA Penarol,Defensor Sporting,1999-09-18,4,0,F,L,1999,9
Danubio,Nacional,1999-09-18,1,1,F,E,1999,9
Deportivo Maldonado,Liverpool,1999-09-18,1,1,F,E,1999,9
Frontera Rivera Chico,Tacuarembo Futbol Club,1999-09-18,2,1,F,L,1999,9
Paysandu FC,Club Social Y Deportivo Huracan Buceo,1999-09-18,0,0,F,E,1999,9
Rentistas,CA Cerro,1999-09-18,0,1,F,V,1999,9
River Plate,Bella Vista,1999-09-18,3,0,F,L,1999,9
Bella Vista,Danubio,1999-09-25,1,1,F,E,1999,9
CA Cerro,Rampla Juniors Futbol Club,1999-09-25,2,4,F,V,1999,9
Club Social Y Deportivo Huracan Buceo,Frontera Rivera Chico,1999-09-25,2,1,F,L,1999,9
Defensor Sporting,Rentistas,1999-09-25,3,1,F,L,1999,9
Liverpool,CA Penarol,1999-09-25,1,1,F,E,1999,9
Nacional,Paysandu FC,1999-09-25,4,0,F,L,1999,9
Tacuarembo Futbol Club,Deportivo Maldonado,1999-09-25,1,1,F,E,1999,9
CA Penarol,Tacuarembo Futbol Club,1999-10-02,2,1,F,L,1999,10
Deportivo Maldonado,Club Social Y Deportivo Huracan Buceo,1999-10-02,0,3,F,V,1999,10
Frontera Rivera Chico,Nacional,1999-10-02,2,3,F,V,1999,10
Paysandu FC,Bella Vista,1999-10-02,3,4,F,V,1999,10
Rampla Juniors Futbol Club,Defensor Sporting,1999-10-02,1,3,F,V,1999,10
Rentistas,Liverpool,1999-10-02,0,0,F,E,1999,10
River Plate,CA Cerro,1999-10-02,2,0,F,L,1999,10
Bella Vista,Frontera Rivera Chico,1999-10-09,2,0,F,L,1999,10
CA Cerro,Danubio,1999-10-09,1,2,F,V,1999,10
Club Social Y Deportivo Huracan Buceo,CA Penarol,1999-10-09,1,3,F,V,1999,10
Defensor Sporting,River Plate,1999-10-09,0,1,F,V,1999,10
Liverpool,Rampla Juniors Futbol Club,1999-10-09,3,0,F,L,1999,10
Nacional,Deportivo Maldonado,1999-10-09,1,0,F,L,1999,10
Tacuarembo Futbol Club,Rentistas,1999-10-09,0,0,F,E,1999,10
Bella Vista,CA Penarol,1999-10-16,0,2,F,V,1999,10
CA Cerro,Frontera Rivera Chico,1999-10-16,0,1,F,V,1999,10
Club Social Y Deportivo Huracan Buceo,Rampla Juniors Futbol Club,1999-10-16,2,1,F,L,1999,10
Defensor Sporting,Paysandu FC,1999-10-16,1,1,F,E,1999,10
Liverpool,Danubio,1999-10-16,0,1,F,V,1999,10
Nacional,Rentistas,1999-10-16,2,0,F,L,1999,10
Tacuarembo Futbol Club,River Plate,1999-10-16,1,1,F,E,1999,10
CA Penarol,Nacional,1999-10-23,2,1,F,L,1999,10
Danubio,Defensor Sporting,1999-10-23,2,2,F,E,1999,10
Deportivo Maldonado,Bella Vista,1999-10-23,3,3,F,E,1999,10
Paysandu FC,CA Cerro,1999-10-23,1,1,F,E,1999,10
Rampla Juniors Futbol Club,Tacuarembo Futbol Club,1999-10-23,1,0,F,L,1999,10
Rentistas,Club Social Y Deportivo Huracan Buceo,1999-10-23,1,2,F,V,1999,10
River Plate,Liverpool,1999-10-23,2,2,F,E,1999,10
Bella Vista,Rampla Juniors Futbol Club,1999-10-30,1,3,F,V,1999,10
CA Cerro,CA Penarol,1999-10-30,0,0,F,E,1999,10
CA Cerro,Frontera Rivera Chico,1999-10-30,1,1,F,E,1999,10
Club Social Y Deportivo Huracan Buceo,Danubio,1999-10-30,1,3,F,V,1999,10
Defensor Sporting,Deportivo Maldonado,1999-10-30,4,1,F,L,1999,10
Liverpool,Frontera Rivera Chico,1999-10-30,2,3,F,V,1999,10
Nacional,River Plate,1999-10-30,2,2,F,E,1999,10
Tacuarembo Futbol Club,Paysandu FC,1999-10-30,1,2,F,V,1999,10
Bella Vista,Club Social Y Deportivo Huracan Buceo,1999-11-06,2,0,F,L,1999,11
CA Cerro,Danubio,1999-11-06,1,6,F,V,1999,11
CA Penarol,Nacional,1999-11-06,1,1,F,E,1999,11
Defensor Sporting,Nacional,1999-11-06,1,2,F,V,1999,11
Club Social Y Deportivo Huracan Buceo,CA Cerro,1999-11-13,2,2,F,E,1999,11
Danubio,Defensor Sporting,1999-11-13,1,0,F,L,1999,11
Nacional,Bella Vista,1999-11-13,1,2,F,V,1999,11
Nacional,CA Penarol,1999-11-13,1,1,F,E,1999,11
CA Cerro,Bella Vista,1999-11-20,1,2,F,V,1999,11
CA Penarol,Nacional,1999-11-20,2,1,F,L,1999,11
Defensor Sporting,Club Social Y Deportivo Huracan Buceo,1999-11-20,1,1,F,E,1999,11
Nacional,Danubio,1999-11-20,3,0,F,L,1999,11
Bella Vista,Defensor Sporting,1999-11-27,2,2,F,E,1999,11
Danubio,Club Social Y Deportivo Huracan Buceo,1999-11-27,3,0,F,L,1999,11
Nacional,CA Cerro,1999-11-27,2,0,F,L,1999,11
Club Social Y Deportivo Huracan Buceo,Nacional,1999-12-04,1,3,F,V,1999,12
Danubio,Bella Vista,1999-12-04,2,2,F,E,1999,12
Defensor Sporting,CA Cerro,1999-12-04,3,0,F,L,1999,12
Racing Club,Rocha Futbol Club,2000-02-18,1,1,F,E,2000,2
CA Penarol,Cerro Largo FC,2000-02-19,3,4,F,V,2000,2
Bella Vista,Liverpool,2000-02-20,1,0,F,L,2000,2
Danubio,Paysandu FC,2000-02-20,2,0,F,L,2000,2
Frontera Rivera Chico,Defensor Sporting,2000-02-20,1,3,F,V,2000,2
Nacional,Deportivo Maldonado,2000-02-20,1,0,F,L,2000,2
Rentistas,CSyd Villa Espanola,2000-02-20,2,1,F,L,2000,2
River Plate,Club Social Y Deportivo Huracan Buceo,2000-02-20,0,0,F,E,2000,2
Tacuarembo Futbol Club,CA Juventud,2000-02-20,1,0,F,L,2000,2
River Plate,Defensor Sporting,2000-02-25,3,2,F,L,2000,2
CA Penarol,Rocha Futbol Club,2000-02-26,4,3,F,L,2000,2
CA Juventud,Paysandu FC,2000-02-27,1,0,F,L,2000,2
CSyd Villa Espanola,Bella Vista,2000-02-27,1,1,F,E,2000,2
Cerro Largo FC,Racing Club,2000-02-27,2,1,F,L,2000,2
Club Social Y Deportivo Huracan Buceo,Frontera Rivera Chico,2000-02-27,3,1,F,L,2000,2
Deportivo Maldonado,Liverpool,2000-02-27,2,5,F,V,2000,2
Rentistas,Nacional,2000-02-27,0,0,F,E,2000,2
Tacuarembo Futbol Club,Danubio,2000-02-27,1,1,F,E,2000,2
Club Social Y Deportivo Huracan Buceo,Rentistas,2000-03-03,0,1,F,V,2000,3
Nacional,Liverpool,2000-03-04,3,0,F,L,2000,3
Bella Vista,Deportivo Maldonado,2000-03-05,3,0,F,L,2000,3
CSyd Villa Espanola,River Plate,2000-03-05,2,1,F,L,2000,3
Danubio,CA Penarol,2000-03-05,1,2,F,V,2000,3
Defensor Sporting,Paysandu FC,2000-03-05,1,2,F,V,2000,3
Frontera Rivera Chico,Tacuarembo Futbol Club,2000-03-05,4,1,F,L,2000,3
Racing Club,CA Juventud,2000-03-05,1,1,F,E,2000,3
Rocha Futbol Club,Cerro Largo FC,2000-03-05,3,1,F,L,2000,3
Rocha Futbol Club,Bella Vista,2000-03-10,1,3,F,V,2000,3
Liverpool,CA Penarol,2000-03-11,1,2,F,V,2000,3
Cerro Largo FC,Deportivo Maldonado,2000-03-12,1,3,F,V,2000,3
Danubio,Nacional,2000-03-12,1,2,F,V,2000,3
Defensor Sporting,CA Juventud,2000-03-12,0,1,F,V,2000,3
Frontera Rivera Chico,River Plate,2000-03-12,1,4,F,V,2000,3
Paysandu FC,CSyd Villa Espanola,2000-03-12,0,2,F,V,2000,3
Racing Club,Club Social Y Deportivo Huracan Buceo,2000-03-12,2,2,F,E,2000,3
Tacuarembo Futbol Club,Rentistas,2000-03-12,0,0,F,E,2000,3
Deportivo Maldonado,Club Social Y Deportivo Huracan Buceo,2000-03-17,2,0,F,L,2000,3
Bella Vista,Nacional,2000-03-18,1,4,F,V,2000,3
CSyd Villa Espanola,CA Penarol,2000-03-19,2,2,F,E,2000,3
Cerro Largo FC,Defensor Sporting,2000-03-19,1,2,F,V,2000,3
Paysandu FC,Frontera Rivera Chico,2000-03-19,3,0,F,L,2000,3
Racing Club,Tacuarembo Futbol Club,2000-03-19,3,2,F,L,2000,3
Rentistas,Liverpool,2000-03-19,4,0,F,L,2000,3
River Plate,CA Juventud,2000-03-19,0,0,F,E,2000,3
Rocha Futbol Club,Danubio,2000-03-19,1,4,F,V,2000,3
Rentistas,Bella Vista,2000-03-31,2,3,F,V,2000,3
CA Penarol,Defensor Sporting,2000-04-01,1,4,F,V,2000,4
Deportivo Maldonado,CSyd Villa Espanola,2000-04-01,4,2,F,L,2000,4
Club Social Y Deportivo Huracan Buceo,Nacional,2000-04-02,1,3,F,V,2000,4
Danubio,Cerro Largo FC,2000-04-02,6,2,F,L,2000,4
Frontera Rivera Chico,CA Juventud,2000-04-02,1,1,F,E,2000,4
Paysandu FC,Racing Club,2000-04-02,3,1,F,L,2000,4
River Plate,Liverpool,2000-04-02,1,2,F,V,2000,4
Rocha Futbol Club,Tacuarembo Futbol Club,2000-04-02,2,1,F,L,2000,4
Nacional,Cerro Largo FC,2000-04-08,1,1,F,E,2000,4
CA Juventud,CSyd Villa Espanola,2000-04-09,1,1,F,E,2000,4
CA Penarol,Bella Vista,2000-04-09,3,2,F,L,2000,4
Defensor Sporting,Rocha Futbol Club,2000-04-09,5,1,F,L,2000,4
Deportivo Maldonado,Rentistas,2000-04-09,0,3,F,V,2000,4
Frontera Rivera Chico,Danubio,2000-04-09,1,3,F,V,2000,4
Liverpool,Club Social Y Deportivo Huracan Buceo,2000-04-09,2,0,F,L,2000,4
Racing Club,River Plate,2000-04-09,3,2,F,L,2000,4
Tacuarembo Futbol Club,Paysandu FC,2000-04-09,2,1,F,L,2000,4
Danubio,Defensor Sporting,2000-04-14,2,2,F,E,2000,4
Bella Vista,Club Social Y Deportivo Huracan Buceo,2000-04-15,2,2,F,E,2000,4
Nacional,Rocha Futbol Club,2000-04-15,5,2,F,L,2000,4
CA Penarol,Deportivo Maldonado,2000-04-16,5,2,F,L,2000,4
Cerro Largo FC,Rentistas,2000-04-16,1,3,F,V,2000,4
Frontera Rivera Chico,Racing Club,2000-04-16,2,3,F,V,2000,4
Liverpool,CA Juventud,2000-04-16,0,1,F,V,2000,4
River Plate,Paysandu FC,2000-04-16,1,0,F,L,2000,4
Tacuarembo Futbol Club,CSyd Villa Espanola,2000-04-16,2,1,F,L,2000,4
River Plate,Deportivo Maldonado,2000-04-21,0,1,F,V,2000,4
Paysandu FC,CA Penarol,2000-04-22,0,2,F,V,2000,4
Bella Vista,Cerro Largo FC,2000-04-23,1,1,F,E,2000,4
CSyd Villa Espanola,Liverpool,2000-04-23,2,2,F,E,2000,4
Club Social Y Deportivo Huracan Buceo,Danubio,2000-04-23,1,4,F,V,2000,4
Defensor Sporting,Tacuarembo Futbol Club,2000-04-23,2,2,F,E,2000,4
Nacional,CA Juventud,2000-04-23,3,0,F,L,2000,4
Rentistas,Racing Club,2000-04-23,1,2,F,V,2000,4
Rocha Futbol Club,Frontera Rivera Chico,2000-04-23,4,4,F,E,2000,4
Bella Vista,Defensor Sporting,2000-04-28,1,1,F,E,2000,4
CA Penarol,Tacuarembo Futbol Club,2000-04-29,0,0,F,E,2000,4
CSyd Villa Espanola,Cerro Largo FC,2000-04-30,0,5,F,V,2000,4
Danubio,Racing Club,2000-04-30,1,0,F,L,2000,4
Deportivo Maldonado,CA Juventud,2000-04-30,2,1,F,L,2000,4
Liverpool,Rocha Futbol Club,2000-04-30,1,1,F,E,2000,4
Nacional,Frontera Rivera Chico,2000-04-30,3,0,F,L,2000,4
Paysandu FC,Club Social Y Deportivo Huracan Buceo,2000-04-30,2,3,F,V,2000,4
Rentistas,River Plate,2000-04-30,1,1,F,E,2000,4
Defensor Sporting,CSyd Villa Espanola,2000-05-07,5,1,F,L,2000,5
Racing Club,Nacional,2000-05-07,1,3,F,V,2000,5
CA Juventud,Danubio,2000-05-08,0,3,F,V,2000,5
CA Penarol,Frontera Rivera Chico,2000-05-08,2,0,F,L,2000,5
Cerro Largo FC,Liverpool,2000-05-08,4,0,F,L,2000,5
Paysandu FC,Rentistas,2000-05-08,3,2,F,L,2000,5
River Plate,Bella Vista,2000-05-08,4,2,F,L,2000,5
Rocha Futbol Club,Deportivo Maldonado,2000-05-08,1,3,F,V,2000,5
Tacuarembo Futbol Club,Club Social Y Deportivo Huracan Buceo,2000-05-08,2,1,F,L,2000,5
Cerro Largo FC,River Plate,2000-05-19,1,1,F,E,2000,5
CA Juventud,CA Penarol,2000-05-20,2,2,F,E,2000,5
CSyd Villa Espanola,Club Social Y Deportivo Huracan Buceo,2000-05-20,1,2,F,V,2000,5
Danubio,Deportivo Maldonado,2000-05-20,1,0,F,L,2000,5
Liverpool,Frontera Rivera Chico,2000-05-20,0,1,F,V,2000,5
Paysandu FC,Nacional,2000-05-20,0,1,F,V,2000,5
Racing Club,Defensor Sporting,2000-05-20,1,3,F,V,2000,5
Rocha Futbol Club,Rentistas,2000-05-20,1,2,F,V,2000,5
Tacuarembo Futbol Club,Bella Vista,2000-05-20,1,0,F,L,2000,5
CSyd Villa Espanola,Nacional,2000-05-27,1,2,F,V,2000,5
Club Social Y Deportivo Huracan Buceo,Cerro Largo FC,2000-05-27,1,3,F,V,2000,5
Deportivo Maldonado,Defensor Sporting,2000-05-27,2,3,F,V,2000,5
Liverpool,Paysandu FC,2000-05-27,2,1,F,L,2000,5
Racing Club,CA Penarol,2000-05-27,0,1,F,V,2000,5
Rentistas,Frontera Rivera Chico,2000-05-27,2,2,F,E,2000,5
Rocha Futbol Club,CA Juventud,2000-05-27,1,1,F,E,2000,5
Tacuarembo Futbol Club,River Plate,2000-05-27,3,3,F,E,2000,5
Bella Vista,Danubio,2000-05-30,0,2,F,V,2000,5
Deportivo Maldonado,Racing Club,2000-06-06,3,2,F,L,2000,6
Frontera Rivera Chico,CSyd Villa Espanola,2000-06-06,3,0,F,L,2000,6
Liverpool,Defensor Sporting,2000-06-06,1,2,F,V,2000,6
Nacional,Tacuarembo Futbol Club,2000-06-06,4,2,F,L,2000,6
Paysandu FC,Bella Vista,2000-06-06,1,1,F,E,2000,6
River Plate,Danubio,2000-06-06,3,3,F,E,2000,6
Cerro Largo FC,CA Juventud,2000-06-07,1,0,F,L,2000,6
Club Social Y Deportivo Huracan Buceo,Rocha Futbol Club,2000-06-07,1,2,F,V,2000,6
Rentistas,CA Penarol,2000-06-07,1,5,F,V,2000,6
Liverpool,Tacuarembo Futbol Club,2000-06-09,0,0,F,E,2000,6
CA Penarol,Nacional,2000-06-10,0,1,F,V,2000,6
CSyd Villa Espanola,Danubio,2000-06-10,2,5,F,V,2000,6
Defensor Sporting,Club Social Y Deportivo Huracan Buceo,2000-06-10,2,1,F,L,2000,6
Deportivo Maldonado,Paysandu FC,2000-06-10,1,2,F,V,2000,6
Frontera Rivera Chico,Cerro Largo FC,2000-06-10,2,4,F,V,2000,6
Racing Club,Bella Vista,2000-06-10,1,0,F,L,2000,6
Rentistas,CA Juventud,2000-06-10,2,1,F,L,2000,6
River Plate,Rocha Futbol Club,2000-06-10,1,2,F,V,2000,6
CA Juventud,Club Social Y Deportivo Huracan Buceo,2000-06-14,3,2,F,L,2000,6
CA Penarol,River Plate,2000-06-14,4,3,F,L,2000,6
Cerro Largo FC,Paysandu FC,2000-06-14,6,2,F,L,2000,6
Danubio,Rentistas,2000-06-14,3,5,F,V,2000,6
Frontera Rivera Chico,Bella Vista,2000-06-14,0,3,F,V,2000,6
Rocha Futbol Club,CSyd Villa Espanola,2000-06-14,2,2,F,E,2000,6
Tacuarembo Futbol Club,Deportivo Maldonado,2000-06-14,0,0,F,E,2000,6
Racing Club,Liverpool,2000-06-15,2,3,F,V,2000,6
Club Social Y Deportivo Huracan Buceo,CA Penarol,2000-06-17,0,1,F,V,2000,6
Bella Vista,CA Juventud,2000-06-18,5,3,F,L,2000,6
Cerro Largo FC,Tacuarembo Futbol Club,2000-06-18,1,1,F,E,2000,6
Danubio,Liverpool,2000-06-18,3,0,F,L,2000,6
Deportivo Maldonado,Frontera Rivera Chico,2000-06-18,0,2,F,V,2000,6
Paysandu FC,Rocha Futbol Club,2000-06-18,2,2,F,E,2000,6
Rentistas,Defensor Sporting,2000-06-18,0,1,F,V,2000,6
River Plate,Nacional,2000-06-18,2,5,F,V,2000,6
Nacional,Defensor Sporting,2000-06-21,1,2,F,V,2000,6
Racing Club,CSyd Villa Espanola,2000-07-10,1,3,F,V,2000,7
Paysandu FC,Danubio,2000-07-28,2,2,F,E,2000,7
CA Juventud,Tacuarembo Futbol Club,2000-07-29,1,0,F,L,2000,7
Cerro Largo FC,CA Penarol,2000-07-29,0,2,F,V,2000,7
Club Social Y Deportivo Huracan Buceo,River Plate,2000-07-29,0,0,F,E,2000,7
Defensor Sporting,Frontera Rivera Chico,2000-07-29,3,1,F,L,2000,7
Deportivo Maldonado,Nacional,2000-07-29,1,2,F,V,2000,7
Liverpool,Bella Vista,2000-07-29,0,3,F,V,2000,7
Rocha Futbol Club,Racing Club,2000-07-29,0,1,F,V,2000,7
Danubio,Tacuarembo Futbol Club,2000-08-04,2,0,F,L,2000,8
Rocha Futbol Club,CA Penarol,2000-08-05,2,4,F,V,2000,8
Defensor Sporting,River Plate,2000-08-06,3,2,F,L,2000,8
Frontera Rivera Chico,Club Social Y Deportivo Huracan Buceo,2000-08-06,1,1,F,E,2000,8
Liverpool,Deportivo Maldonado,2000-08-06,0,0,F,E,2000,8
Nacional,Rentistas,2000-08-06,1,1,F,E,2000,8
Paysandu FC,CA Juventud,2000-08-06,1,0,F,L,2000,8
Racing Club,Cerro Largo FC,2000-08-06,0,0,F,E,2000,8
CA Penarol,Danubio,2000-08-12,1,0,F,L,2000,8
Cerro Largo FC,Rocha Futbol Club,2000-08-12,2,0,F,L,2000,8
Deportivo Maldonado,Bella Vista,2000-08-12,1,2,F,V,2000,8
Liverpool,Nacional,2000-08-12,0,2,F,V,2000,8
Paysandu FC,Defensor Sporting,2000-08-12,0,3,F,V,2000,8
Racing Club,CA Juventud,2000-08-12,0,0,F,E,2000,8
Rentistas,Club Social Y Deportivo Huracan Buceo,2000-08-12,0,0,F,E,2000,8
Tacuarembo Futbol Club,Frontera Rivera Chico,2000-08-12,4,0,F,L,2000,8
Deportivo Maldonado,Cerro Largo FC,2000-08-18,4,1,F,L,2000,8
CA Penarol,Liverpool,2000-08-19,3,1,F,L,2000,8
CA Juventud,Defensor Sporting,2000-08-20,1,4,F,V,2000,8
Club Social Y Deportivo Huracan Buceo,Racing Club,2000-08-20,1,1,F,E,2000,8
Nacional,Danubio,2000-08-20,1,1,F,E,2000,8
Rentistas,Tacuarembo Futbol Club,2000-08-20,0,1,F,V,2000,8
River Plate,Frontera Rivera Chico,2000-08-20,1,0,F,L,2000,8
Rocha Futbol Club,Bella Vista,2000-08-20,3,1,F,L,2000,8
Danubio,Rocha Futbol Club,2000-08-25,5,0,F,L,2000,8
Defensor Sporting,Cerro Largo FC,2000-08-26,1,1,F,E,2000,8
CA Juventud,River Plate,2000-08-27,1,2,F,V,2000,8
Club Social Y Deportivo Huracan Buceo,Deportivo Maldonado,2000-08-27,1,3,F,V,2000,8
Frontera Rivera Chico,Paysandu FC,2000-08-27,2,1,F,L,2000,8
Liverpool,Rentistas,2000-08-27,1,2,F,V,2000,8
Nacional,Bella Vista,2000-08-27,1,1,F,E,2000,8
Tacuarembo Futbol Club,Racing Club,2000-08-27,1,0,F,L,2000,8
Nacional,Club Social Y Deportivo Huracan Buceo,2000-09-09,4,1,F,L,2000,9
Bella Vista,Rentistas,2000-09-10,2,2,F,E,2000,9
CA Juventud,Frontera Rivera Chico,2000-09-10,3,1,F,L,2000,9
Cerro Largo FC,Danubio,2000-09-10,1,1,F,E,2000,9
Defensor Sporting,CA Penarol,2000-09-10,0,0,F,E,2000,9
Racing Club,Paysandu FC,2000-09-10,2,2,F,E,2000,9
Tacuarembo Futbol Club,Rocha Futbol Club,2000-09-10,2,1,F,L,2000,9
Liverpool,River Plate,2000-09-13,1,1,F,E,2000,9
Paysandu FC,Tacuarembo Futbol Club,2000-09-15,1,1,F,E,2000,9
Bella Vista,CA Penarol,2000-09-16,2,2,F,E,2000,9
Cerro Largo FC,Nacional,2000-09-17,1,2,F,V,2000,9
Club Social Y Deportivo Huracan Buceo,Liverpool,2000-09-17,1,2,F,V,2000,9
Danubio,Frontera Rivera Chico,2000-09-17,3,1,F,L,2000,9
Rentistas,Deportivo Maldonado,2000-09-17,0,0,F,E,2000,9
River Plate,Racing Club,2000-09-17,2,4,F,V,2000,9
Rocha Futbol Club,Defensor Sporting,2000-09-17,1,5,F,V,2000,9
Deportivo Maldonado,CA Penarol,2000-09-22,0,3,F,V,2000,9
CA Juventud,Liverpool,2000-09-24,0,0,F,E,2000,9
Club Social Y Deportivo Huracan Buceo,Bella Vista,2000-09-24,2,1,F,L,2000,9
Defensor Sporting,Danubio,2000-09-24,0,0,F,E,2000,9
Paysandu FC,River Plate,2000-09-24,2,2,F,E,2000,9
Racing Club,Frontera Rivera Chico,2000-09-24,3,1,F,L,2000,9
Rentistas,Cerro Largo FC,2000-09-24,2,4,F,V,2000,9
Rocha Futbol Club,Nacional,2000-09-24,0,1,F,V,2000,9
Deportivo Maldonado,River Plate,2000-09-29,2,4,F,V,2000,9
CA Juventud,Nacional,2000-09-30,1,2,F,V,2000,9
CA Penarol,Paysandu FC,2000-10-01,1,0,F,L,2000,10
Cerro Largo FC,Bella Vista,2000-10-01,1,0,F,L,2000,10
Danubio,Club Social Y Deportivo Huracan Buceo,2000-10-01,2,1,F,L,2000,10
Racing Club,Rentistas,2000-10-01,0,1,F,V,2000,10
Tacuarembo Futbol Club,Defensor Sporting,2000-10-01,1,2,F,V,2000,10
Frontera Rivera Chico,Rocha Futbol Club,2000-10-07,3,4,F,V,2000,10
CA Penarol,Tacuarembo Futbol Club,2000-10-13,3,1,F,L,2000,10
Frontera Rivera Chico,Nacional,2000-10-14,0,2,F,V,2000,10
CA Juventud,Deportivo Maldonado,2000-10-15,1,2,F,V,2000,10
Club Social Y Deportivo Huracan Buceo,Paysandu FC,2000-10-15,1,2,F,V,2000,10
Defensor Sporting,Bella Vista,2000-10-15,3,1,F,L,2000,10
Racing Club,Danubio,2000-10-15,2,6,F,V,2000,10
River Plate,Rentistas,2000-10-15,2,0,F,L,2000,10
Rocha Futbol Club,Liverpool,2000-10-15,1,0,F,L,2000,10
Club Social Y Deportivo Huracan Buceo,Tacuarembo Futbol Club,2000-10-20,1,2,F,V,2000,10
Deportivo Maldonado,Rocha Futbol Club,2000-10-21,2,3,F,V,2000,10
Frontera Rivera Chico,CA Penarol,2000-10-21,2,3,F,V,2000,10
Bella Vista,River Plate,2000-10-22,3,2,F,L,2000,10
Danubio,CA Juventud,2000-10-22,1,1,F,E,2000,10
Liverpool,Cerro Largo FC,2000-10-22,1,1,F,E,2000,10
Nacional,Racing Club,2000-10-22,3,0,F,L,2000,10
Rentistas,Paysandu FC,2000-10-22,1,0,F,L,2000,10
Deportivo Maldonado,Danubio,2000-10-27,1,1,F,E,2000,10
Nacional,Paysandu FC,2000-10-28,2,0,F,L,2000,10
Bella Vista,Tacuarembo Futbol Club,2000-10-29,0,4,F,V,2000,10
CA Penarol,CA Juventud,2000-10-29,2,1,F,L,2000,10
Defensor Sporting,Racing Club,2000-10-29,1,1,F,E,2000,10
Frontera Rivera Chico,Liverpool,2000-10-29,2,2,F,E,2000,10
Rentistas,Rocha Futbol Club,2000-10-29,1,1,F,E,2000,10
River Plate,Cerro Largo FC,2000-10-29,3,1,F,L,2000,10
Cerro Largo FC,Club Social Y Deportivo Huracan Buceo,2000-11-03,1,1,F,E,2000,11
Defensor Sporting,Deportivo Maldonado,2000-11-04,5,1,F,L,2000,11
CA Juventud,Rocha Futbol Club,2000-11-05,2,1,F,L,2000,11
CA Penarol,Racing Club,2000-11-05,3,1,F,L,2000,11
Danubio,Bella Vista,2000-11-05,5,1,F,L,2000,11
Frontera Rivera Chico,Rentistas,2000-11-05,2,1,F,L,2000,11
Paysandu FC,Liverpool,2000-11-05,0,1,F,V,2000,11
River Plate,Tacuarembo Futbol Club,2000-11-05,2,2,F,E,2000,11
CA Juventud,Cerro Largo FC,2000-11-17,1,3,F,V,2000,11
Tacuarembo Futbol Club,Nacional,2000-11-18,0,1,F,V,2000,11
Bella Vista,Paysandu FC,2000-11-19,4,3,F,L,2000,11
CA Penarol,Rentistas,2000-11-19,1,0,F,L,2000,11
Danubio,River Plate,2000-11-19,5,0,F,L,2000,11
Defensor Sporting,Liverpool,2000-11-19,4,0,F,L,2000,11
Racing Club,Deportivo Maldonado,2000-11-19,3,0,F,L,2000,11
Rocha Futbol Club,Club Social Y Deportivo Huracan Buceo,2000-11-19,1,4,F,V,2000,11
Cerro Largo FC,Frontera Rivera Chico,2000-11-24,4,1,F,L,2000,11
Nacional,CA Penarol,2000-11-25,1,1,F,E,2000,11
Bella Vista,Racing Club,2000-11-26,3,1,F,L,2000,11
CA Juventud,Rentistas,2000-11-26,3,1,F,L,2000,11
Club Social Y Deportivo Huracan Buceo,Defensor Sporting,2000-11-26,0,3,F,V,2000,11
Paysandu FC,Deportivo Maldonado,2000-11-26,0,0,F,E,2000,11
Rocha Futbol Club,River Plate,2000-11-26,1,2,F,V,2000,11
Tacuarembo Futbol Club,Liverpool,2000-11-26,2,2,F,E,2000,11
Bella Vista,Frontera Rivera Chico,2000-11-28,2,3,F,V,2000,11
Deportivo Maldonado,Tacuarembo Futbol Club,2000-11-28,0,0,F,E,2000,11
Club Social Y Deportivo Huracan Buceo,CA Juventud,2000-11-29,2,1,F,L,2000,11
Liverpool,Racing Club,2000-11-29,0,2,F,V,2000,11
Paysandu FC,Cerro Largo FC,2000-11-29,3,1,F,L,2000,11
Rentistas,Danubio,2000-11-29,2,1,F,L,2000,11
River Plate,CA Penarol,2000-11-29,0,4,F,V,2000,11
Defensor Sporting,Nacional,2000-11-30,3,2,F,L,2000,11
CA Penarol,Club Social Y Deportivo Huracan Buceo,2000-12-02,2,0,F,L,2000,12
CA Juventud,Bella Vista,2000-12-03,1,1,F,E,2000,12
Defensor Sporting,Rentistas,2000-12-03,4,1,F,L,2000,12
Frontera Rivera Chico,Deportivo Maldonado,2000-12-03,1,0,F,L,2000,12
Liverpool,Danubio,2000-12-03,1,1,F,E,2000,12
Nacional,River Plate,2000-12-03,1,0,F,L,2000,12
Rocha Futbol Club,Paysandu FC,2000-12-03,1,1,F,E,2000,12
Tacuarembo Futbol Club,Cerro Largo FC,2000-12-03,2,1,F,L,2000,12
CA Penarol,Nacional,2000-12-07,0,1,F,V,2000,12
Nacional,CA Penarol,2000-12-10,1,1,F,E,2000,12
Defensor Sporting,Club Social Y Deportivo Huracan Buceo,2001-02-16,2,1,F,L,2001,2
Paysandu FC,CA Penarol,2001-02-16,2,2,F,E,2001,2
CA Juventud,Danubio,2001-02-17,1,2,F,V,2001,2
Central Espanol,River Plate,2001-02-17,0,1,F,V,2001,2
Cerro Largo FC,Montevideo Wanderers,2001-02-17,2,0,F,L,2001,2
Deportivo Maldonado,Nacional,2001-02-17,2,6,F,V,2001,2
Rentistas,CA Fenix,2001-02-17,2,1,F,L,2001,2
Rocha Futbol Club,Bella Vista,2001-02-17,1,1,F,E,2001,2
Tacuarembo Futbol Club,Racing Club,2001-02-17,3,1,F,L,2001,2
Paysandu FC,Danubio,2001-02-23,1,4,F,V,2001,2
CA Fenix,Nacional,2001-02-24,1,2,F,V,2001,2
Deportivo Maldonado,Club Social Y Deportivo Huracan Buceo,2001-02-24,1,1,F,E,2001,2
CA Juventud,CA Penarol,2001-02-25,0,1,F,V,2001,2
Central Espanol,Racing Club,2001-02-25,1,2,F,V,2001,2
Defensor Sporting,Rentistas,2001-02-25,5,0,F,L,2001,2
Montevideo Wanderers,Bella Vista,2001-02-25,1,0,F,L,2001,2
Rocha Futbol Club,Cerro Largo FC,2001-02-25,0,0,F,E,2001,2
Tacuarembo Futbol Club,River Plate,2001-02-25,0,0,F,E,2001,2
CA Juventud,Cerro Largo FC,2001-03-02,0,0,F,E,2001,3
Racing Club,Defensor Sporting,2001-03-03,1,4,F,V,2001,3
Central Espanol,Montevideo Wanderers,2001-03-04,5,3,F,L,2001,3
Deportivo Maldonado,CA Fenix,2001-03-04,1,0,F,L,2001,3
Paysandu FC,Bella Vista,2001-03-04,1,3,F,V,2001,3
Rentistas,Nacional,2001-03-04,0,1,F,V,2001,3
Rocha Futbol Club,River Plate,2001-03-04,1,2,F,V,2001,3
Tacuarembo Futbol Club,Club Social Y Deportivo Huracan Buceo,2001-03-04,3,1,F,L,2001,3
Paysandu FC,Nacional,2001-03-09,2,2,F,E,2001,3
Bella Vista,Rentistas,2001-03-10,4,0,F,L,2001,3
CA Juventud,Racing Club,2001-03-10,1,1,F,E,2001,3
CA Penarol,CA Fenix,2001-03-10,3,1,F,L,2001,3
Central Espanol,Tacuarembo Futbol Club,2001-03-10,1,1,F,E,2001,3
Deportivo Maldonado,Danubio,2001-03-10,1,1,F,E,2001,3
Montevideo Wanderers,Defensor Sporting,2001-03-10,2,1,F,L,2001,3
River Plate,Cerro Largo FC,2001-03-10,0,4,F,V,2001,3
Rocha Futbol Club,Club Social Y Deportivo Huracan Buceo,2001-03-10,1,2,F,V,2001,3
Danubio,CA Penarol,2001-03-14,2,2,F,E,2001,3
Paysandu FC,Club Social Y Deportivo Huracan Buceo,2001-03-16,0,2,F,V,2001,3
Defensor Sporting,Nacional,2001-03-17,2,2,F,E,2001,3
Deportivo Maldonado,Rentistas,2001-03-17,1,2,F,V,2001,3
CA Fenix,Racing Club,2001-03-18,2,1,F,L,2001,3
CA Juventud,Montevideo Wanderers,2001-03-18,1,3,F,V,2001,3
CA Penarol,River Plate,2001-03-18,0,1,F,V,2001,3
Danubio,Bella Vista,2001-03-18,2,4,F,V,2001,3
Rocha Futbol Club,Central Espanol,2001-03-18,0,2,F,V,2001,3
Tacuarembo Futbol Club,Cerro Largo FC,2001-03-18,2,1,F,L,2001,3
Danubio,Montevideo Wanderers,2001-03-30,1,1,F,E,2001,3
Deportivo Maldonado,Defensor Sporting,2001-03-30,1,5,F,V,2001,3
Tacuarembo Futbol Club,Nacional,2001-03-31,2,2,F,E,2001,3
Bella Vista,CA Penarol,2001-04-01,1,2,F,V,2001,4
CA Fenix,Club Social Y Deportivo Huracan Buceo,2001-04-01,4,2,F,L,2001,4
Cerro Largo FC,Central Espanol,2001-04-01,2,3,F,V,2001,4
Paysandu FC,River Plate,2001-04-01,1,1,F,E,2001,4
Racing Club,Rentistas,2001-04-01,2,0,F,L,2001,4
Rocha Futbol Club,CA Juventud,2001-04-01,3,2,F,L,2001,4
Paysandu FC,Deportivo Maldonado,2001-04-06,1,0,F,L,2001,4
Cerro Largo FC,Club Social Y Deportivo Huracan Buceo,2001-04-07,3,1,F,L,2001,4
Nacional,Racing Club,2001-04-07,2,0,F,L,2001,4
CA Juventud,Tacuarembo Futbol Club,2001-04-08,2,0,F,L,2001,4
Central Espanol,Bella Vista,2001-04-08,2,3,F,V,2001,4
Rentistas,CA Penarol,2001-04-08,0,2,F,V,2001,4
River Plate,Danubio,2001-04-08,1,2,F,V,2001,4
Rocha Futbol Club,Montevideo Wanderers,2001-04-08,1,5,F,V,2001,4
Club Social Y Deportivo Huracan Buceo,Montevideo Wanderers,2001-04-13,3,3,F,E,2001,4
Nacional,Cerro Largo FC,2001-04-14,0,0,F,E,2001,4
Bella Vista,River Plate,2001-04-15,1,1,F,E,2001,4
CA Juventud,Central Espanol,2001-04-15,1,0,F,L,2001,4
CA Penarol,Defensor Sporting,2001-04-15,3,1,F,L,2001,4
Deportivo Maldonado,Racing Club,2001-04-15,1,1,F,E,2001,4
Paysandu FC,CA Fenix,2001-04-15,0,2,F,V,2001,4
Rentistas,Danubio,2001-04-15,0,2,F,V,2001,4
Tacuarembo Futbol Club,Rocha Futbol Club,2001-04-15,2,1,F,L,2001,4
CA Fenix,Defensor Sporting,2001-04-21,0,1,F,V,2001,4
CA Juventud,Defensor Sporting,2001-04-27,2,3,F,V,2001,4
Deportivo Maldonado,CA Penarol,2001-04-28,0,1,F,V,2001,4
Club Social Y Deportivo Huracan Buceo,Nacional,2001-04-29,2,2,F,E,2001,4
Danubio,Central Espanol,2001-04-29,3,2,F,L,2001,4
Racing Club,Bella Vista,2001-04-29,1,1,F,E,2001,4
Rentistas,Cerro Largo FC,2001-04-29,1,3,F,V,2001,4
River Plate,Montevideo Wanderers,2001-04-29,0,1,F,V,2001,4
Rocha Futbol Club,Paysandu FC,2001-04-29,0,0,F,E,2001,4
Tacuarembo Futbol Club,CA Fenix,2001-04-29,0,2,F,V,2001,4
Montevideo Wanderers,Racing Club,2001-05-05,0,1,F,V,2001,5
Tacuarembo Futbol Club,Deportivo Maldonado,2001-05-05,0,0,F,E,2001,5
CA Juventud,Rentistas,2001-05-06,1,0,F,L,2001,5
CA Penarol,Nacional,2001-05-06,2,1,F,L,2001,5
Cerro Largo FC,Bella Vista,2001-05-06,0,2,F,V,2001,5
Danubio,CA Fenix,2001-05-06,3,0,F,L,2001,5
Paysandu FC,Central Espanol,2001-05-06,0,0,F,E,2001,5
River Plate,Club Social Y Deportivo Huracan Buceo,2001-05-06,0,0,F,E,2001,5
Rocha Futbol Club,Defensor Sporting,2001-05-09,2,5,F,V,2001,5
CA Fenix,Cerro Largo FC,2001-05-10,2,1,F,L,2001,5
Club Social Y Deportivo Huracan Buceo,CA Penarol,2001-05-11,0,1,F,V,2001,5
Paysandu FC,Montevideo Wanderers,2001-05-11,0,3,F,V,2001,5
CA Juventud,Bella Vista,2001-05-12,1,2,F,V,2001,5
Deportivo Maldonado,River Plate,2001-05-12,1,0,F,L,2001,5
Nacional,Danubio,2001-05-12,2,3,F,V,2001,5
Rentistas,Central Espanol,2001-05-12,1,1,F,E,2001,5
Rocha Futbol Club,Racing Club,2001-05-12,0,2,F,V,2001,5
Tacuarembo Futbol Club,Defensor Sporting,2001-05-12,0,2,F,V,2001,5
Club Social Y Deportivo Huracan Buceo,Racing Club,2001-05-18,1,1,F,E,2001,5
Tacuarembo Futbol Club,CA Penarol,2001-05-19,1,2,F,V,2001,5
Bella Vista,CA Fenix,2001-05-20,1,1,F,E,2001,5
CA Juventud,River Plate,2001-05-20,2,0,F,L,2001,5
Central Espanol,Nacional,2001-05-20,0,0,F,E,2001,5
Danubio,Defensor Sporting,2001-05-20,2,1,F,L,2001,5
Deportivo Maldonado,Montevideo Wanderers,2001-05-20,0,1,F,V,2001,5
Paysandu FC,Cerro Largo FC,2001-05-20,1,0,F,L,2001,5
Rocha Futbol Club,Rentistas,2001-05-20,1,3,F,V,2001,5
Danubio,Cerro Largo FC,2001-05-25,2,2,F,E,2001,5
Deportivo Maldonado,Bella Vista,2001-05-26,1,4,F,V,2001,5
Rocha Futbol Club,Nacional,2001-05-26,0,3,F,V,2001,5
CA Juventud,Paysandu FC,2001-05-27,1,0,F,L,2001,5
Club Social Y Deportivo Huracan Buceo,Rentistas,2001-05-27,1,1,F,E,2001,5
Defensor Sporting,Central Espanol,2001-05-27,2,2,F,E,2001,5
Racing Club,CA Penarol,2001-05-27,0,1,F,V,2001,5
River Plate,CA Fenix,2001-05-27,0,3,F,V,2001,5
Tacuarembo Futbol Club,Montevideo Wanderers,2001-05-27,0,0,F,E,2001,5
Deportivo Maldonado,Rocha Futbol Club,2001-06-01,2,1,F,L,2001,6
Paysandu FC,Defensor Sporting,2001-06-01,1,2,F,V,2001,6
Racing Club,Danubio,2001-06-01,1,4,F,V,2001,6
CA Juventud,CA Fenix,2001-06-02,1,3,F,V,2001,6
CA Penarol,Cerro Largo FC,2001-06-02,3,1,F,L,2001,6
Central Espanol,Club Social Y Deportivo Huracan Buceo,2001-06-02,1,0,F,L,2001,6
Nacional,River Plate,2001-06-02,5,1,F,L,2001,6
Rentistas,Montevideo Wanderers,2001-06-02,1,0,F,L,2001,6
Tacuarembo Futbol Club,Bella Vista,2001-06-02,1,2,F,V,2001,6
Deportivo Maldonado,CA Juventud,2001-06-08,0,0,F,E,2001,6
Defensor Sporting,Cerro Largo FC,2001-06-09,2,1,F,L,2001,6
Nacional,Montevideo Wanderers,2001-06-09,2,2,F,E,2001,6
Paysandu FC,Rentistas,2001-06-09,1,1,F,E,2001,6
River Plate,Racing Club,2001-06-09,1,1,F,E,2001,6
Tacuarembo Futbol Club,Danubio,2001-06-09,3,3,F,E,2001,6
CA Penarol,Central Espanol,2001-06-10,2,1,F,L,2001,6
Club Social Y Deportivo Huracan Buceo,Bella Vista,2001-06-10,3,5,F,V,2001,6
Rocha Futbol Club,CA Fenix,2001-06-10,1,4,F,V,2001,6
Paysandu FC,Racing Club,2001-06-12,2,1,F,L,2001,6
Tacuarembo Futbol Club,Rentistas,2001-06-12,2,0,F,L,2001,6
CA Penarol,Montevideo Wanderers,2001-06-13,1,1,F,E,2001,6
Rocha Futbol Club,Danubio,2001-06-13,1,3,F,V,2001,6
CA Fenix,Central Espanol,2001-06-14,4,1,F,L,2001,6
CA Juventud,Club Social Y Deportivo Huracan Buceo,2001-06-14,0,4,F,V,2001,6
Deportivo Maldonado,Cerro Largo FC,2001-06-14,0,3,F,V,2001,6
Nacional,Bella Vista,2001-06-14,3,1,F,L,2001,6
River Plate,Defensor Sporting,2001-06-14,1,1,F,E,2001,6
Paysandu FC,Tacuarembo Futbol Club,2001-06-15,2,2,F,E,2001,6
Rocha Futbol Club,CA Penarol,2001-06-16,3,2,F,L,2001,6
Bella Vista,Defensor Sporting,2001-06-17,1,3,F,V,2001,6
CA Juventud,Nacional,2001-06-17,0,2,F,V,2001,6
Cerro Largo FC,Racing Club,2001-06-17,0,1,F,V,2001,6
Danubio,Club Social Y Deportivo Huracan Buceo,2001-06-17,3,1,F,L,2001,6
Deportivo Maldonado,Central Espanol,2001-06-17,1,5,F,V,2001,6
Montevideo Wanderers,CA Fenix,2001-06-17,1,1,F,E,2001,6
Rentistas,River Plate,2001-06-17,2,1,F,L,2001,6
Montevideo Wanderers,Danubio,2001-08-01,0,2,F,V,2001,8
Nacional,CA Fenix,2001-08-01,2,1,F,L,2001,8
Bella Vista,Defensor Sporting,2001-08-02,1,2,F,V,2001,8
CA Penarol,CA Juventud,2001-08-02,2,0,F,L,2001,8
Paysandu FC,Tacuarembo Futbol Club,2001-08-02,0,0,F,E,2001,8
Danubio,Nacional,2001-08-03,1,0,F,L,2001,8
Bella Vista,CA Juventud,2001-08-04,2,4,F,V,2001,8
CA Penarol,CA Fenix,2001-08-04,0,0,F,E,2001,8
Defensor Sporting,Paysandu FC,2001-08-04,4,1,F,L,2001,8
Tacuarembo Futbol Club,Montevideo Wanderers,2001-08-04,0,1,F,V,2001,8
Nacional,Paysandu FC,2001-08-06,2,0,F,L,2001,8
CA Fenix,Tacuarembo Futbol Club,2001-08-07,3,1,F,L,2001,8
CA Juventud,Montevideo Wanderers,2001-08-07,1,2,F,V,2001,8
CA Penarol,Defensor Sporting,2001-08-07,2,2,F,E,2001,8
Danubio,Bella Vista,2001-08-07,4,1,F,L,2001,8
Defensor Sporting,CA Fenix,2001-08-16,1,2,F,V,2001,8
Montevideo Wanderers,Bella Vista,2001-08-16,2,1,F,L,2001,8
Nacional,CA Juventud,2001-08-16,2,0,F,L,2001,8
Paysandu FC,Danubio,2001-08-16,0,2,F,V,2001,8
Bella Vista,CA Penarol,2001-08-19,0,2,F,V,2001,8
Montevideo Wanderers,CA Fenix,2001-08-19,3,1,F,L,2001,8
Paysandu FC,CA Juventud,2001-08-19,2,2,F,E,2001,8
Tacuarembo Futbol Club,Nacional,2001-08-19,1,3,F,V,2001,8
CA Fenix,Bella Vista,2001-08-22,1,4,F,V,2001,8
CA Juventud,Defensor Sporting,2001-08-22,1,4,F,V,2001,8
Danubio,Tacuarembo Futbol Club,2001-08-22,1,0,F,L,2001,8
Nacional,Montevideo Wanderers,2001-08-22,1,0,F,L,2001,8
Bella Vista,Nacional,2001-08-25,3,2,F,L,2001,8
CA Penarol,Paysandu FC,2001-08-25,3,0,F,L,2001,8
Danubio,CA Juventud,2001-08-25,4,0,F,L,2001,8
Defensor Sporting,Tacuarembo Futbol Club,2001-08-25,2,2,F,E,2001,8
CA Penarol,Montevideo Wanderers,2001-08-27,1,1,F,E,2001,8
Defensor Sporting,Danubio,2001-08-28,0,0,F,E,2001,8
Paysandu FC,CA Fenix,2001-08-28,0,5,F,V,2001,8
CA Penarol,Tacuarembo Futbol Club,2001-08-29,3,1,F,L,2001,8
Montevideo Wanderers,Paysandu FC,2001-09-05,1,0,F,L,2001,9
CA Fenix,CA Juventud,2001-09-06,3,1,F,L,2001,9
CA Penarol,Danubio,2001-09-06,3,2,F,L,2001,9
Defensor Sporting,Nacional,2001-09-06,1,2,F,V,2001,9
Tacuarembo Futbol Club,Bella Vista,2001-09-06,1,0,F,L,2001,9
Paysandu FC,Bella Vista,2001-09-08,2,0,F,L,2001,9
CA Fenix,Danubio,2001-09-09,0,1,F,V,2001,9
CA Juventud,Tacuarembo Futbol Club,2001-09-09,1,3,F,V,2001,9
Montevideo Wanderers,Defensor Sporting,2001-09-09,4,4,F,E,2001,9
Nacional,CA Penarol,2001-09-09,1,2,F,V,2001,9
CA Fenix,Nacional,2001-09-15,1,1,F,E,2001,9
CA Juventud,CA Penarol,2001-09-15,1,0,F,L,2001,9
Danubio,Montevideo Wanderers,2001-09-15,2,1,F,L,2001,9
Defensor Sporting,Bella Vista,2001-09-15,3,1,F,L,2001,9
Tacuarembo Futbol Club,Paysandu FC,2001-09-15,3,0,F,L,2001,9
CA Juventud,Bella Vista,2001-09-19,2,1,F,L,2001,9
Nacional,Danubio,2001-09-19,4,0,F,L,2001,9
Paysandu FC,Defensor Sporting,2001-09-19,4,0,F,L,2001,9
CA Penarol,CA Fenix,2001-09-20,3,2,F,L,2001,9
Montevideo Wanderers,Tacuarembo Futbol Club,2001-09-20,1,0,F,L,2001,9
Paysandu FC,Nacional,2001-09-22,1,1,F,E,2001,9
Bella Vista,Danubio,2001-09-23,2,3,F,V,2001,9
Defensor Sporting,CA Penarol,2001-09-23,2,3,F,V,2001,9
Montevideo Wanderers,CA Juventud,2001-09-23,1,1,F,E,2001,9
Tacuarembo Futbol Club,CA Fenix,2001-09-23,0,1,F,V,2001,9
Bella Vista,Montevideo Wanderers,2001-09-26,1,4,F,V,2001,9
CA Fenix,Defensor Sporting,2001-09-26,2,0,F,L,2001,9
CA Juventud,Nacional,2001-09-26,0,1,F,V,2001,9
Danubio,Paysandu FC,2001-09-26,5,0,F,L,2001,9
CA Penarol,Bella Vista,2001-09-29,1,0,F,L,2001,9
Danubio,Defensor Sporting,2001-09-29,0,1,F,V,2001,9
CA Fenix,Montevideo Wanderers,2001-09-30,0,0,F,E,2001,9
CA Juventud,Paysandu FC,2001-09-30,2,2,F,E,2001,9
Nacional,Tacuarembo Futbol Club,2001-09-30,2,1,F,L,2001,9
Tacuarembo Futbol Club,CA Penarol,2001-10-06,0,1,F,V,2001,10
Bella Vista,CA Fenix,2001-10-10,1,0,F,L,2001,10
Defensor Sporting,CA Juventud,2001-10-10,2,3,F,V,2001,10
Montevideo Wanderers,Nacional,2001-10-10,1,2,F,V,2001,10
Paysandu FC,CA Penarol,2001-10-10,0,1,F,V,2001,10
Tacuarembo Futbol Club,Danubio,2001-10-10,1,0,F,L,2001,10
Nacional,Bella Vista,2001-10-13,3,0,F,L,2001,10
CA Fenix,Paysandu FC,2001-10-14,3,3,F,E,2001,10
CA Juventud,Danubio,2001-10-14,2,3,F,V,2001,10
Montevideo Wanderers,CA Penarol,2001-10-14,1,1,F,E,2001,10
Tacuarembo Futbol Club,Defensor Sporting,2001-10-14,1,2,F,V,2001,10
Danubio,CA Penarol,2001-10-20,2,1,F,L,2001,10
Bella Vista,Tacuarembo Futbol Club,2001-10-21,1,2,F,V,2001,10
CA Juventud,CA Fenix,2001-10-21,0,0,F,E,2001,10
Defensor Sporting,Nacional,2001-10-21,3,3,F,E,2001,10
Paysandu FC,Montevideo Wanderers,2001-10-21,1,2,F,V,2001,10
Defensor Sporting,Montevideo Wanderers,2001-10-26,2,1,F,L,2001,10
Bella Vista,Paysandu FC,2001-10-27,1,2,F,V,2001,10
CA Penarol,Nacional,2001-10-27,0,2,F,V,2001,10
Danubio,CA Fenix,2001-10-27,4,1,F,L,2001,10
Tacuarembo Futbol Club,CA Juventud,2001-10-27,1,1,F,E,2001,10
Nacional,Danubio,2001-12-02,2,2,F,E,2001,12
Danubio,Nacional,2001-12-05,1,2,F,V,2001,12
CA Penarol,CA Fenix,2002-02-02,2,2,F,E,2002,2
Deportivo Maldonado,Plaza Colonia,2002-02-02,1,2,F,V,2002,2
Central Espanol,Nacional,2002-02-03,0,5,F,V,2002,2
Cerro Largo FC,Danubio,2002-02-03,0,2,F,V,2002,2
Montevideo Wanderers,CSyd Villa Espanola,2002-02-03,1,0,F,L,2002,2
Paysandu FC,Defensor Sporting,2002-02-03,0,2,F,V,2002,2
Racing Club,Bella Vista,2002-02-03,3,2,F,L,2002,2
River Plate,CA Progreso,2002-02-03,2,0,F,L,2002,2
Tacuarembo Futbol Club,CA Juventud,2002-02-03,2,1,F,L,2002,2
Deportivo Maldonado,Defensor Sporting,2002-02-08,0,1,F,V,2002,2
Paysandu FC,Central Espanol,2002-02-09,0,3,F,V,2002,2
Plaza Colonia,Nacional,2002-02-09,0,3,F,V,2002,2
CA Juventud,River Plate,2002-02-10,1,5,F,V,2002,2
CSyd Villa Espanola,CA Fenix,2002-02-10,1,1,F,E,2002,2
Cerro Largo FC,Racing Club,2002-02-10,1,2,F,V,2002,2
Danubio,Bella Vista,2002-02-10,2,3,F,V,2002,2
Montevideo Wanderers,CA Penarol,2002-02-10,1,3,F,V,2002,2
Tacuarembo Futbol Club,CA Progreso,2002-02-10,0,0,F,E,2002,2
Paysandu FC,Montevideo Wanderers,2002-02-15,3,0,F,L,2002,2
CA Penarol,Danubio,2002-02-16,2,1,F,L,2002,2
CA Fenix,Racing Club,2002-02-17,2,1,F,L,2002,2
CA Juventud,CA Progreso,2002-02-17,1,1,F,E,2002,2
Cerro Largo FC,River Plate,2002-02-17,3,3,F,E,2002,2
Defensor Sporting,CSyd Villa Espanola,2002-02-17,1,1,F,E,2002,2
Deportivo Maldonado,Nacional,2002-02-17,1,3,F,V,2002,2
Plaza Colonia,Central Espanol,2002-02-17,1,2,F,V,2002,2
Tacuarembo Futbol Club,Bella Vista,2002-02-17,1,1,F,E,2002,2
CA Penarol,CSyd Villa Espanola,2002-02-22,3,0,F,L,2002,2
Paysandu FC,Danubio,2002-02-23,0,1,F,V,2002,2
Racing Club,Defensor Sporting,2002-02-23,1,2,F,V,2002,2
Bella Vista,Central Espanol,2002-02-24,1,1,F,E,2002,2
CA Fenix,Cerro Largo FC,2002-02-24,3,2,F,L,2002,2
CA Juventud,Nacional,2002-02-24,2,1,F,L,2002,2
Deportivo Maldonado,CA Progreso,2002-02-24,4,1,F,L,2002,2
Plaza Colonia,Tacuarembo Futbol Club,2002-02-24,0,0,F,E,2002,2
River Plate,Montevideo Wanderers,2002-02-24,1,3,F,V,2002,2
Racing Club,CA Penarol,2002-02-26,1,1,F,E,2002,2
CA Juventud,CA Fenix,2002-02-27,0,1,F,V,2002,2
CA Progreso,Bella Vista,2002-02-27,2,2,F,E,2002,2
CSyd Villa Espanola,Cerro Largo FC,2002-02-27,2,2,F,E,2002,2
Danubio,River Plate,2002-02-27,1,0,F,L,2002,2
Deportivo Maldonado,Central Espanol,2002-02-27,0,1,F,V,2002,2
Nacional,Montevideo Wanderers,2002-02-27,4,1,F,L,2002,2
Paysandu FC,Plaza Colonia,2002-02-27,0,1,F,V,2002,2
Tacuarembo Futbol Club,Defensor Sporting,2002-02-27,0,0,F,E,2002,2
Cerro Largo FC,CA Penarol,2002-03-02,3,3,F,E,2002,3
Montevideo Wanderers,Central Espanol,2002-03-02,4,1,F,L,2002,3
Nacional,Defensor Sporting,2002-03-02,2,0,F,L,2002,3
Paysandu FC,Deportivo Maldonado,2002-03-02,0,0,F,E,2002,3
CA Juventud,Bella Vista,2002-03-03,2,1,F,L,2002,3
CA Progreso,Danubio,2002-03-03,0,3,F,V,2002,3
Plaza Colonia,CSyd Villa Espanola,2002-03-03,2,0,F,L,2002,3
Racing Club,River Plate,2002-03-03,1,1,F,E,2002,3
Tacuarembo Futbol Club,CA Fenix,2002-03-03,3,2,F,L,2002,3
Bella Vista,CA Penarol,2002-03-09,1,4,F,V,2002,3
Paysandu FC,Nacional,2002-03-09,0,2,F,V,2002,3
Plaza Colonia,Montevideo Wanderers,2002-03-09,1,1,F,E,2002,3
Tacuarembo Futbol Club,Deportivo Maldonado,2002-03-10,2,4,F,V,2002,3
CA Fenix,CA Progreso,2002-03-11,4,0,F,L,2002,3
CA Juventud,Central Espanol,2002-03-11,0,1,F,V,2002,3
Cerro Largo FC,Defensor Sporting,2002-03-11,0,5,F,V,2002,3
Danubio,Racing Club,2002-03-11,2,1,F,L,2002,3
River Plate,CSyd Villa Espanola,2002-03-11,3,1,F,L,2002,3
Defensor Sporting,Danubio,2002-03-15,1,3,F,V,2002,3
CA Penarol,River Plate,2002-03-16,1,1,F,E,2002,3
Bella Vista,CA Fenix,2002-03-17,0,1,F,V,2002,3
CSyd Villa Espanola,Racing Club,2002-03-17,4,0,F,L,2002,3
Central Espanol,CA Progreso,2002-03-17,2,1,F,L,2002,3
Deportivo Maldonado,Montevideo Wanderers,2002-03-17,2,0,F,L,2002,3
Plaza Colonia,Cerro Largo FC,2002-03-17,2,1,F,L,2002,3
Tacuarembo Futbol Club,Nacional,2002-03-17,1,3,F,V,2002,3
CA Juventud,Paysandu FC,2002-03-20,5,1,F,L,2002,3
Nacional,CSyd Villa Espanola,2002-03-22,3,1,F,L,2002,3
CA Fenix,Danubio,2002-03-23,3,2,F,L,2002,3
CA Progreso,CA Penarol,2002-03-23,2,4,F,V,2002,3
Plaza Colonia,Defensor Sporting,2002-03-23,0,1,F,V,2002,3
Central Espanol,Cerro Largo FC,2002-03-24,2,1,F,L,2002,3
Deportivo Maldonado,CA Juventud,2002-03-24,1,0,F,L,2002,3
Montevideo Wanderers,Bella Vista,2002-03-24,1,2,F,V,2002,3
Paysandu FC,River Plate,2002-03-24,4,2,F,L,2002,3
Tacuarembo Futbol Club,Racing Club,2002-03-24,2,0,F,L,2002,3
Deportivo Maldonado,CA Fenix,2002-03-29,2,2,F,E,2002,3
Montevideo Wanderers,Racing Club,2002-03-30,1,1,F,E,2002,3
Nacional,Cerro Largo FC,2002-03-30,0,1,F,V,2002,3
Bella Vista,River Plate,2002-03-31,0,2,F,V,2002,3
CA Juventud,Defensor Sporting,2002-03-31,1,8,F,V,2002,3
Central Espanol,CA Penarol,2002-03-31,0,3,F,V,2002,3
Paysandu FC,CSyd Villa Espanola,2002-03-31,0,2,F,V,2002,3
Plaza Colonia,CA Progreso,2002-03-31,2,0,F,L,2002,3
Tacuarembo Futbol Club,Danubio,2002-03-31,0,2,F,V,2002,3
Defensor Sporting,CA Fenix,2002-04-05,2,0,F,L,2002,4
Danubio,Montevideo Wanderers,2002-04-06,0,0,F,E,2002,4
Tacuarembo Futbol Club,CA Penarol,2002-04-06,1,3,F,V,2002,4
Bella Vista,Cerro Largo FC,2002-04-07,0,1,F,V,2002,4
CA Juventud,Plaza Colonia,2002-04-07,0,2,F,V,2002,4
CA Progreso,Nacional,2002-04-07,2,4,F,V,2002,4
Deportivo Maldonado,CSyd Villa Espanola,2002-04-07,4,1,F,L,2002,4
Paysandu FC,Racing Club,2002-04-07,2,1,F,L,2002,4
River Plate,Central Espanol,2002-04-07,2,3,F,V,2002,4
Deportivo Maldonado,Danubio,2002-04-12,2,4,F,V,2002,4
Plaza Colonia,CA Penarol,2002-04-13,2,0,F,L,2002,4
Racing Club,Central Espanol,2002-04-13,1,3,F,V,2002,4
Bella Vista,Nacional,2002-04-14,3,1,F,L,2002,4
CA Juventud,CSyd Villa Espanola,2002-04-14,0,1,F,V,2002,4
Defensor Sporting,Montevideo Wanderers,2002-04-14,3,1,F,L,2002,4
Paysandu FC,CA Progreso,2002-04-14,1,0,F,L,2002,4
River Plate,CA Fenix,2002-04-14,1,5,F,V,2002,4
Tacuarembo Futbol Club,Cerro Largo FC,2002-04-14,0,0,F,E,2002,4
CA Fenix,Nacional,2002-04-20,1,1,F,E,2002,4
CA Juventud,Montevideo Wanderers,2002-04-20,1,2,F,V,2002,4
Paysandu FC,CA Penarol,2002-04-20,1,2,F,V,2002,4
CA Progreso,Cerro Largo FC,2002-04-21,1,1,F,E,2002,4
Danubio,CSyd Villa Espanola,2002-04-21,2,2,F,E,2002,4
Defensor Sporting,Central Espanol,2002-04-21,2,2,F,E,2002,4
Deportivo Maldonado,Bella Vista,2002-04-21,0,2,F,V,2002,4
Plaza Colonia,Racing Club,2002-04-21,2,0,F,L,2002,4
Tacuarembo Futbol Club,River Plate,2002-04-21,3,1,F,L,2002,4
Central Espanol,Danubio,2002-04-26,2,1,F,L,2002,4
CA Penarol,Defensor Sporting,2002-04-27,2,1,F,L,2002,4
Montevideo Wanderers,CA Progreso,2002-04-27,2,2,F,E,2002,4
CA Juventud,Cerro Largo FC,2002-04-28,1,1,F,E,2002,4
CSyd Villa Espanola,Bella Vista,2002-04-28,3,2,F,L,2002,4
Deportivo Maldonado,Racing Club,2002-04-28,4,0,F,L,2002,4
Nacional,River Plate,2002-04-28,4,3,F,L,2002,4
Paysandu FC,Tacuarembo Futbol Club,2002-04-28,1,0,F,L,2002,4
Plaza Colonia,CA Fenix,2002-04-28,0,3,F,V,2002,4
Defensor Sporting,Bella Vista,2002-05-03,1,1,F,E,2002,5
CA Juventud,CA Penarol,2002-05-04,2,5,F,V,2002,5
CA Fenix,Montevideo Wanderers,2002-05-05,2,4,F,V,2002,5
CSyd Villa Espanola,CA Progreso,2002-05-05,4,2,F,L,2002,5
Deportivo Maldonado,River Plate,2002-05-05,4,0,F,L,2002,5
Nacional,Racing Club,2002-05-05,0,1,F,V,2002,5
Paysandu FC,Cerro Largo FC,2002-05-05,0,2,F,V,2002,5
Plaza Colonia,Danubio,2002-05-05,5,2,F,L,2002,5
Tacuarembo Futbol Club,Central Espanol,2002-05-05,1,1,F,E,2002,5
Central Espanol,CA Fenix,2002-05-10,3,3,F,E,2002,5
CA Juventud,Racing Club,2002-05-11,2,2,F,E,2002,5
CA Progreso,Defensor Sporting,2002-05-11,1,2,F,V,2002,5
Cerro Largo FC,Montevideo Wanderers,2002-05-11,0,1,F,V,2002,5
Deportivo Maldonado,CA Penarol,2002-05-11,2,2,F,E,2002,5
Paysandu FC,Bella Vista,2002-05-11,2,1,F,L,2002,5
Tacuarembo Futbol Club,CSyd Villa Espanola,2002-05-11,2,0,F,L,2002,5
Danubio,Nacional,2002-05-12,6,3,F,L,2002,5
Plaza Colonia,River Plate,2002-05-12,0,1,F,V,2002,5
Deportivo Maldonado,Cerro Largo FC,2002-05-17,0,1,F,V,2002,5
CA Juventud,Danubio,2002-05-19,0,3,F,V,2002,5
CSyd Villa Espanola,Central Espanol,2002-05-19,4,1,F,L,2002,5
Nacional,CA Penarol,2002-05-19,1,1,F,E,2002,5
Paysandu FC,CA Fenix,2002-05-19,2,5,F,V,2002,5
Plaza Colonia,Bella Vista,2002-05-19,3,1,F,L,2002,5
Racing Club,CA Progreso,2002-05-19,3,2,F,L,2002,5
River Plate,Defensor Sporting,2002-05-19,1,0,F,L,2002,5
Tacuarembo Futbol Club,Montevideo Wanderers,2002-05-19,0,1,F,V,2002,5
Defensor Sporting,Danubio,2002-07-12,2,1,F,L,2002,7
Deportivo Maldonado,CA Penarol,2002-07-13,3,2,F,L,2002,7
CSyd Villa Espanola,Montevideo Wanderers,2002-07-14,0,1,F,V,2002,7
Central Espanol,Nacional,2002-07-14,1,3,F,V,2002,7
Plaza Colonia,CA Fenix,2002-07-14,0,1,F,V,2002,7
Nacional,Danubio,2002-07-20,4,1,F,L,2002,7
CA Fenix,CSyd Villa Espanola,2002-07-21,4,2,F,L,2002,7
CA Penarol,Defensor Sporting,2002-07-21,3,2,F,L,2002,7
Montevideo Wanderers,Central Espanol,2002-07-21,2,1,F,L,2002,7
Plaza Colonia,Deportivo Maldonado,2002-07-21,1,2,F,V,2002,7
Defensor Sporting,Montevideo Wanderers,2002-07-26,0,1,F,V,2002,7
CA Penarol,CA Fenix,2002-07-27,2,1,F,L,2002,7
Danubio,CSyd Villa Espanola,2002-07-28,4,1,F,L,2002,7
Deportivo Maldonado,Central Espanol,2002-07-28,2,1,F,L,2002,7
Nacional,Plaza Colonia,2002-07-28,2,0,F,L,2002,7
Nacional,CA Fenix,2002-07-31,2,0,F,L,2002,7
CSyd Villa Espanola,Nacional,2002-08-03,1,1,F,E,2002,8
Central Espanol,Plaza Colonia,2002-08-03,1,1,F,E,2002,8
CA Fenix,Defensor Sporting,2002-08-04,3,1,F,L,2002,8
Danubio,Deportivo Maldonado,2002-08-04,0,0,F,E,2002,8
Montevideo Wanderers,CA Penarol,2002-08-04,1,3,F,V,2002,8
CSyd Villa Espanola,Deportivo Maldonado,2002-08-09,0,1,F,V,2002,8
Plaza Colonia,CA Penarol,2002-08-10,1,3,F,V,2002,8
Central Espanol,Defensor Sporting,2002-08-11,4,1,F,L,2002,8
Montevideo Wanderers,Danubio,2002-08-11,1,1,F,E,2002,8
Deportivo Maldonado,CA Fenix,2002-08-17,0,7,F,V,2002,8
CA Penarol,CSyd Villa Espanola,2002-08-18,4,0,F,L,2002,8
Danubio,Central Espanol,2002-08-18,1,0,F,L,2002,8
Defensor Sporting,Plaza Colonia,2002-08-18,1,0,F,L,2002,8
Nacional,Montevideo Wanderers,2002-08-21,1,0,F,L,2002,8
CA Fenix,Montevideo Wanderers,2002-08-24,1,0,F,L,2002,8
CA Penarol,Central Espanol,2002-08-24,5,1,F,L,2002,8
Plaza Colonia,Danubio,2002-08-24,2,0,F,L,2002,8
CSyd Villa Espanola,Defensor Sporting,2002-08-25,1,2,F,V,2002,8
Nacional,Deportivo Maldonado,2002-08-25,2,1,F,L,2002,8
Defensor Sporting,Deportivo Maldonado,2002-08-30,4,1,F,L,2002,8
CA Fenix,Danubio,2002-08-31,1,3,F,V,2002,8
Central Espanol,CSyd Villa Espanola,2002-08-31,3,2,F,L,2002,8
CA Penarol,Nacional,2002-09-01,0,2,F,V,2002,9
Montevideo Wanderers,Plaza Colonia,2002-09-01,2,2,F,E,2002,9
Deportivo Maldonado,Montevideo Wanderers,2002-09-06,0,0,F,E,2002,9
Defensor Sporting,Nacional,2002-09-07,2,3,F,V,2002,9
Plaza Colonia,CSyd Villa Espanola,2002-09-07,3,1,F,L,2002,9
Central Espanol,CA Fenix,2002-09-08,1,4,F,V,2002,9
Danubio,CA Penarol,2002-09-08,1,3,F,V,2002,9
CA Penarol,Central Espanol,2002-09-22,2,1,F,L,2002,9
Nacional,Central Espanol,2002-09-27,2,2,F,E,2002,9
Danubio,Defensor Sporting,2002-09-28,1,1,F,E,2002,9
CA Fenix,Plaza Colonia,2002-09-29,1,0,F,L,2002,9
CA Penarol,Deportivo Maldonado,2002-09-29,2,1,F,L,2002,9
Montevideo Wanderers,CSyd Villa Espanola,2002-09-29,1,1,F,E,2002,9
Defensor Sporting,CA Penarol,2002-10-05,2,3,F,V,2002,10
Deportivo Maldonado,Plaza Colonia,2002-10-05,0,2,F,V,2002,10
CSyd Villa Espanola,CA Fenix,2002-10-06,3,3,F,E,2002,10
Danubio,Nacional,2002-10-06,3,1,F,L,2002,10
Central Espanol,Montevideo Wanderers,2002-10-08,0,1,F,V,2002,10
CSyd Villa Espanola,Danubio,2002-10-11,0,2,F,V,2002,10
Plaza Colonia,Nacional,2002-10-12,1,2,F,V,2002,10
CA Fenix,CA Penarol,2002-10-13,2,3,F,V,2002,10
Central Espanol,Deportivo Maldonado,2002-10-13,0,1,F,V,2002,10
Montevideo Wanderers,Defensor Sporting,2002-10-13,1,2,F,V,2002,10
Defensor Sporting,CA Fenix,2002-10-19,2,3,F,V,2002,10
Deportivo Maldonado,Danubio,2002-10-19,1,3,F,V,2002,10
Nacional,CSyd Villa Espanola,2002-10-19,5,0,F,L,2002,10
CA Penarol,Montevideo Wanderers,2002-10-20,2,2,F,E,2002,10
Plaza Colonia,Central Espanol,2002-10-20,2,1,F,L,2002,10
Defensor Sporting,Central Espanol,2002-10-25,2,0,F,L,2002,10
CA Penarol,Plaza Colonia,2002-10-26,3,4,F,V,2002,10
Deportivo Maldonado,CSyd Villa Espanola,2002-10-26,2,3,F,V,2002,10
CA Fenix,Nacional,2002-10-27,3,3,F,E,2002,10
Danubio,Montevideo Wanderers,2002-10-27,1,0,F,L,2002,10
CA Fenix,Deportivo Maldonado,2002-11-01,5,0,F,L,2002,11
Central Espanol,Danubio,2002-11-02,0,2,F,V,2002,11
Montevideo Wanderers,Nacional,2002-11-02,0,1,F,V,2002,11
CSyd Villa Espanola,CA Penarol,2002-11-03,1,3,F,V,2002,11
Plaza Colonia,Defensor Sporting,2002-11-03,2,2,F,E,2002,11
Danubio,Plaza Colonia,2002-11-09,1,0,F,L,2002,11
Deportivo Maldonado,Nacional,2002-11-09,1,4,F,V,2002,11
Defensor Sporting,CSyd Villa Espanola,2002-11-10,1,1,F,E,2002,11
Montevideo Wanderers,CA Fenix,2002-11-10,1,2,F,V,2002,11
Central Espanol,CSyd Villa Espanola,2002-11-23,1,1,F,E,2002,11
Danubio,CA Fenix,2002-11-24,2,2,F,E,2002,11
Deportivo Maldonado,Defensor Sporting,2002-11-24,1,2,F,V,2002,11
Nacional,CA Penarol,2002-11-24,2,4,F,V,2002,11
Plaza Colonia,Montevideo Wanderers,2002-11-24,2,2,F,E,2002,11
Nacional,Defensor Sporting,2002-11-30,0,2,F,V,2002,11
CA Fenix,Central Espanol,2002-12-01,3,4,F,V,2002,12
CA Penarol,Danubio,2002-12-01,3,1,F,L,2002,12
CSyd Villa Espanola,Plaza Colonia,2002-12-01,0,3,F,V,2002,12
Montevideo Wanderers,Deportivo Maldonado,2002-12-01,0,1,F,V,2002,12
Danubio,Nacional,2002-12-04,1,2,F,V,2002,12
Nacional,Danubio,2002-12-08,2,1,F,L,2002,12
CA Penarol,Defensor Sporting,2003-02-21,2,1,F,L,2003,2
Deportivo Maldonado,Central Espanol,2003-02-22,2,0,F,L,2003,2
Tacuarembo Futbol Club,Nacional,2003-02-22,1,1,F,E,2003,2
CA Fenix,Plaza Colonia,2003-02-23,3,1,F,L,2003,2
CA Juventud,Danubio,2003-02-23,0,2,F,V,2003,2
CSyd Villa Espanola,CA Cerro,2003-02-23,0,1,F,V,2003,2
Dep Colonia,River Plate,2003-02-23,2,1,F,L,2003,2
Liverpool,Miramar Misiones,2003-02-23,0,0,F,E,2003,2
Montevideo Wanderers,Bella Vista,2003-02-23,1,1,F,E,2003,2
CA Juventud,Deportivo Maldonado,2003-03-01,0,0,F,E,2003,3
Montevideo Wanderers,CSyd Villa Espanola,2003-03-01,3,2,F,L,2003,3
Plaza Colonia,CA Penarol,2003-03-01,0,2,F,V,2003,3
Bella Vista,CA Cerro,2003-03-02,0,0,F,E,2003,3
CA Fenix,Defensor Sporting,2003-03-02,3,2,F,L,2003,3
Danubio,Central Espanol,2003-03-02,3,0,F,L,2003,3
Liverpool,Tacuarembo Futbol Club,2003-03-02,0,3,F,V,2003,3
Miramar Misiones,Dep Colonia,2003-03-02,4,0,F,L,2003,3
River Plate,Nacional,2003-03-02,0,1,F,V,2003,3
Defensor Sporting,Plaza Colonia,2003-03-07,1,0,F,L,2003,3
CA Penarol,CA Juventud,2003-03-08,4,1,F,L,2003,3
Tacuarembo Futbol Club,River Plate,2003-03-08,3,0,F,L,2003,3
Bella Vista,Miramar Misiones,2003-03-09,0,4,F,V,2003,3
CA Cerro,Deportivo Maldonado,2003-03-09,2,0,F,L,2003,3
Central Espanol,CA Fenix,2003-03-09,2,1,F,L,2003,3
Danubio,CSyd Villa Espanola,2003-03-09,6,1,F,L,2003,3
Dep Colonia,Nacional,2003-03-09,1,2,F,V,2003,3
Montevideo Wanderers,Liverpool,2003-03-09,4,2,F,L,2003,3
CA Cerro,CA Juventud,2003-03-16,2,0,F,L,2003,3
CA Penarol,Montevideo Wanderers,2003-03-16,0,2,F,V,2003,3
CSyd Villa Espanola,Bella Vista,2003-03-16,1,2,F,V,2003,3
Central Espanol,Tacuarembo Futbol Club,2003-03-16,1,1,F,E,2003,3
Danubio,Liverpool,2003-03-16,1,3,F,V,2003,3
Defensor Sporting,Dep Colonia,2003-03-16,3,0,F,L,2003,3
Deportivo Maldonado,Miramar Misiones,2003-03-16,3,1,F,L,2003,3
Plaza Colonia,Nacional,2003-03-16,0,1,F,V,2003,3
River Plate,CA Fenix,2003-03-16,0,2,F,V,2003,3
Bella Vista,CA Juventud,2003-03-22,6,0,F,L,2003,3
Danubio,CA Penarol,2003-03-22,3,2,F,L,2003,3
Defensor Sporting,Central Espanol,2003-03-22,2,0,F,L,2003,3
Dep Colonia,Tacuarembo Futbol Club,2003-03-22,2,1,F,L,2003,3
Deportivo Maldonado,CSyd Villa Espanola,2003-03-23,1,1,F,E,2003,3
Liverpool,River Plate,2003-03-23,2,2,F,E,2003,3
Miramar Misiones,CA Fenix,2003-03-23,1,2,F,V,2003,3
Nacional,Montevideo Wanderers,2003-03-23,1,0,F,L,2003,3
Plaza Colonia,CA Cerro,2003-03-23,1,1,F,E,2003,3
Defensor Sporting,Danubio,2003-04-05,1,1,F,E,2003,4
CA Juventud,CSyd Villa Espanola,2003-04-06,1,3,F,V,2003,4
Central Espanol,Plaza Colonia,2003-04-06,1,0,F,L,2003,4
Deportivo Maldonado,CA Penarol,2003-04-06,2,3,F,V,2003,4
Liverpool,Dep Colonia,2003-04-06,0,1,F,V,2003,4
Montevideo Wanderers,Tacuarembo Futbol Club,2003-04-06,2,0,F,L,2003,4
Nacional,Miramar Misiones,2003-04-06,2,0,F,L,2003,4
River Plate,Bella Vista,2003-04-06,2,4,F,V,2003,4
Danubio,Deportivo Maldonado,2003-04-12,1,1,F,E,2003,4
Tacuarembo Futbol Club,Plaza Colonia,2003-04-12,0,0,F,E,2003,4
CA Cerro,Defensor Sporting,2003-04-13,2,1,F,L,2003,4
CA Fenix,Dep Colonia,2003-04-13,4,3,F,L,2003,4
CA Juventud,Miramar Misiones,2003-04-13,1,3,F,V,2003,4
CSyd Villa Espanola,Central Espanol,2003-04-13,2,2,F,E,2003,4
Nacional,Liverpool,2003-04-13,1,0,F,L,2003,4
River Plate,Montevideo Wanderers,2003-04-13,1,1,F,E,2003,4
CA Penarol,Bella Vista,2003-04-15,1,0,F,L,2003,4
CA Fenix,CA Cerro,2003-04-16,2,3,F,V,2003,4
Bella Vista,Deportivo Maldonado,2003-04-20,5,0,F,L,2003,4
CA Fenix,Nacional,2003-04-20,0,3,F,V,2003,4
CSyd Villa Espanola,CA Penarol,2003-04-20,2,2,F,E,2003,4
Central Espanol,CA Cerro,2003-04-20,1,0,F,L,2003,4
Miramar Misiones,Danubio,2003-04-20,1,0,F,L,2003,4
Montevideo Wanderers,Dep Colonia,2003-04-20,4,1,F,L,2003,4
Plaza Colonia,Liverpool,2003-04-20,1,2,F,V,2003,4
River Plate,CA Juventud,2003-04-20,4,1,F,L,2003,4
Tacuarembo Futbol Club,Defensor Sporting,2003-04-20,1,3,F,V,2003,4
CA Cerro,Danubio,2003-04-26,2,0,F,L,2003,4
Defensor Sporting,CSyd Villa Espanola,2003-04-26,2,1,F,L,2003,4
Deportivo Maldonado,CA Fenix,2003-04-27,2,2,F,E,2003,4
Liverpool,CA Penarol,2003-04-27,0,3,F,V,2003,4
Miramar Misiones,River Plate,2003-04-27,0,2,F,V,2003,4
Montevideo Wanderers,Central Espanol,2003-04-27,3,1,F,L,2003,4
Plaza Colonia,Dep Colonia,2003-04-27,1,1,F,E,2003,4
Tacuarembo Futbol Club,CA Juventud,2003-04-27,1,1,F,E,2003,4
Bella Vista,Nacional,2003-04-30,0,3,F,V,2003,4
CA Cerro,Dep Colonia,2003-05-03,2,2,F,E,2003,5
CA Fenix,Danubio,2003-05-03,3,3,F,E,2003,5
Central Espanol,CA Penarol,2003-05-03,0,1,F,V,2003,5
Liverpool,Bella Vista,2003-05-03,1,0,F,L,2003,5
Miramar Misiones,Plaza Colonia,2003-05-03,1,1,F,E,2003,5
Montevideo Wanderers,Deportivo Maldonado,2003-05-03,5,3,F,L,2003,5
Nacional,CA Juventud,2003-05-03,2,0,F,L,2003,5
River Plate,Defensor Sporting,2003-05-03,1,2,F,V,2003,5
Tacuarembo Futbol Club,CSyd Villa Espanola,2003-05-03,1,3,F,V,2003,5
CA Juventud,Central Espanol,2003-05-10,1,2,F,V,2003,5
Bella Vista,Dep Colonia,2003-05-11,1,0,F,L,2003,5
CA Cerro,Miramar Misiones,2003-05-11,2,2,F,E,2003,5
CA Fenix,CSyd Villa Espanola,2003-05-11,4,3,F,L,2003,5
CA Penarol,Tacuarembo Futbol Club,2003-05-11,2,0,F,L,2003,5
Danubio,Montevideo Wanderers,2003-05-11,2,1,F,L,2003,5
Defensor Sporting,Nacional,2003-05-11,0,1,F,V,2003,5
Deportivo Maldonado,Liverpool,2003-05-11,2,1,F,L,2003,5
Plaza Colonia,River Plate,2003-05-11,1,1,F,E,2003,5
CA Juventud,CA Fenix,2003-05-18,0,3,F,V,2003,5
CA Penarol,CA Cerro,2003-05-18,5,1,F,L,2003,5
CSyd Villa Espanola,River Plate,2003-05-18,3,0,F,L,2003,5
Danubio,Dep Colonia,2003-05-18,0,0,F,E,2003,5
Defensor Sporting,Liverpool,2003-05-18,2,2,F,E,2003,5
Deportivo Maldonado,Tacuarembo Futbol Club,2003-05-18,2,1,F,L,2003,5
Miramar Misiones,Montevideo Wanderers,2003-05-18,1,4,F,V,2003,5
Nacional,Central Espanol,2003-05-18,2,0,F,L,2003,5
Plaza Colonia,Bella Vista,2003-05-18,1,1,F,E,2003,5
CA Cerro,Nacional,2003-05-25,0,2,F,V,2003,5
CA Penarol,CA Fenix,2003-05-25,6,3,F,L,2003,5
Central Espanol,Dep Colonia,2003-05-25,2,1,F,L,2003,5
Danubio,Bella Vista,2003-05-25,1,0,F,L,2003,5
Defensor Sporting,CA Juventud,2003-05-25,4,2,F,L,2003,5
Liverpool,CSyd Villa Espanola,2003-05-25,3,2,F,L,2003,5
Miramar Misiones,Tacuarembo Futbol Club,2003-05-25,4,3,F,L,2003,5
Montevideo Wanderers,Plaza Colonia,2003-05-25,4,3,F,L,2003,5
River Plate,Deportivo Maldonado,2003-05-25,0,1,F,V,2003,5
CSyd Villa Espanola,Miramar Misiones,2003-05-31,4,3,F,L,2003,5
Deportivo Maldonado,Dep Colonia,2003-05-31,1,0,F,L,2003,5
Bella Vista,Central Espanol,2003-06-01,1,0,F,L,2003,6
Liverpool,CA Fenix,2003-06-01,3,1,F,L,2003,6
Montevideo Wanderers,Defensor Sporting,2003-06-01,2,2,F,E,2003,6
Nacional,CA Penarol,2003-06-01,3,1,F,L,2003,6
Plaza Colonia,CA Juventud,2003-06-01,2,0,F,L,2003,6
River Plate,CA Cerro,2003-06-01,0,1,F,V,2003,6
Tacuarembo Futbol Club,Danubio,2003-06-01,1,1,F,E,2003,6
Bella Vista,Defensor Sporting,2003-06-15,0,2,F,V,2003,6
CA Cerro,Montevideo Wanderers,2003-06-15,4,0,F,L,2003,6
CA Fenix,Tacuarembo Futbol Club,2003-06-15,2,3,F,V,2003,6
Dep Colonia,CA Penarol,2003-06-15,0,6,F,V,2003,6
Liverpool,CA Juventud,2003-06-15,2,0,F,L,2003,6
Miramar Misiones,Central Espanol,2003-06-15,0,2,F,V,2003,6
Nacional,Deportivo Maldonado,2003-06-15,4,2,F,L,2003,6
Plaza Colonia,CSyd Villa Espanola,2003-06-15,5,2,F,L,2003,6
River Plate,Danubio,2003-06-15,1,2,F,V,2003,6
Danubio,Nacional,2003-06-21,3,2,F,L,2003,6
Montevideo Wanderers,CA Juventud,2003-06-21,2,1,F,L,2003,6
CA Fenix,Bella Vista,2003-06-22,3,1,F,L,2003,6
CA Penarol,River Plate,2003-06-22,2,1,F,L,2003,6
CSyd Villa Espanola,Dep Colonia,2003-06-22,0,0,F,E,2003,6
Central Espanol,Liverpool,2003-06-22,0,1,F,V,2003,6
Defensor Sporting,Miramar Misiones,2003-06-22,0,2,F,V,2003,6
Deportivo Maldonado,Plaza Colonia,2003-06-22,1,0,F,L,2003,6
Tacuarembo Futbol Club,CA Cerro,2003-06-22,3,1,F,L,2003,6
Montevideo Wanderers,CA Fenix,2003-06-28,2,3,F,V,2003,6
Nacional,CSyd Villa Espanola,2003-06-28,1,1,F,E,2003,6
Plaza Colonia,Danubio,2003-06-28,0,4,F,V,2003,6
Bella Vista,Tacuarembo Futbol Club,2003-06-29,1,2,F,V,2003,6
CA Cerro,Liverpool,2003-06-29,1,2,F,V,2003,6
CA Penarol,Miramar Misiones,2003-06-29,1,1,F,E,2003,6
Central Espanol,River Plate,2003-06-29,1,1,F,E,2003,6
Dep Colonia,CA Juventud,2003-06-29,1,2,F,V,2003,6
Deportivo Maldonado,Defensor Sporting,2003-06-29,1,0,F,L,2003,6
Central Espanol,Deportivo Maldonado,2003-07-18,2,0,F,L,2003,7
Bella Vista,Montevideo Wanderers,2003-07-19,0,1,F,V,2003,7
CSyd Villa Espanola,CA Cerro,2003-07-20,1,2,F,V,2003,7
Danubio,CA Juventud,2003-07-20,1,0,F,L,2003,7
Defensor Sporting,CA Penarol,2003-07-20,0,2,F,V,2003,7
Miramar Misiones,Liverpool,2003-07-20,1,1,F,E,2003,7
Plaza Colonia,CA Fenix,2003-07-20,2,2,F,E,2003,7
River Plate,Dep Colonia,2003-07-20,3,2,F,L,2003,7
CA Cerro,Bella Vista,2003-07-27,0,1,F,V,2003,7
CA Penarol,Plaza Colonia,2003-07-27,1,0,F,L,2003,7
CSyd Villa Espanola,Montevideo Wanderers,2003-07-27,1,1,F,E,2003,7
Central Espanol,Danubio,2003-07-27,0,3,F,V,2003,7
Defensor Sporting,CA Fenix,2003-07-27,1,3,F,V,2003,7
Dep Colonia,Miramar Misiones,2003-07-27,1,1,F,E,2003,7
Deportivo Maldonado,CA Juventud,2003-07-27,3,0,F,L,2003,7
Nacional,River Plate,2003-07-27,3,1,F,L,2003,7
Tacuarembo Futbol Club,Liverpool,2003-07-27,1,1,F,E,2003,7
Nacional,Tacuarembo Futbol Club,2003-07-29,2,3,F,V,2003,7
CA Fenix,Central Espanol,2003-08-03,1,0,F,L,2003,8
CA Penarol,CA Juventud,2003-08-03,1,0,F,L,2003,8
CSyd Villa Espanola,Danubio,2003-08-03,3,3,F,E,2003,8
Deportivo Maldonado,CA Cerro,2003-08-03,1,0,F,L,2003,8
Liverpool,Montevideo Wanderers,2003-08-03,2,1,F,L,2003,8
Miramar Misiones,Bella Vista,2003-08-03,0,1,F,V,2003,8
Nacional,Dep Colonia,2003-08-03,1,1,F,E,2003,8
Plaza Colonia,Defensor Sporting,2003-08-03,1,0,F,L,2003,8
River Plate,Tacuarembo Futbol Club,2003-08-03,1,0,F,L,2003,8
CA Fenix,River Plate,2003-08-10,1,2,F,V,2003,8
CA Juventud,CA Cerro,2003-08-10,1,4,F,V,2003,8
Dep Colonia,Defensor Sporting,2003-08-10,1,4,F,V,2003,8
Liverpool,Danubio,2003-08-10,0,2,F,V,2003,8
Miramar Misiones,Deportivo Maldonado,2003-08-10,2,0,F,L,2003,8
Montevideo Wanderers,CA Penarol,2003-08-10,1,2,F,V,2003,8
Nacional,Plaza Colonia,2003-08-10,4,2,F,L,2003,8
Tacuarembo Futbol Club,Central Espanol,2003-08-10,0,2,F,V,2003,8
Bella Vista,CSyd Villa Espanola,2003-08-17,1,4,F,V,2003,8
CA Cerro,Plaza Colonia,2003-08-30,1,0,F,L,2003,8
CA Fenix,Miramar Misiones,2003-08-30,1,2,F,V,2003,8
CA Juventud,Bella Vista,2003-08-31,1,2,F,V,2003,8
CA Penarol,Danubio,2003-08-31,0,0,F,E,2003,8
CSyd Villa Espanola,Deportivo Maldonado,2003-08-31,0,1,F,V,2003,8
Central Espanol,Defensor Sporting,2003-08-31,2,1,F,L,2003,8
Montevideo Wanderers,Nacional,2003-08-31,1,2,F,V,2003,8
River Plate,Liverpool,2003-08-31,0,1,F,V,2003,8
Tacuarembo Futbol Club,Dep Colonia,2003-08-31,0,1,F,V,2003,8
Danubio,Defensor Sporting,2003-09-13,0,2,F,V,2003,9
Miramar Misiones,Nacional,2003-09-13,1,1,F,E,2003,9
Bella Vista,River Plate,2003-09-14,1,1,F,E,2003,9
CA Cerro,CA Fenix,2003-09-14,0,0,F,E,2003,9
CA Penarol,Deportivo Maldonado,2003-09-14,2,0,F,L,2003,9
CSyd Villa Espanola,CA Juventud,2003-09-14,1,3,F,V,2003,9
Dep Colonia,Liverpool,2003-09-14,1,2,F,V,2003,9
Plaza Colonia,Central Espanol,2003-09-14,0,2,F,V,2003,9
Tacuarembo Futbol Club,Montevideo Wanderers,2003-09-14,1,1,F,E,2003,9
Bella Vista,CA Penarol,2003-09-20,2,2,F,E,2003,9
Defensor Sporting,CA Cerro,2003-09-20,0,1,F,V,2003,9
Plaza Colonia,Tacuarembo Futbol Club,2003-09-20,0,2,F,V,2003,9
Central Espanol,CSyd Villa Espanola,2003-09-21,1,0,F,L,2003,9
Dep Colonia,CA Fenix,2003-09-21,0,1,F,V,2003,9
Deportivo Maldonado,Danubio,2003-09-21,1,1,F,E,2003,9
Liverpool,Nacional,2003-09-21,0,1,F,V,2003,9
Miramar Misiones,CA Juventud,2003-09-21,2,1,F,L,2003,9
Montevideo Wanderers,River Plate,2003-09-21,2,2,F,E,2003,9
CA Cerro,Central Espanol,2003-09-27,2,2,F,E,2003,9
Nacional,CA Fenix,2003-09-27,1,2,F,V,2003,9
CA Juventud,River Plate,2003-09-28,0,2,F,V,2003,9
CA Penarol,CSyd Villa Espanola,2003-09-28,2,0,F,L,2003,9
Danubio,Miramar Misiones,2003-09-28,2,1,F,L,2003,9
Defensor Sporting,Tacuarembo Futbol Club,2003-09-28,4,0,F,L,2003,9
Dep Colonia,Montevideo Wanderers,2003-09-28,0,1,F,V,2003,9
Deportivo Maldonado,Bella Vista,2003-09-28,0,0,F,E,2003,9
Liverpool,Plaza Colonia,2003-09-28,3,1,F,L,2003,9
CA Fenix,Deportivo Maldonado,2003-10-04,0,1,F,V,2003,10
CA Juventud,Tacuarembo Futbol Club,2003-10-04,3,1,F,L,2003,10
CA Penarol,Liverpool,2003-10-04,1,0,F,L,2003,10
CSyd Villa Espanola,Defensor Sporting,2003-10-04,0,1,F,V,2003,10
Central Espanol,Montevideo Wanderers,2003-10-04,0,1,F,V,2003,10
Danubio,CA Cerro,2003-10-04,1,3,F,V,2003,10
Dep Colonia,Plaza Colonia,2003-10-04,1,1,F,E,2003,10
Nacional,Bella Vista,2003-10-04,2,3,F,V,2003,10
River Plate,Miramar Misiones,2003-10-04,1,3,F,V,2003,10
Bella Vista,Liverpool,2003-10-11,1,2,F,V,2003,10
CA Penarol,Central Espanol,2003-10-11,3,1,F,L,2003,10
CSyd Villa Espanola,Tacuarembo Futbol Club,2003-10-11,0,0,F,E,2003,10
Danubio,CA Fenix,2003-10-11,1,1,F,E,2003,10
Defensor Sporting,River Plate,2003-10-11,3,3,F,E,2003,10
Dep Colonia,CA Cerro,2003-10-11,2,0,F,L,2003,10
Deportivo Maldonado,Montevideo Wanderers,2003-10-11,3,0,F,L,2003,10
Plaza Colonia,Miramar Misiones,2003-10-11,1,3,F,V,2003,10
CA Juventud,Nacional,2003-10-12,0,3,F,V,2003,10
Miramar Misiones,CA Cerro,2003-10-18,2,2,F,E,2003,10
CSyd Villa Espanola,CA Fenix,2003-10-19,1,2,F,V,2003,10
Central Espanol,CA Juventud,2003-10-19,2,1,F,L,2003,10
Dep Colonia,Bella Vista,2003-10-19,1,0,F,L,2003,10
Liverpool,Deportivo Maldonado,2003-10-19,0,0,F,E,2003,10
Montevideo Wanderers,Danubio,2003-10-19,1,1,F,E,2003,10
Nacional,Defensor Sporting,2003-10-19,2,2,F,E,2003,10
River Plate,Plaza Colonia,2003-10-19,3,2,F,L,2003,10
Tacuarembo Futbol Club,CA Penarol,2003-10-19,2,0,F,L,2003,10
Montevideo Wanderers,Miramar Misiones,2003-10-25,0,2,F,V,2003,10
Bella Vista,Plaza Colonia,2003-10-26,3,3,F,E,2003,10
CA Cerro,CA Penarol,2003-10-26,2,1,F,L,2003,10
CA Fenix,CA Juventud,2003-10-26,2,0,F,L,2003,10
Central Espanol,Nacional,2003-10-26,0,2,F,V,2003,10
Dep Colonia,Danubio,2003-10-26,1,1,F,E,2003,10
Liverpool,Defensor Sporting,2003-10-26,1,1,F,E,2003,10
River Plate,CSyd Villa Espanola,2003-10-26,2,0,F,L,2003,10
Tacuarembo Futbol Club,Deportivo Maldonado,2003-10-26,1,1,F,E,2003,10
Bella Vista,Danubio,2003-11-01,1,2,F,V,2003,11
CA Fenix,CA Penarol,2003-11-01,1,1,F,E,2003,11
CA Juventud,Defensor Sporting,2003-11-01,0,2,F,V,2003,11
CSyd Villa Espanola,Liverpool,2003-11-01,0,2,F,V,2003,11
Deportivo Maldonado,River Plate,2003-11-01,2,3,F,V,2003,11
Plaza Colonia,Montevideo Wanderers,2003-11-01,0,2,F,V,2003,11
Tacuarembo Futbol Club,Miramar Misiones,2003-11-01,0,1,F,V,2003,11
Dep Colonia,Central Espanol,2003-11-02,1,0,F,L,2003,11
Nacional,CA Cerro,2003-11-02,1,1,F,E,2003,11
CA Fenix,Liverpool,2003-11-07,1,0,F,L,2003,11
CA Cerro,River Plate,2003-11-08,1,0,F,L,2003,11
Central Espanol,Bella Vista,2003-11-08,0,1,F,V,2003,11
Dep Colonia,Deportivo Maldonado,2003-11-08,2,0,F,L,2003,11
Miramar Misiones,CSyd Villa Espanola,2003-11-08,3,2,F,L,2003,11
CA Juventud,Plaza Colonia,2003-11-09,2,3,F,V,2003,11
CA Penarol,Nacional,2003-11-09,3,1,F,L,2003,11
Danubio,Tacuarembo Futbol Club,2003-11-09,0,4,F,V,2003,11
Defensor Sporting,Montevideo Wanderers,2003-11-09,4,2,F,L,2003,11
Deportivo Maldonado,Nacional,2003-11-22,3,0,F,L,2003,11
CA Juventud,Liverpool,2003-11-23,2,5,F,V,2003,11
CA Penarol,Dep Colonia,2003-11-23,5,2,F,L,2003,11
CSyd Villa Espanola,Plaza Colonia,2003-11-23,0,0,F,E,2003,11
Central Espanol,Miramar Misiones,2003-11-23,1,0,F,L,2003,11
Danubio,River Plate,2003-11-23,2,0,F,L,2003,11
Defensor Sporting,Bella Vista,2003-11-23,1,1,F,E,2003,11
Montevideo Wanderers,CA Cerro,2003-11-23,1,1,F,E,2003,11
Tacuarembo Futbol Club,CA Fenix,2003-11-23,0,1,F,V,2003,11
CA Juventud,Montevideo Wanderers,2003-11-26,1,1,F,E,2003,11
Dep Colonia,CSyd Villa Espanola,2003-11-26,5,1,F,L,2003,11
Bella Vista,CA Fenix,2003-11-27,2,0,F,L,2003,11
CA Cerro,Tacuarembo Futbol Club,2003-11-27,2,2,F,E,2003,11
Liverpool,Central Espanol,2003-11-27,2,1,F,L,2003,11
Miramar Misiones,Defensor Sporting,2003-11-27,1,3,F,V,2003,11
Nacional,Danubio,2003-11-27,3,0,F,L,2003,11
Plaza Colonia,Deportivo Maldonado,2003-11-27,0,0,F,E,2003,11
River Plate,CA Penarol,2003-11-27,0,1,F,V,2003,11
CSyd Villa Espanola,Nacional,2003-11-29,0,0,F,E,2003,11
Danubio,Plaza Colonia,2003-11-29,1,0,F,L,2003,11
CA Fenix,Montevideo Wanderers,2003-11-30,2,2,F,E,2003,11
CA Juventud,Dep Colonia,2003-11-30,2,2,F,E,2003,11
Defensor Sporting,Deportivo Maldonado,2003-11-30,1,0,F,L,2003,11
Liverpool,CA Cerro,2003-11-30,1,0,F,L,2003,11
Miramar Misiones,CA Penarol,2003-11-30,1,3,F,V,2003,11
River Plate,Central Espanol,2003-11-30,2,1,F,L,2003,11
Tacuarembo Futbol Club,Bella Vista,2003-11-30,2,3,F,V,2003,11
CA Penarol,Defensor Sporting,2004-03-20,1,1,F,E,2004,3
Club Sportivo Cerrito,Rentistas,2004-03-20,1,1,F,E,2004,3
CA Fenix,CA Cerro,2004-03-21,4,2,F,L,2004,3
Central Espanol,Plaza Colonia,2004-03-21,2,1,F,L,2004,3
Liverpool,Bella Vista,2004-03-21,0,0,F,E,2004,3
Miramar Misiones,Deportivo Maldonado,2004-03-21,0,0,F,E,2004,3
Montevideo Wanderers,Dep Colonia,2004-03-21,1,1,F,E,2004,3
Nacional,Tacuarembo Futbol Club,2004-03-21,3,0,F,L,2004,3
Rocha Futbol Club,Danubio,2004-03-21,3,3,F,E,2004,3
Club Sportivo Cerrito,CA Fenix,2004-03-27,2,1,F,L,2004,3
Defensor Sporting,Rocha Futbol Club,2004-03-27,2,0,F,L,2004,3
Bella Vista,Dep Colonia,2004-03-28,1,0,F,L,2004,3
CA Cerro,Tacuarembo Futbol Club,2004-03-28,1,0,F,L,2004,3
Central Espanol,Miramar Misiones,2004-03-28,1,1,F,E,2004,3
Liverpool,Montevideo Wanderers,2004-03-28,2,0,F,L,2004,3
Plaza Colonia,Deportivo Maldonado,2004-03-28,2,2,F,E,2004,3
CA Fenix,Tacuarembo Futbol Club,2004-04-03,1,2,F,V,2004,4
Dep Colonia,CA Penarol,2004-04-03,1,0,F,L,2004,4
Deportivo Maldonado,Montevideo Wanderers,2004-04-03,0,1,F,V,2004,4
Rentistas,Plaza Colonia,2004-04-03,2,2,F,E,2004,4
Central Espanol,Club Sportivo Cerrito,2004-04-04,0,3,F,V,2004,4
Danubio,Defensor Sporting,2004-04-04,2,0,F,L,2004,4
Liverpool,Rocha Futbol Club,2004-04-04,2,0,F,L,2004,4
Miramar Misiones,Bella Vista,2004-04-04,4,1,F,L,2004,4
Nacional,CA Cerro,2004-04-04,1,0,F,L,2004,4
Rentistas,Nacional,2004-04-08,0,2,F,V,2004,4
Bella Vista,Club Sportivo Cerrito,2004-04-09,0,1,F,V,2004,4
Deportivo Maldonado,Liverpool,2004-04-10,2,2,F,E,2004,4
Miramar Misiones,Plaza Colonia,2004-04-10,3,2,F,L,2004,4
Danubio,Nacional,2004-04-11,1,0,F,L,2004,4
Defensor Sporting,CA Cerro,2004-04-11,0,1,F,V,2004,4
Dep Colonia,CA Fenix,2004-04-11,1,1,F,E,2004,4
Montevideo Wanderers,Rentistas,2004-04-11,1,0,F,L,2004,4
Rocha Futbol Club,Central Espanol,2004-04-11,0,0,F,E,2004,4
Tacuarembo Futbol Club,CA Penarol,2004-04-11,0,1,F,V,2004,4
CA Cerro,Central Espanol,2004-04-17,1,0,F,L,2004,4
Nacional,CA Fenix,2004-04-17,1,1,F,E,2004,4
Plaza Colonia,Liverpool,2004-04-17,2,2,F,E,2004,4
Bella Vista,Rocha Futbol Club,2004-04-18,1,1,F,E,2004,4
Club Sportivo Cerrito,Tacuarembo Futbol Club,2004-04-18,2,1,F,L,2004,4
Danubio,Dep Colonia,2004-04-18,1,1,F,E,2004,4
Defensor Sporting,Deportivo Maldonado,2004-04-18,0,0,F,E,2004,4
Montevideo Wanderers,Miramar Misiones,2004-04-18,0,0,F,E,2004,4
Rentistas,CA Penarol,2004-04-18,1,2,F,V,2004,4
CA Penarol,Danubio,2004-04-22,0,2,F,V,2004,4
Deportivo Maldonado,CA Penarol,2004-04-24,2,2,F,E,2004,4
Liverpool,Miramar Misiones,2004-04-24,1,1,F,E,2004,4
Montevideo Wanderers,Rocha Futbol Club,2004-04-24,1,2,F,V,2004,4
CA Cerro,Rentistas,2004-04-25,1,2,F,V,2004,4
Central Espanol,CA Fenix,2004-04-25,0,0,F,E,2004,4
Club Sportivo Cerrito,Nacional,2004-04-25,1,0,F,L,2004,4
Danubio,Bella Vista,2004-04-25,3,1,F,L,2004,4
Dep Colonia,Defensor Sporting,2004-04-25,2,2,F,E,2004,4
Tacuarembo Futbol Club,Plaza Colonia,2004-04-25,1,1,F,E,2004,4
CA Cerro,Rocha Futbol Club,2004-04-28,3,1,F,L,2004,4
Central Espanol,Danubio,2004-04-28,2,3,F,V,2004,4
Defensor Sporting,Liverpool,2004-04-28,0,4,F,V,2004,4
Miramar Misiones,Rentistas,2004-04-28,1,3,F,V,2004,4
Nacional,Montevideo Wanderers,2004-04-28,3,0,F,L,2004,4
Plaza Colonia,Dep Colonia,2004-04-28,2,2,F,E,2004,4
Tacuarembo Futbol Club,Deportivo Maldonado,2004-04-28,3,0,F,L,2004,4
CA Fenix,Danubio,2004-05-02,0,4,F,V,2004,5
CA Penarol,CA Cerro,2004-05-02,4,1,F,L,2004,5
Defensor Sporting,Club Sportivo Cerrito,2004-05-02,2,2,F,E,2004,5
Deportivo Maldonado,Dep Colonia,2004-05-02,0,1,F,V,2004,5
Miramar Misiones,Rocha Futbol Club,2004-05-02,2,3,F,V,2004,5
Plaza Colonia,Montevideo Wanderers,2004-05-02,0,1,F,V,2004,5
Rentistas,Bella Vista,2004-05-02,0,0,F,E,2004,5
Tacuarembo Futbol Club,Liverpool,2004-05-02,0,1,F,V,2004,5
CA Fenix,Bella Vista,2004-05-05,5,1,F,L,2004,5
Club Sportivo Cerrito,CA Penarol,2004-05-05,0,4,F,V,2004,5
Plaza Colonia,CA Cerro,2004-05-07,2,1,F,L,2004,5
Central Espanol,Dep Colonia,2004-05-08,1,2,F,V,2004,5
CA Fenix,Liverpool,2004-05-09,3,0,F,L,2004,5
Club Sportivo Cerrito,Rocha Futbol Club,2004-05-09,3,0,F,L,2004,5
Danubio,Miramar Misiones,2004-05-09,4,3,F,L,2004,5
Deportivo Maldonado,Bella Vista,2004-05-09,0,2,F,V,2004,5
Montevideo Wanderers,CA Penarol,2004-05-09,0,1,F,V,2004,5
Nacional,Defensor Sporting,2004-05-09,0,1,F,V,2004,5
Rentistas,Tacuarembo Futbol Club,2004-05-09,3,0,F,L,2004,5
CA Penarol,Bella Vista,2004-05-15,1,0,F,L,2004,5
Club Sportivo Cerrito,Plaza Colonia,2004-05-15,4,1,F,L,2004,5
Rentistas,Defensor Sporting,2004-05-15,1,1,F,E,2004,5
Tacuarembo Futbol Club,Danubio,2004-05-15,0,2,F,V,2004,5
CA Cerro,Liverpool,2004-05-16,1,1,F,E,2004,5
CA Fenix,Miramar Misiones,2004-05-16,1,0,F,L,2004,5
Central Espanol,Montevideo Wanderers,2004-05-16,1,2,F,V,2004,5
Dep Colonia,Rocha Futbol Club,2004-05-16,2,2,F,E,2004,5
Nacional,Deportivo Maldonado,2004-05-16,2,0,F,L,2004,5
Bella Vista,Central Espanol,2004-05-19,0,1,F,V,2004,5
Defensor Sporting,Tacuarembo Futbol Club,2004-05-19,2,4,F,V,2004,5
Deportivo Maldonado,Rentistas,2004-05-19,1,2,F,V,2004,5
Liverpool,Dep Colonia,2004-05-19,2,0,F,L,2004,5
Montevideo Wanderers,Club Sportivo Cerrito,2004-05-19,2,1,F,L,2004,5
Plaza Colonia,Nacional,2004-05-19,0,0,F,E,2004,5
Rocha Futbol Club,CA Fenix,2004-05-19,2,2,F,E,2004,5
Bella Vista,Nacional,2004-05-22,0,0,F,E,2004,5
Danubio,Club Sportivo Cerrito,2004-05-22,2,0,F,L,2004,5
Defensor Sporting,Plaza Colonia,2004-05-22,2,2,F,E,2004,5
Dep Colonia,CA Cerro,2004-05-23,1,4,F,V,2004,5
Deportivo Maldonado,Rocha Futbol Club,2004-05-23,0,2,F,V,2004,5
Liverpool,CA Penarol,2004-05-23,0,5,F,V,2004,5
Miramar Misiones,Tacuarembo Futbol Club,2004-05-23,1,0,F,L,2004,5
Montevideo Wanderers,CA Fenix,2004-05-23,0,0,F,E,2004,5
Rentistas,Central Espanol,2004-05-23,3,0,F,L,2004,5
Danubio,Liverpool,2004-05-29,1,0,F,L,2004,5
Rentistas,CA Fenix,2004-05-29,1,3,F,V,2004,5
Bella Vista,Plaza Colonia,2004-05-30,3,2,F,L,2004,5
Central Espanol,Defensor Sporting,2004-05-30,0,1,F,V,2004,5
Club Sportivo Cerrito,Miramar Misiones,2004-05-30,1,0,F,L,2004,5
Deportivo Maldonado,CA Cerro,2004-05-30,3,0,F,L,2004,5
Rocha Futbol Club,CA Penarol,2004-05-30,0,4,F,V,2004,5
Tacuarembo Futbol Club,Montevideo Wanderers,2004-05-30,1,3,F,V,2004,5
CA Penarol,Miramar Misiones,2004-06-05,2,3,F,V,2004,6
Nacional,Central Espanol,2004-06-05,3,2,F,L,2004,6
Nacional,Dep Colonia,2004-06-09,3,2,F,L,2004,6
Defensor Sporting,CA Fenix,2004-06-11,0,2,F,V,2004,6
Deportivo Maldonado,Danubio,2004-06-12,0,2,F,V,2004,6
Miramar Misiones,Dep Colonia,2004-06-12,1,1,F,E,2004,6
Tacuarembo Futbol Club,Central Espanol,2004-06-12,2,2,F,E,2004,6
Bella Vista,Montevideo Wanderers,2004-06-13,0,2,F,V,2004,6
CA Cerro,Club Sportivo Cerrito,2004-06-13,1,3,F,V,2004,6
CA Penarol,Nacional,2004-06-13,0,0,F,E,2004,6
Liverpool,Rentistas,2004-06-13,1,2,F,V,2004,6
Rocha Futbol Club,Plaza Colonia,2004-06-13,2,4,F,V,2004,6
Danubio,CA Cerro,2004-06-16,2,1,F,L,2004,6
Defensor Sporting,Miramar Misiones,2004-06-19,1,1,F,E,2004,6
Rentistas,Dep Colonia,2004-06-19,1,1,F,E,2004,6
Rocha Futbol Club,Nacional,2004-06-19,2,2,F,E,2004,6
CA Cerro,Montevideo Wanderers,2004-06-20,1,0,F,L,2004,6
CA Penarol,CA Fenix,2004-06-20,2,1,F,L,2004,6
Club Sportivo Cerrito,Liverpool,2004-06-20,0,2,F,V,2004,6
Deportivo Maldonado,Central Espanol,2004-06-20,1,1,F,E,2004,6
Plaza Colonia,Danubio,2004-06-20,0,0,F,E,2004,6
Tacuarembo Futbol Club,Bella Vista,2004-06-20,2,3,F,V,2004,6
Miramar Misiones,Nacional,2004-06-22,2,4,F,V,2004,6
Bella Vista,CA Cerro,2004-06-23,1,2,F,V,2004,6
CA Fenix,Deportivo Maldonado,2004-06-23,1,1,F,E,2004,6
CA Penarol,Plaza Colonia,2004-06-23,4,4,F,E,2004,6
Danubio,Rentistas,2004-06-23,0,0,F,E,2004,6
Dep Colonia,Club Sportivo Cerrito,2004-06-23,0,1,F,V,2004,6
Liverpool,Central Espanol,2004-06-23,1,0,F,L,2004,6
Montevideo Wanderers,Defensor Sporting,2004-06-23,1,5,F,V,2004,6
Rocha Futbol Club,Tacuarembo Futbol Club,2004-06-23,1,1,F,E,2004,6
Central Espanol,CA Penarol,2004-08-28,1,1,F,E,2004,8
CA Cerro,Miramar Misiones,2004-08-29,0,1,F,V,2004,8
Defensor Sporting,Bella Vista,2004-08-29,2,1,F,L,2004,8
Dep Colonia,Tacuarembo Futbol Club,2004-08-29,1,1,F,E,2004,8
Deportivo Maldonado,Club Sportivo Cerrito,2004-08-29,0,0,F,E,2004,8
Montevideo Wanderers,Danubio,2004-08-29,0,0,F,E,2004,8
Nacional,Liverpool,2004-08-29,2,3,F,V,2004,8
Plaza Colonia,CA Fenix,2004-08-29,2,1,F,L,2004,8
Rocha Futbol Club,Rentistas,2004-08-29,1,1,F,E,2004,8
CA Cerro,Dep Colonia,2004-09-01,0,0,F,E,2004,9
Defensor Sporting,Plaza Colonia,2004-09-01,1,1,F,E,2004,9
Dep Colonia,Defensor Sporting,2004-09-04,0,2,F,V,2004,9
Plaza Colonia,CA Cerro,2004-09-04,0,0,F,E,2004,9
Defensor Sporting,CA Cerro,2004-09-07,0,0,F,E,2004,9
Dep Colonia,Plaza Colonia,2004-09-07,0,1,F,V,2004,9
Rentistas,Nacional,2004-09-11,0,1,F,V,2004,9
CA Fenix,Plaza Colonia,2004-09-12,0,0,F,E,2004,9
Club Sportivo Cerrito,CA Penarol,2004-09-12,1,1,F,E,2004,9
Defensor Sporting,Liverpool,2004-09-12,1,1,F,E,2004,9
Montevideo Wanderers,Danubio,2004-09-12,1,1,F,E,2004,9
CA Penarol,Montevideo Wanderers,2004-09-14,0,0,F,E,2004,9
Plaza Colonia,Rentistas,2004-09-14,1,1,F,E,2004,9
Defensor Sporting,Club Sportivo Cerrito,2004-09-15,4,0,F,L,2004,9
Liverpool,CA Fenix,2004-09-15,1,1,F,E,2004,9
Nacional,Danubio,2004-09-15,1,1,F,E,2004,9
Club Sportivo Cerrito,Rentistas,2004-09-17,2,3,F,V,2004,9
CA Penarol,Liverpool,2004-09-18,3,3,F,E,2004,9
Danubio,CA Fenix,2004-09-18,3,1,F,L,2004,9
Montevideo Wanderers,Plaza Colonia,2004-09-19,1,0,F,L,2004,9
Nacional,Defensor Sporting,2004-09-19,0,0,F,E,2004,9
Plaza Colonia,CA Penarol,2004-09-25,0,2,F,V,2004,9
Rentistas,Defensor Sporting,2004-09-25,1,2,F,V,2004,9
CA Fenix,Nacional,2004-09-26,0,3,F,V,2004,9
Danubio,Club Sportivo Cerrito,2004-09-26,1,0,F,L,2004,9
Liverpool,Montevideo Wanderers,2004-09-26,2,2,F,E,2004,9
Plaza Colonia,Danubio,2004-09-28,0,0,F,E,2004,9
CA Fenix,Club Sportivo Cerrito,2004-09-29,0,1,F,V,2004,9
Defensor Sporting,CA Penarol,2004-09-29,2,1,F,L,2004,9
Liverpool,Nacional,2004-09-29,1,4,F,V,2004,9
Rentistas,Montevideo Wanderers,2004-09-29,2,1,F,L,2004,9
CA Penarol,CA Fenix,2004-10-02,5,3,F,L,2004,10
Club Sportivo Cerrito,Liverpool,2004-10-03,0,1,F,V,2004,10
Danubio,Rentistas,2004-10-03,2,1,F,L,2004,10
Montevideo Wanderers,Defensor Sporting,2004-10-03,1,2,F,V,2004,10
Nacional,Plaza Colonia,2004-10-03,2,2,F,E,2004,10
CA Penarol,Rentistas,2004-10-16,3,1,F,L,2004,10
Defensor Sporting,Danubio,2004-10-16,0,1,F,V,2004,10
CA Fenix,Montevideo Wanderers,2004-10-17,0,0,F,E,2004,10
Liverpool,Plaza Colonia,2004-10-17,3,1,F,L,2004,10
Nacional,Club Sportivo Cerrito,2004-10-17,1,0,F,L,2004,10
Liverpool,Danubio,2004-10-23,1,0,F,L,2004,10
CA Penarol,Nacional,2004-10-24,1,2,F,V,2004,10
Montevideo Wanderers,Club Sportivo Cerrito,2004-10-24,0,3,F,V,2004,10
Plaza Colonia,Defensor Sporting,2004-10-24,1,2,F,V,2004,10
Rentistas,CA Fenix,2004-10-24,1,1,F,E,2004,10
Plaza Colonia,Club Sportivo Cerrito,2004-10-26,3,1,F,L,2004,10
Danubio,CA Penarol,2004-10-27,2,0,F,L,2004,10
Defensor Sporting,CA Fenix,2004-10-27,5,1,F,L,2004,10
Montevideo Wanderers,Nacional,2004-10-27,1,3,F,V,2004,10
Rentistas,Liverpool,2004-10-27,3,0,F,L,2004,10
CA Penarol,Club Sportivo Cerrito,2004-11-02,2,1,F,L,2004,11
Plaza Colonia,CA Fenix,2004-11-02,3,3,F,E,2004,11
Danubio,Montevideo Wanderers,2004-11-03,2,1,F,L,2004,11
Liverpool,Defensor Sporting,2004-11-03,1,2,F,V,2004,11
Nacional,Rentistas,2004-11-03,6,1,F,L,2004,11
CA Fenix,Liverpool,2004-11-06,2,3,F,V,2004,11
Club Sportivo Cerrito,Defensor Sporting,2004-11-06,0,2,F,V,2004,11
Danubio,Nacional,2004-11-06,2,1,F,L,2004,11
Montevideo Wanderers,CA Penarol,2004-11-06,1,2,F,V,2004,11
Rentistas,Plaza Colonia,2004-11-06,2,1,F,L,2004,11
CA Fenix,Danubio,2004-11-09,1,2,F,V,2004,11
Defensor Sporting,Nacional,2004-11-09,2,1,F,L,2004,11
Liverpool,CA Penarol,2004-11-09,4,0,F,L,2004,11
Plaza Colonia,Montevideo Wanderers,2004-11-09,0,1,F,V,2004,11
Rentistas,Club Sportivo Cerrito,2004-11-09,1,1,F,E,2004,11
Club Sportivo Cerrito,Danubio,2004-11-20,0,2,F,V,2004,11
Nacional,CA Fenix,2004-11-20,2,1,F,L,2004,11
CA Penarol,Plaza Colonia,2004-11-21,3,1,F,L,2004,11
Defensor Sporting,Rentistas,2004-11-21,0,0,F,E,2004,11
Montevideo Wanderers,Liverpool,2004-11-21,0,2,F,V,2004,11
CA Penarol,Defensor Sporting,2004-11-24,1,1,F,E,2004,11
Club Sportivo Cerrito,CA Fenix,2004-11-24,2,4,F,V,2004,11
Danubio,Plaza Colonia,2004-11-24,1,0,F,L,2004,11
Montevideo Wanderers,Rentistas,2004-11-24,0,0,F,E,2004,11
Nacional,Liverpool,2004-11-24,2,1,F,L,2004,11
Plaza Colonia,Nacional,2004-11-27,1,1,F,E,2004,11
Rentistas,Danubio,2004-11-27,2,1,F,L,2004,11
CA Fenix,CA Penarol,2004-11-28,0,3,F,V,2004,11
Defensor Sporting,Montevideo Wanderers,2004-11-28,2,1,F,L,2004,11
Liverpool,Club Sportivo Cerrito,2004-11-28,2,3,F,V,2004,11
Club Sportivo Cerrito,Nacional,2004-12-01,2,2,F,E,2004,12
Danubio,Defensor Sporting,2004-12-01,0,0,F,E,2004,12
Montevideo Wanderers,CA Fenix,2004-12-01,1,1,F,E,2004,12
Plaza Colonia,Liverpool,2004-12-01,1,2,F,V,2004,12
Rentistas,CA Penarol,2004-12-01,2,2,F,E,2004,12
CA Fenix,Rentistas,2004-12-04,4,0,F,L,2004,12
Club Sportivo Cerrito,Montevideo Wanderers,2004-12-04,0,1,F,V,2004,12
Danubio,Liverpool,2004-12-05,2,0,F,L,2004,12
Defensor Sporting,Plaza Colonia,2004-12-05,1,0,F,L,2004,12
Nacional,CA Penarol,2004-12-05,3,2,F,L,2004,12
CA Fenix,Defensor Sporting,2004-12-08,0,0,F,E,2004,12
CA Penarol,Danubio,2004-12-08,1,5,F,V,2004,12
Club Sportivo Cerrito,Plaza Colonia,2004-12-08,2,0,F,L,2004,12
Liverpool,Rentistas,2004-12-08,2,0,F,L,2004,12
Nacional,Montevideo Wanderers,2004-12-08,0,0,F,E,2004,12
Nacional,Danubio,2004-12-12,4,1,F,L,2004,12
Danubio,Nacional,2004-12-15,1,0,F,L,2004,12
CA Penarol,Tacuarembo Futbol Club,2005-03-05,2,2,F,E,2005,3
Club Sportivo Cerrito,CA Cerro,2005-03-05,2,2,F,E,2005,3
Paysandu FC,Rocha Futbol Club,2005-03-05,3,3,F,E,2005,3
CA Fenix,Miramar Misiones,2005-03-06,2,0,F,L,2005,3
Defensor Sporting,River Plate,2005-03-06,4,2,F,L,2005,3
Dep Colonia,Montevideo Wanderers,2005-03-06,2,0,F,L,2005,3
Liverpool,Plaza Colonia,2005-03-06,3,0,F,L,2005,3
Nacional,Rampla Juniors Futbol Club,2005-03-06,3,1,F,L,2005,3
Rentistas,Danubio,2005-03-06,1,2,F,V,2005,3
Danubio,Tacuarembo Futbol Club,2005-03-12,0,1,F,V,2005,3
Dep Colonia,CA Penarol,2005-03-12,0,3,F,V,2005,3
Liverpool,Rocha Futbol Club,2005-03-12,1,2,F,V,2005,3
CA Cerro,Montevideo Wanderers,2005-03-13,1,2,F,V,2005,3
Club Sportivo Cerrito,Paysandu FC,2005-03-13,2,1,F,L,2005,3
Defensor Sporting,Rampla Juniors Futbol Club,2005-03-13,3,1,F,L,2005,3
Nacional,River Plate,2005-03-13,2,0,F,L,2005,3
Plaza Colonia,CA Fenix,2005-03-13,0,0,F,E,2005,3
Rentistas,Miramar Misiones,2005-03-13,2,2,F,E,2005,3
Montevideo Wanderers,Tacuarembo Futbol Club,2005-03-19,2,0,F,L,2005,3
Plaza Colonia,Nacional,2005-03-19,1,4,F,V,2005,3
Rocha Futbol Club,Rentistas,2005-03-19,1,1,F,E,2005,3
CA Cerro,CA Fenix,2005-03-20,2,3,F,V,2005,3
CA Penarol,Defensor Sporting,2005-03-20,1,1,F,E,2005,3
Danubio,Miramar Misiones,2005-03-20,5,2,F,L,2005,3
Dep Colonia,Paysandu FC,2005-03-20,1,1,F,E,2005,3
Liverpool,Rampla Juniors Futbol Club,2005-03-20,1,0,F,L,2005,3
River Plate,Club Sportivo Cerrito,2005-03-20,2,1,F,L,2005,3
CA Penarol,Rentistas,2005-04-02,2,2,F,E,2005,4
Club Sportivo Cerrito,CA Fenix,2005-04-02,2,0,F,L,2005,4
Tacuarembo Futbol Club,Plaza Colonia,2005-04-02,2,1,F,L,2005,4
Danubio,Nacional,2005-04-03,1,1,F,E,2005,4
Defensor Sporting,Dep Colonia,2005-04-03,2,0,F,L,2005,4
Miramar Misiones,Paysandu FC,2005-04-03,4,1,F,L,2005,4
Montevideo Wanderers,Liverpool,2005-04-03,2,4,F,V,2005,4
Rampla Juniors Futbol Club,CA Cerro,2005-04-03,2,1,F,L,2005,4
River Plate,Rocha Futbol Club,2005-04-03,0,1,F,V,2005,4
CA Fenix,Danubio,2005-04-09,2,0,F,L,2005,4
Plaza Colonia,Club Sportivo Cerrito,2005-04-09,0,0,F,E,2005,4
Rocha Futbol Club,CA Penarol,2005-04-09,0,1,F,V,2005,4
Defensor Sporting,Montevideo Wanderers,2005-04-10,2,2,F,E,2005,4
Dep Colonia,Liverpool,2005-04-10,1,2,F,V,2005,4
Miramar Misiones,River Plate,2005-04-10,1,2,F,V,2005,4
Paysandu FC,CA Cerro,2005-04-10,2,2,F,E,2005,4
Rampla Juniors Futbol Club,Tacuarembo Futbol Club,2005-04-10,1,2,F,V,2005,4
Rentistas,Nacional,2005-04-10,1,5,F,V,2005,4
Danubio,Liverpool,2005-04-16,1,1,F,E,2005,4
Paysandu FC,CA Penarol,2005-04-16,1,2,F,V,2005,4
Plaza Colonia,River Plate,2005-04-16,0,3,F,V,2005,4
CA Cerro,Miramar Misiones,2005-04-17,0,3,F,V,2005,4
Defensor Sporting,Tacuarembo Futbol Club,2005-04-17,1,0,F,L,2005,4
Montevideo Wanderers,Rampla Juniors Futbol Club,2005-04-17,3,1,F,L,2005,4
Nacional,Dep Colonia,2005-04-17,3,2,F,L,2005,4
Rentistas,Club Sportivo Cerrito,2005-04-17,2,0,F,L,2005,4
Rocha Futbol Club,CA Fenix,2005-04-17,1,1,F,E,2005,4
Defensor Sporting,CA Cerro,2005-04-23,2,2,F,E,2005,4
Paysandu FC,Liverpool,2005-04-23,1,3,F,V,2005,4
Rampla Juniors Futbol Club,CA Penarol,2005-04-23,2,2,F,E,2005,4
CA Fenix,Montevideo Wanderers,2005-04-24,4,4,F,E,2005,4
Club Sportivo Cerrito,Dep Colonia,2005-04-24,0,1,F,V,2005,4
Miramar Misiones,Rocha Futbol Club,2005-04-24,1,2,F,V,2005,4
Plaza Colonia,Danubio,2005-04-24,0,2,F,V,2005,4
Rentistas,River Plate,2005-04-24,3,3,F,E,2005,4
Tacuarembo Futbol Club,Nacional,2005-04-24,0,1,F,V,2005,4
Defensor Sporting,Nacional,2005-04-29,1,1,F,E,2005,4
CA Fenix,Liverpool,2005-04-30,2,0,F,L,2005,4
Club Sportivo Cerrito,CA Penarol,2005-04-30,3,0,F,L,2005,4
Danubio,CA Cerro,2005-04-30,2,0,F,L,2005,4
Dep Colonia,River Plate,2005-04-30,1,1,F,E,2005,4
Plaza Colonia,Paysandu FC,2005-04-30,0,0,F,E,2005,4
Rentistas,Montevideo Wanderers,2005-04-30,5,1,F,L,2005,4
Rocha Futbol Club,Rampla Juniors Futbol Club,2005-04-30,1,0,F,L,2005,4
Tacuarembo Futbol Club,Miramar Misiones,2005-04-30,1,2,F,V,2005,4
CA Cerro,Liverpool,2005-05-11,0,1,F,V,2005,5
CA Fenix,Paysandu FC,2005-05-11,1,2,F,V,2005,5
CA Penarol,Plaza Colonia,2005-05-11,1,0,F,L,2005,5
Club Sportivo Cerrito,Rampla Juniors Futbol Club,2005-05-11,4,2,F,L,2005,5
Dep Colonia,Miramar Misiones,2005-05-11,1,2,F,V,2005,5
Montevideo Wanderers,Nacional,2005-05-11,1,2,F,V,2005,5
Rentistas,Defensor Sporting,2005-05-11,0,0,F,E,2005,5
Rocha Futbol Club,Tacuarembo Futbol Club,2005-05-11,0,0,F,E,2005,5
Miramar Misiones,Rampla Juniors Futbol Club,2005-05-14,3,1,F,L,2005,5
Nacional,Paysandu FC,2005-05-14,1,0,F,L,2005,5
Rocha Futbol Club,Defensor Sporting,2005-05-14,2,3,F,V,2005,5
CA Cerro,Plaza Colonia,2005-05-15,2,0,F,L,2005,5
Danubio,Dep Colonia,2005-05-15,2,0,F,L,2005,5
Liverpool,CA Penarol,2005-05-15,1,3,F,V,2005,5
Montevideo Wanderers,Club Sportivo Cerrito,2005-05-15,2,1,F,L,2005,5
Rentistas,Tacuarembo Futbol Club,2005-05-15,1,1,F,E,2005,5
River Plate,CA Fenix,2005-05-15,5,1,F,L,2005,5
River Plate,Danubio,2005-05-18,0,2,F,V,2005,5
Liverpool,Rentistas,2005-05-21,2,0,F,L,2005,5
Nacional,CA Cerro,2005-05-21,1,0,F,L,2005,5
Tacuarembo Futbol Club,CA Fenix,2005-05-21,0,1,F,V,2005,5
Danubio,Defensor Sporting,2005-05-22,0,2,F,V,2005,5
Miramar Misiones,Montevideo Wanderers,2005-05-22,1,2,F,V,2005,5
Plaza Colonia,Dep Colonia,2005-05-22,2,0,F,L,2005,5
Rampla Juniors Futbol Club,Paysandu FC,2005-05-22,1,0,F,L,2005,5
River Plate,CA Penarol,2005-05-22,0,1,F,V,2005,5
Rocha Futbol Club,Club Sportivo Cerrito,2005-05-22,2,1,F,L,2005,5
Nacional,Liverpool,2005-05-24,1,1,F,E,2005,5
CA Penarol,Danubio,2005-05-25,2,1,F,L,2005,5
Defensor Sporting,Paysandu FC,2005-05-25,4,1,F,L,2005,5
Miramar Misiones,Plaza Colonia,2005-05-25,1,2,F,V,2005,5
Montevideo Wanderers,Rocha Futbol Club,2005-05-25,2,2,F,E,2005,5
Rampla Juniors Futbol Club,CA Fenix,2005-05-25,0,0,F,E,2005,5
Rentistas,Dep Colonia,2005-05-25,4,0,F,L,2005,5
River Plate,CA Cerro,2005-05-25,3,1,F,L,2005,5
Tacuarembo Futbol Club,Club Sportivo Cerrito,2005-05-25,1,1,F,E,2005,5
Danubio,Rocha Futbol Club,2005-05-28,1,0,F,L,2005,5
Paysandu FC,Montevideo Wanderers,2005-05-28,2,2,F,E,2005,5
Liverpool,Club Sportivo Cerrito,2005-05-29,0,1,F,V,2005,5
Plaza Colonia,Defensor Sporting,2005-05-29,0,3,F,V,2005,5
Rampla Juniors Futbol Club,Rentistas,2005-05-29,1,4,F,V,2005,5
Tacuarembo Futbol Club,River Plate,2005-05-29,3,1,F,L,2005,5
CA Cerro,Dep Colonia,2005-06-01,4,2,F,L,2005,6
CA Fenix,CA Penarol,2005-06-01,0,1,F,V,2005,6
CA Fenix,Defensor Sporting,2005-06-11,0,1,F,V,2005,6
Dep Colonia,Rampla Juniors Futbol Club,2005-06-11,1,3,F,V,2005,6
Plaza Colonia,Rentistas,2005-06-11,1,0,F,L,2005,6
River Plate,Montevideo Wanderers,2005-06-11,4,2,F,L,2005,6
CA Penarol,Nacional,2005-06-12,2,2,F,E,2005,6
Club Sportivo Cerrito,Danubio,2005-06-12,0,0,F,E,2005,6
Liverpool,Miramar Misiones,2005-06-12,1,5,F,V,2005,6
Paysandu FC,Tacuarembo Futbol Club,2005-06-12,0,1,F,V,2005,6
Rocha Futbol Club,CA Cerro,2005-06-12,1,1,F,E,2005,6
Miramar Misiones,Nacional,2005-06-15,1,3,F,V,2005,6
CA Cerro,CA Penarol,2005-06-18,0,2,F,V,2005,6
Dep Colonia,Rocha Futbol Club,2005-06-18,1,1,F,E,2005,6
River Plate,Rampla Juniors Futbol Club,2005-06-18,2,2,F,E,2005,6
CA Fenix,Rentistas,2005-06-19,1,2,F,V,2005,6
Miramar Misiones,Defensor Sporting,2005-06-19,1,2,F,V,2005,6
Montevideo Wanderers,Plaza Colonia,2005-06-19,0,2,F,V,2005,6
Nacional,Club Sportivo Cerrito,2005-06-19,2,2,F,E,2005,6
Paysandu FC,Danubio,2005-06-19,1,3,F,V,2005,6
Tacuarembo Futbol Club,Liverpool,2005-06-19,2,2,F,E,2005,6
CA Penarol,Montevideo Wanderers,2005-06-25,2,1,F,L,2005,6
Miramar Misiones,Club Sportivo Cerrito,2005-06-25,1,1,F,E,2005,6
Tacuarembo Futbol Club,Dep Colonia,2005-06-25,0,0,F,E,2005,6
CA Cerro,Rentistas,2005-06-26,0,1,F,V,2005,6
Defensor Sporting,Liverpool,2005-06-26,1,0,F,L,2005,6
Nacional,CA Fenix,2005-06-26,4,0,F,L,2005,6
Rampla Juniors Futbol Club,Danubio,2005-06-26,1,1,F,E,2005,6
River Plate,Paysandu FC,2005-06-26,3,4,F,V,2005,6
Rocha Futbol Club,Plaza Colonia,2005-06-26,6,1,F,L,2005,6
CA Penarol,Miramar Misiones,2005-07-02,1,1,F,E,2005,7
Montevideo Wanderers,Danubio,2005-07-02,2,0,F,L,2005,7
Paysandu FC,Rentistas,2005-07-02,3,1,F,L,2005,7
CA Cerro,Tacuarembo Futbol Club,2005-07-03,2,1,F,L,2005,7
CA Fenix,Dep Colonia,2005-07-03,1,2,F,V,2005,7
Club Sportivo Cerrito,Defensor Sporting,2005-07-03,0,1,F,V,2005,7
Liverpool,River Plate,2005-07-03,3,3,F,E,2005,7
Nacional,Rocha Futbol Club,2005-07-03,3,2,F,L,2005,7
Rampla Juniors Futbol Club,Plaza Colonia,2005-07-03,0,0,F,E,2005,7
Club Sportivo Cerrito,Defensor Sporting,2005-08-20,2,1,F,L,2005,8
Danubio,Rentistas,2005-08-20,0,1,F,V,2005,8
Paysandu FC,Montevideo Wanderers,2005-08-20,2,0,F,L,2005,8
CA Fenix,CA Cerro,2005-08-21,1,1,F,E,2005,8
Rampla Juniors Futbol Club,Dep Colonia,2005-08-21,3,5,F,V,2005,8
River Plate,Miramar Misiones,2005-08-21,0,3,F,V,2005,8
Rocha Futbol Club,Liverpool,2005-08-21,2,1,F,L,2005,8
Nacional,Plaza Colonia,2005-08-25,4,1,F,L,2005,8
Danubio,Rocha Futbol Club,2005-08-27,1,2,F,V,2005,8
Dep Colonia,Defensor Sporting,2005-08-27,0,0,F,E,2005,8
River Plate,CA Penarol,2005-08-27,0,1,F,V,2005,8
CA Fenix,Montevideo Wanderers,2005-08-28,2,2,F,E,2005,8
Liverpool,Rentistas,2005-08-28,1,2,F,V,2005,8
Miramar Misiones,Rampla Juniors Futbol Club,2005-08-28,0,0,F,E,2005,8
Nacional,CA Cerro,2005-08-28,2,1,F,L,2005,8
Plaza Colonia,Paysandu FC,2005-08-28,2,2,F,E,2005,8
Tacuarembo Futbol Club,Club Sportivo Cerrito,2005-08-28,1,1,F,E,2005,8
CA Penarol,Tacuarembo Futbol Club,2005-08-31,0,0,F,E,2005,8
Nacional,Paysandu FC,2005-09-10,5,0,F,L,2005,9
Tacuarembo Futbol Club,CA Fenix,2005-09-10,1,0,F,L,2005,9
CA Cerro,Rampla Juniors Futbol Club,2005-09-11,2,1,F,L,2005,9
CA Penarol,Miramar Misiones,2005-09-11,0,2,F,V,2005,9
Danubio,Club Sportivo Cerrito,2005-09-11,2,0,F,L,2005,9
Defensor Sporting,Liverpool,2005-09-11,1,2,F,V,2005,9
Montevideo Wanderers,Plaza Colonia,2005-09-11,3,2,F,L,2005,9
Rentistas,Rocha Futbol Club,2005-09-11,1,0,F,L,2005,9
River Plate,Dep Colonia,2005-09-11,1,1,F,E,2005,9
CA Cerro,CA Penarol,2005-09-17,0,0,F,E,2005,9
Club Sportivo Cerrito,River Plate,2005-09-17,0,0,F,E,2005,9
Dep Colonia,Miramar Misiones,2005-09-17,3,2,F,L,2005,9
Paysandu FC,Rentistas,2005-09-17,0,1,F,V,2005,9
Rocha Futbol Club,Tacuarembo Futbol Club,2005-09-17,1,1,F,E,2005,9
CA Fenix,Danubio,2005-09-18,0,2,F,V,2005,9
Defensor Sporting,Montevideo Wanderers,2005-09-18,0,0,F,E,2005,9
Plaza Colonia,Liverpool,2005-09-18,0,0,F,E,2005,9
Rampla Juniors Futbol Club,Nacional,2005-09-18,3,0,F,L,2005,9
CA Cerro,Montevideo Wanderers,2005-09-21,2,4,F,V,2005,9
CA Penarol,CA Fenix,2005-09-21,3,2,F,L,2005,9
Club Sportivo Cerrito,Nacional,2005-09-21,1,1,F,E,2005,9
Danubio,Defensor Sporting,2005-09-21,0,1,F,V,2005,9
Dep Colonia,Rocha Futbol Club,2005-09-21,2,0,F,L,2005,9
Liverpool,Paysandu FC,2005-09-21,3,1,F,L,2005,9
Miramar Misiones,Tacuarembo Futbol Club,2005-09-21,1,1,F,E,2005,9
Rampla Juniors Futbol Club,Plaza Colonia,2005-09-21,5,1,F,L,2005,9
Rentistas,River Plate,2005-09-21,1,2,F,V,2005,9
Montevideo Wanderers,Club Sportivo Cerrito,2005-09-24,3,2,F,L,2005,9
Paysandu FC,CA Penarol,2005-09-24,1,3,F,V,2005,9
Rocha Futbol Club,CA Cerro,2005-09-24,4,1,F,L,2005,9
CA Fenix,Nacional,2005-09-25,1,2,F,V,2005,9
Miramar Misiones,Liverpool,2005-09-25,0,1,F,V,2005,9
Plaza Colonia,Defensor Sporting,2005-09-25,1,1,F,E,2005,9
Rampla Juniors Futbol Club,Danubio,2005-09-25,2,0,F,L,2005,9
Rentistas,Dep Colonia,2005-09-25,0,1,F,V,2005,9
Tacuarembo Futbol Club,River Plate,2005-09-25,0,3,F,V,2005,9
Nacional,Tacuarembo Futbol Club,2005-10-01,1,0,F,L,2005,10
Paysandu FC,Rampla Juniors Futbol Club,2005-10-01,0,2,F,V,2005,10
River Plate,Rocha Futbol Club,2005-10-01,2,1,F,L,2005,10
CA Fenix,Dep Colonia,2005-10-02,2,2,F,E,2005,10
Club Sportivo Cerrito,Plaza Colonia,2005-10-02,0,1,F,V,2005,10
Danubio,CA Cerro,2005-10-02,2,3,F,V,2005,10
Defensor Sporting,CA Penarol,2005-10-02,1,1,F,E,2005,10
Liverpool,Montevideo Wanderers,2005-10-02,3,3,F,E,2005,10
Miramar Misiones,Rentistas,2005-10-02,0,1,F,V,2005,10
CA Cerro,River Plate,2005-10-15,1,1,F,E,2005,10
CA Penarol,Dep Colonia,2005-10-15,4,1,F,L,2005,10
CA Fenix,Club Sportivo Cerrito,2005-10-16,0,1,F,V,2005,10
Defensor Sporting,Rocha Futbol Club,2005-10-16,0,2,F,V,2005,10
Montevideo Wanderers,Miramar Misiones,2005-10-16,1,1,F,E,2005,10
Nacional,Rentistas,2005-10-16,1,0,F,L,2005,10
Plaza Colonia,Danubio,2005-10-16,0,0,F,E,2005,10
Rampla Juniors Futbol Club,Liverpool,2005-10-16,2,2,F,E,2005,10
Tacuarembo Futbol Club,Paysandu FC,2005-10-16,1,0,F,L,2005,10
Club Sportivo Cerrito,Rampla Juniors Futbol Club,2005-10-22,3,2,F,L,2005,10
Nacional,River Plate,2005-10-22,0,0,F,E,2005,10
Paysandu FC,CA Cerro,2005-10-22,1,1,F,E,2005,10
Defensor Sporting,CA Fenix,2005-10-23,1,2,F,V,2005,10
Dep Colonia,Montevideo Wanderers,2005-10-23,1,1,F,E,2005,10
Liverpool,CA Penarol,2005-10-23,1,2,F,V,2005,10
Miramar Misiones,Danubio,2005-10-23,3,3,F,E,2005,10
Rentistas,Tacuarembo Futbol Club,2005-10-23,1,3,F,V,2005,10
Rocha Futbol Club,Plaza Colonia,2005-10-23,3,0,F,L,2005,10
CA Cerro,Plaza Colonia,2005-10-29,2,0,F,L,2005,10
Dep Colonia,Nacional,2005-10-29,0,0,F,E,2005,10
Rocha Futbol Club,Club Sportivo Cerrito,2005-10-29,2,0,F,L,2005,10
CA Fenix,Liverpool,2005-10-30,0,1,F,V,2005,10
Miramar Misiones,Paysandu FC,2005-10-30,0,0,F,E,2005,10
Montevideo Wanderers,Danubio,2005-10-30,1,2,F,V,2005,10
Rampla Juniors Futbol Club,River Plate,2005-10-30,1,4,F,V,2005,10
Rentistas,CA Penarol,2005-10-30,3,0,F,L,2005,10
Tacuarembo Futbol Club,Defensor Sporting,2005-10-30,1,0,F,L,2005,10
CA Penarol,Rampla Juniors Futbol Club,2005-11-02,1,0,F,L,2005,11
Club Sportivo Cerrito,Miramar Misiones,2005-11-02,1,1,F,E,2005,11
Danubio,Dep Colonia,2005-11-02,3,0,F,L,2005,11
Defensor Sporting,Rentistas,2005-11-02,2,2,F,E,2005,11
Liverpool,CA Cerro,2005-11-02,1,1,F,E,2005,11
Paysandu FC,CA Fenix,2005-11-02,2,2,F,E,2005,11
Plaza Colonia,Tacuarembo Futbol Club,2005-11-02,1,0,F,L,2005,11
River Plate,Montevideo Wanderers,2005-11-02,0,0,F,E,2005,11
Rocha Futbol Club,Nacional,2005-11-02,2,4,F,V,2005,11
CA Penarol,Danubio,2005-11-05,2,7,F,V,2005,11
Dep Colonia,Plaza Colonia,2005-11-05,0,0,F,E,2005,11
Rampla Juniors Futbol Club,Defensor Sporting,2005-11-05,1,2,F,V,2005,11
Rentistas,Club Sportivo Cerrito,2005-11-05,1,3,F,V,2005,11
Liverpool,Tacuarembo Futbol Club,2005-11-06,0,0,F,E,2005,11
Miramar Misiones,CA Cerro,2005-11-06,1,0,F,L,2005,11
Nacional,Montevideo Wanderers,2005-11-06,5,1,F,L,2005,11
Paysandu FC,Rocha Futbol Club,2005-11-06,2,3,F,V,2005,11
River Plate,CA Fenix,2005-11-06,4,2,F,L,2005,11
Club Sportivo Cerrito,Dep Colonia,2005-11-19,1,1,F,E,2005,11
Rampla Juniors Futbol Club,Rentistas,2005-11-19,2,0,F,L,2005,11
River Plate,Danubio,2005-11-19,0,3,F,V,2005,11
Rocha Futbol Club,Montevideo Wanderers,2005-11-19,3,1,F,L,2005,11
CA Cerro,Tacuarembo Futbol Club,2005-11-20,1,0,F,L,2005,11
CA Fenix,Miramar Misiones,2005-11-20,2,0,F,L,2005,11
Defensor Sporting,Paysandu FC,2005-11-20,2,0,F,L,2005,11
Nacional,Liverpool,2005-11-20,0,0,F,E,2005,11
Plaza Colonia,CA Penarol,2005-11-20,3,0,F,L,2005,11
Defensor Sporting,Miramar Misiones,2005-11-26,1,0,F,L,2005,11
Rocha Futbol Club,CA Fenix,2005-11-26,3,1,F,L,2005,11
CA Cerro,Club Sportivo Cerrito,2005-11-27,1,1,F,E,2005,11
CA Penarol,Nacional,2005-11-27,0,0,F,E,2005,11
Liverpool,Danubio,2005-11-27,1,2,F,V,2005,11
Montevideo Wanderers,Rampla Juniors Futbol Club,2005-11-27,1,3,F,V,2005,11
Paysandu FC,River Plate,2005-11-27,2,3,F,V,2005,11
Plaza Colonia,Rentistas,2005-11-27,1,0,F,L,2005,11
Tacuarembo Futbol Club,Dep Colonia,2005-11-27,0,1,F,V,2005,11
CA Fenix,Plaza Colonia,2005-12-03,2,0,F,L,2005,12
CA Penarol,Club Sportivo Cerrito,2005-12-03,0,0,F,E,2005,12
Dep Colonia,CA Cerro,2005-12-03,0,1,F,V,2005,12
Rampla Juniors Futbol Club,Tacuarembo Futbol Club,2005-12-03,4,1,F,L,2005,12
Danubio,Paysandu FC,2005-12-04,3,3,F,E,2005,12
Liverpool,River Plate,2005-12-04,2,1,F,L,2005,12
Miramar Misiones,Rocha Futbol Club,2005-12-04,3,3,F,E,2005,12
Nacional,Defensor Sporting,2005-12-04,2,2,F,E,2005,12
Rentistas,Montevideo Wanderers,2005-12-04,2,2,F,E,2005,12
Club Sportivo Cerrito,Paysandu FC,2005-12-07,3,1,F,L,2005,12
Defensor Sporting,CA Cerro,2005-12-07,4,3,F,L,2005,12
Dep Colonia,Liverpool,2005-12-07,0,0,F,E,2005,12
Miramar Misiones,Nacional,2005-12-07,1,1,F,E,2005,12
Montevideo Wanderers,CA Penarol,2005-12-07,1,1,F,E,2005,12
Rentistas,CA Fenix,2005-12-07,3,2,F,L,2005,12
River Plate,Plaza Colonia,2005-12-07,1,2,F,V,2005,12
Rocha Futbol Club,Rampla Juniors Futbol Club,2005-12-07,2,1,F,L,2005,12
Tacuarembo Futbol Club,Danubio,2005-12-07,2,3,F,V,2005,12
CA Cerro,Rentistas,2005-12-10,2,2,F,E,2005,12
CA Fenix,Rampla Juniors Futbol Club,2005-12-10,1,3,F,V,2005,12
Paysandu FC,Dep Colonia,2005-12-10,1,5,F,V,2005,12
Plaza Colonia,Miramar Misiones,2005-12-10,0,0,F,E,2005,12
CA Penarol,Rocha Futbol Club,2005-12-11,4,4,F,E,2005,12
Liverpool,Club Sportivo Cerrito,2005-12-11,0,1,F,V,2005,12
Montevideo Wanderers,Tacuarembo Futbol Club,2005-12-11,3,1,F,L,2005,12
River Plate,Defensor Sporting,2005-12-11,2,2,F,E,2005,12
Plaza Colonia,CA Cerro,2005-12-14,2,2,F,E,2005,12
Danubio,Nacional,2005-12-17,3,4,F,V,2005,12
CA Cerro,Plaza Colonia,2005-12-18,1,0,F,L,2005,12
Dep Colonia,Rampla Juniors Futbol Club,2006-02-18,0,2,F,V,2006,2
Miramar Misiones,River Plate,2006-02-18,1,1,F,E,2006,2
Tacuarembo Futbol Club,CA Penarol,2006-02-18,1,4,F,V,2006,2
Bella Vista,Nacional,2006-02-19,1,2,F,V,2006,2
CA Cerro,Central Espanol,2006-02-19,0,2,F,V,2006,2
Defensor Sporting,Club Sportivo Cerrito,2006-02-19,4,1,F,L,2006,2
Liverpool,Rocha Futbol Club,2006-02-19,1,0,F,L,2006,2
Rentistas,Danubio,2006-02-19,1,1,F,E,2006,2
CA Penarol,River Plate,2006-02-25,2,4,F,V,2006,2
Defensor Sporting,Dep Colonia,2006-02-25,2,0,F,L,2006,2
Rocha Futbol Club,Danubio,2006-02-25,4,2,F,L,2006,2
CA Cerro,Nacional,2006-02-26,1,2,F,V,2006,2
Central Espanol,Montevideo Wanderers,2006-02-26,1,0,F,L,2006,2
Club Sportivo Cerrito,Tacuarembo Futbol Club,2006-02-26,1,1,F,E,2006,2
Rampla Juniors Futbol Club,Miramar Misiones,2006-02-26,1,1,F,E,2006,2
Rentistas,Liverpool,2006-02-26,2,1,F,L,2006,2
Bella Vista,Montevideo Wanderers,2006-03-04,1,1,F,E,2006,3
Central Espanol,Tacuarembo Futbol Club,2006-03-04,0,0,F,E,2006,3
Rocha Futbol Club,Rentistas,2006-03-04,1,2,F,V,2006,3
Club Sportivo Cerrito,Danubio,2006-03-05,1,1,F,E,2006,3
Dep Colonia,River Plate,2006-03-05,3,2,F,L,2006,3
Liverpool,Defensor Sporting,2006-03-05,2,5,F,V,2006,3
Miramar Misiones,CA Penarol,2006-03-05,2,1,F,L,2006,3
Rampla Juniors Futbol Club,CA Cerro,2006-03-05,0,5,F,V,2006,3
CA Penarol,CA Cerro,2006-03-11,1,0,F,L,2006,3
River Plate,Club Sportivo Cerrito,2006-03-11,0,1,F,V,2006,3
Tacuarembo Futbol Club,Rocha Futbol Club,2006-03-11,2,0,F,L,2006,3
Liverpool,Bella Vista,2006-03-12,3,1,F,L,2006,3
Nacional,Rampla Juniors Futbol Club,2006-04-01,2,1,F,L,2006,4
Danubio,Central Espanol,2006-04-02,0,2,F,V,2006,4
Miramar Misiones,Dep Colonia,2006-04-02,2,2,F,E,2006,4
Montevideo Wanderers,Defensor Sporting,2006-04-02,0,1,F,V,2006,4
CA Cerro,Rocha Futbol Club,2006-04-05,3,0,F,L,2006,4
Bella Vista,Rampla Juniors Futbol Club,2006-04-08,1,2,F,V,2006,4
Central Espanol,CA Penarol,2006-04-08,3,2,F,L,2006,4
River Plate,Rentistas,2006-04-08,2,0,F,L,2006,4
Rocha Futbol Club,Dep Colonia,2006-04-08,5,3,F,L,2006,4
Tacuarembo Futbol Club,Miramar Misiones,2006-04-08,1,1,F,E,2006,4
Defensor Sporting,Danubio,2006-04-09,4,0,F,L,2006,4
Montevideo Wanderers,CA Cerro,2006-04-09,2,0,F,L,2006,4
Nacional,Club Sportivo Cerrito,2006-04-09,1,0,F,L,2006,4
Nacional,Central Espanol,2006-04-11,1,1,F,E,2006,4
River Plate,Tacuarembo Futbol Club,2006-04-11,1,0,F,L,2006,4
Club Sportivo Cerrito,Montevideo Wanderers,2006-04-12,1,1,F,E,2006,4
Danubio,Rampla Juniors Futbol Club,2006-04-12,3,1,F,L,2006,4
Defensor Sporting,Bella Vista,2006-04-12,1,1,F,E,2006,4
Dep Colonia,Rentistas,2006-04-12,0,3,F,V,2006,4
Liverpool,Miramar Misiones,2006-04-12,2,1,F,L,2006,4
Nacional,Tacuarembo Futbol Club,2006-04-14,2,0,F,L,2006,4
Montevideo Wanderers,Liverpool,2006-04-15,1,1,F,E,2006,4
Rocha Futbol Club,River Plate,2006-04-15,2,1,F,L,2006,4
Bella Vista,Club Sportivo Cerrito,2006-04-16,1,1,F,E,2006,4
CA Cerro,Danubio,2006-04-16,1,1,F,E,2006,4
CA Penarol,Defensor Sporting,2006-04-16,1,1,F,E,2006,4
Dep Colonia,Central Espanol,2006-04-16,0,1,F,V,2006,4
Rentistas,Miramar Misiones,2006-04-16,4,1,F,L,2006,4
Dep Colonia,CA Penarol,2006-04-22,1,0,F,L,2006,4
Liverpool,Rampla Juniors Futbol Club,2006-04-22,2,2,F,E,2006,4
Rocha Futbol Club,Defensor Sporting,2006-04-22,2,2,F,E,2006,4
Club Sportivo Cerrito,Central Espanol,2006-04-23,1,0,F,L,2006,4
Danubio,Bella Vista,2006-04-23,2,1,F,L,2006,4
Miramar Misiones,Montevideo Wanderers,2006-04-23,3,2,F,L,2006,4
Rentistas,Nacional,2006-04-23,1,3,F,V,2006,4
River Plate,CA Cerro,2006-04-23,2,1,F,L,2006,4
Bella Vista,Rocha Futbol Club,2006-04-29,1,1,F,E,2006,4
CA Penarol,Liverpool,2006-04-29,1,3,F,V,2006,4
Tacuarembo Futbol Club,Rentistas,2006-04-29,1,0,F,L,2006,4
Central Espanol,Defensor Sporting,2006-04-30,1,1,F,E,2006,4
Danubio,Miramar Misiones,2006-04-30,3,1,F,L,2006,4
Montevideo Wanderers,Dep Colonia,2006-04-30,1,2,F,V,2006,4
Rampla Juniors Futbol Club,Club Sportivo Cerrito,2006-04-30,2,2,F,E,2006,4
River Plate,Nacional,2006-04-30,0,2,F,V,2006,4
Bella Vista,CA Cerro,2006-05-06,0,1,F,V,2006,5
Club Sportivo Cerrito,Rocha Futbol Club,2006-05-06,1,0,F,L,2006,5
Nacional,Dep Colonia,2006-05-06,0,2,F,V,2006,5
CA Penarol,Rentistas,2006-05-07,1,1,F,E,2006,5
Danubio,Montevideo Wanderers,2006-05-07,3,1,F,L,2006,5
Defensor Sporting,Tacuarembo Futbol Club,2006-05-07,1,0,F,L,2006,5
Liverpool,Central Espanol,2006-05-07,4,0,F,L,2006,5
River Plate,Rampla Juniors Futbol Club,2006-05-07,2,2,F,E,2006,5
Miramar Misiones,Club Sportivo Cerrito,2006-05-09,0,1,F,V,2006,5
CA Cerro,Liverpool,2006-05-10,0,0,F,E,2006,5
Dep Colonia,Danubio,2006-05-10,0,2,F,V,2006,5
Montevideo Wanderers,River Plate,2006-05-10,1,2,F,V,2006,5
Nacional,Rocha Futbol Club,2006-05-10,4,0,F,L,2006,5
Rampla Juniors Futbol Club,CA Penarol,2006-05-10,1,0,F,L,2006,5
Rentistas,Defensor Sporting,2006-05-10,0,1,F,V,2006,5
Tacuarembo Futbol Club,Bella Vista,2006-05-10,0,3,F,V,2006,5
CA Cerro,Miramar Misiones,2006-05-13,0,1,F,V,2006,5
Central Espanol,River Plate,2006-05-13,2,0,F,L,2006,5
Danubio,CA Penarol,2006-05-13,0,1,F,V,2006,5
Defensor Sporting,Rampla Juniors Futbol Club,2006-05-13,4,2,F,L,2006,5
Bella Vista,Dep Colonia,2006-05-14,1,0,F,L,2006,5
Club Sportivo Cerrito,Rentistas,2006-05-14,1,1,F,E,2006,5
Montevideo Wanderers,Nacional,2006-05-14,0,1,F,V,2006,5
Tacuarembo Futbol Club,Liverpool,2006-05-14,2,1,F,L,2006,5
Danubio,River Plate,2006-05-17,2,1,F,L,2006,5
Dep Colonia,Club Sportivo Cerrito,2006-05-17,0,2,F,V,2006,5
Liverpool,Nacional,2006-05-17,0,4,F,V,2006,5
Miramar Misiones,Central Espanol,2006-05-17,0,3,F,V,2006,5
Montevideo Wanderers,Rocha Futbol Club,2006-05-17,1,0,F,L,2006,5
Rentistas,Rampla Juniors Futbol Club,2006-05-17,5,2,F,L,2006,5
Tacuarembo Futbol Club,CA Cerro,2006-05-17,1,0,F,L,2006,5
CA Penarol,Bella Vista,2006-05-18,1,0,F,L,2006,5
Central Espanol,Rocha Futbol Club,2006-05-20,2,1,F,L,2006,5
Dep Colonia,Tacuarembo Futbol Club,2006-05-20,0,0,F,E,2006,5
Miramar Misiones,Defensor Sporting,2006-05-20,1,4,F,V,2006,5
Rampla Juniors Futbol Club,Montevideo Wanderers,2006-05-20,1,0,F,L,2006,5
Club Sportivo Cerrito,CA Cerro,2006-05-21,1,2,F,V,2006,5
Danubio,Liverpool,2006-05-21,5,2,F,L,2006,5
Rentistas,Bella Vista,2006-05-21,4,2,F,L,2006,5
Nacional,CA Penarol,2006-05-22,2,2,F,E,2006,5
Defensor Sporting,Nacional,2006-06-10,1,3,F,V,2006,6
Rocha Futbol Club,Miramar Misiones,2006-06-10,2,2,F,E,2006,6
Bella Vista,Central Espanol,2006-06-11,1,0,F,L,2006,6
CA Cerro,Dep Colonia,2006-06-11,5,1,F,L,2006,6
Club Sportivo Cerrito,CA Penarol,2006-06-11,1,1,F,E,2006,6
Montevideo Wanderers,Rentistas,2006-06-11,2,1,F,L,2006,6
River Plate,Liverpool,2006-06-11,1,2,F,V,2006,6
Tacuarembo Futbol Club,Rampla Juniors Futbol Club,2006-06-11,1,1,F,E,2006,6
Bella Vista,River Plate,2006-06-14,1,0,F,L,2006,6
CA Cerro,Defensor Sporting,2006-06-14,1,1,F,E,2006,6
CA Penarol,Montevideo Wanderers,2006-06-14,1,5,F,V,2006,6
Central Espanol,Rentistas,2006-06-14,0,2,F,V,2006,6
Danubio,Tacuarembo Futbol Club,2006-06-14,4,2,F,L,2006,6
Liverpool,Dep Colonia,2006-06-14,2,1,F,L,2006,6
Nacional,Miramar Misiones,2006-06-14,1,0,F,L,2006,6
Rampla Juniors Futbol Club,Rocha Futbol Club,2006-06-14,1,0,F,L,2006,6
Nacional,Danubio,2006-06-17,1,2,F,V,2006,6
Tacuarembo Futbol Club,Montevideo Wanderers,2006-06-17,0,0,F,E,2006,6
Rocha Futbol Club,CA Penarol,2006-06-18,0,1,F,V,2006,6
Club Sportivo Cerrito,Liverpool,2006-06-19,1,1,F,E,2006,6
Defensor Sporting,River Plate,2006-06-19,1,0,F,L,2006,6
Miramar Misiones,Bella Vista,2006-06-19,0,2,F,V,2006,6
Rampla Juniors Futbol Club,Central Espanol,2006-06-19,3,1,F,L,2006,6
Rentistas,CA Cerro,2006-06-19,1,3,F,V,2006,6
Rocha Futbol Club,Nacional,2006-06-22,1,4,F,V,2006,6
Nacional,Rocha Futbol Club,2006-06-25,2,0,F,L,2006,6
Central Espanol,Rentistas,2006-06-28,2,1,F,L,2006,6
Danubio,Nacional,2006-06-28,1,3,F,V,2006,6
Defensor Sporting,Rampla Juniors Futbol Club,2006-06-28,2,0,F,L,2006,6
Danubio,Rampla Juniors Futbol Club,2006-07-02,5,1,F,L,2006,7
Defensor Sporting,Rentistas,2006-07-02,3,1,F,L,2006,7
Nacional,Central Espanol,2006-07-02,1,1,F,E,2006,7
Central Espanol,Rampla Juniors Futbol Club,2006-07-06,2,0,F,L,2006,7
Danubio,Defensor Sporting,2006-07-06,1,1,F,E,2006,7
Rentistas,Nacional,2006-07-06,3,0,F,L,2006,7
Defensor Sporting,Central Espanol,2006-07-09,2,0,F,L,2006,7
Nacional,Rampla Juniors Futbol Club,2006-07-09,3,0,F,L,2006,7
Rentistas,Danubio,2006-07-09,2,4,F,V,2006,7
Central Espanol,Danubio,2006-07-13,0,5,F,V,2006,7
Nacional,Defensor Sporting,2006-07-13,1,1,F,E,2006,7
Rampla Juniors Futbol Club,Rentistas,2006-07-13,2,2,F,E,2006,7
Central Espanol,Nacional,2006-08-19,1,3,F,V,2006,8
Rocha Futbol Club,Montevideo Wanderers,2006-08-19,0,1,F,V,2006,8
CA Penarol,Defensor Sporting,2006-08-20,0,1,F,V,2006,8
Club Sportivo Cerrito,CA Progreso,2006-08-20,1,1,F,E,2006,8
Liverpool,Rampla Juniors Futbol Club,2006-08-20,0,0,F,E,2006,8
Miramar Misiones,Bella Vista,2006-08-20,1,2,F,V,2006,8
River Plate,Rentistas,2006-08-20,1,0,F,L,2006,8
Tacuarembo Futbol Club,Danubio,2006-08-20,0,1,F,V,2006,8
Central Espanol,Tacuarembo Futbol Club,2006-08-26,1,0,F,L,2006,8
Nacional,Danubio,2006-08-26,0,1,F,V,2006,8
Rentistas,Rocha Futbol Club,2006-08-26,1,1,F,E,2006,8
Bella Vista,CA Progreso,2006-08-27,3,0,F,L,2006,8
CA Penarol,Liverpool,2006-08-27,1,1,F,E,2006,8
Defensor Sporting,Rampla Juniors Futbol Club,2006-08-27,2,1,F,L,2006,8
Miramar Misiones,Club Sportivo Cerrito,2006-08-27,1,1,F,E,2006,8
River Plate,Montevideo Wanderers,2006-08-27,0,1,F,V,2006,8
CA Progreso,Miramar Misiones,2006-09-02,1,1,F,E,2006,9
Nacional,Tacuarembo Futbol Club,2006-09-02,2,2,F,E,2006,9
Bella Vista,Club Sportivo Cerrito,2006-09-03,2,0,F,L,2006,9
Danubio,Central Espanol,2006-09-03,6,0,F,L,2006,9
Liverpool,Defensor Sporting,2006-09-03,2,1,F,L,2006,9
Montevideo Wanderers,Rentistas,2006-09-03,2,0,F,L,2006,9
Rampla Juniors Futbol Club,CA Penarol,2006-09-03,0,2,F,V,2006,9
Rocha Futbol Club,River Plate,2006-09-03,3,0,F,L,2006,9
CA Penarol,Rocha Futbol Club,2006-09-09,4,2,F,L,2006,9
River Plate,Rampla Juniors Futbol Club,2006-09-09,1,0,F,L,2006,9
Bella Vista,Nacional,2006-09-10,0,0,F,E,2006,9
CA Progreso,Danubio,2006-09-10,1,2,F,V,2006,9
Defensor Sporting,Montevideo Wanderers,2006-09-10,2,2,F,E,2006,9
Liverpool,Rentistas,2006-09-10,1,0,F,L,2006,9
Miramar Misiones,Central Espanol,2006-09-10,2,0,F,L,2006,9
Tacuarembo Futbol Club,Club Sportivo Cerrito,2006-09-10,3,0,F,L,2006,9
Nacional,Miramar Misiones,2006-09-16,4,0,F,L,2006,9
River Plate,Liverpool,2006-09-16,3,2,F,L,2006,9
Central Espanol,Bella Vista,2006-09-17,1,0,F,L,2006,9
Danubio,Club Sportivo Cerrito,2006-09-17,0,2,F,V,2006,9
Montevideo Wanderers,CA Penarol,2006-09-17,2,0,F,L,2006,9
Rentistas,Rampla Juniors Futbol Club,2006-09-17,0,2,F,V,2006,9
Rocha Futbol Club,Defensor Sporting,2006-09-17,0,1,F,V,2006,9
Tacuarembo Futbol Club,CA Progreso,2006-09-17,2,1,F,L,2006,9
CA Penarol,Rentistas,2006-09-30,4,2,F,L,2006,9
Liverpool,Rocha Futbol Club,2006-09-30,4,0,F,L,2006,9
Bella Vista,Danubio,2006-10-01,3,2,F,L,2006,10
CA Progreso,Nacional,2006-10-01,1,2,F,V,2006,10
Club Sportivo Cerrito,Central Espanol,2006-10-01,0,2,F,V,2006,10
Defensor Sporting,River Plate,2006-10-01,2,2,F,E,2006,10
Miramar Misiones,Tacuarembo Futbol Club,2006-10-01,3,1,F,L,2006,10
Rampla Juniors Futbol Club,Montevideo Wanderers,2006-10-01,2,0,F,L,2006,10
Nacional,Club Sportivo Cerrito,2006-10-07,1,3,F,V,2006,10
Tacuarembo Futbol Club,Bella Vista,2006-10-07,0,3,F,V,2006,10
Central Espanol,CA Progreso,2006-10-08,1,1,F,E,2006,10
Danubio,Miramar Misiones,2006-10-08,5,2,F,L,2006,10
Montevideo Wanderers,Liverpool,2006-10-08,0,0,F,E,2006,10
Rentistas,Defensor Sporting,2006-10-08,0,0,F,E,2006,10
River Plate,CA Penarol,2006-10-08,3,3,F,E,2006,10
Rocha Futbol Club,Rampla Juniors Futbol Club,2006-10-08,1,0,F,L,2006,10
Bella Vista,Defensor Sporting,2006-10-14,0,2,F,V,2006,10
Central Espanol,Rocha Futbol Club,2006-10-14,2,3,F,V,2006,10
Danubio,River Plate,2006-10-14,3,1,F,L,2006,10
Miramar Misiones,CA Penarol,2006-10-14,0,1,F,V,2006,10
CA Progreso,Rampla Juniors Futbol Club,2006-10-15,1,1,F,E,2006,10
Club Sportivo Cerrito,Liverpool,2006-10-15,0,1,F,V,2006,10
Nacional,Montevideo Wanderers,2006-10-15,1,1,F,E,2006,10
Tacuarembo Futbol Club,Rentistas,2006-10-15,1,1,F,E,2006,10
CA Penarol,Bella Vista,2006-10-21,2,1,F,L,2006,10
Montevideo Wanderers,Tacuarembo Futbol Club,2006-10-21,0,2,F,V,2006,10
Defensor Sporting,Club Sportivo Cerrito,2006-10-22,3,1,F,L,2006,10
Liverpool,CA Progreso,2006-10-22,4,0,F,L,2006,10
Rampla Juniors Futbol Club,Central Espanol,2006-10-22,3,2,F,L,2006,10
Rentistas,Danubio,2006-10-22,0,2,F,V,2006,10
River Plate,Miramar Misiones,2006-10-22,2,1,F,L,2006,10
Rocha Futbol Club,Nacional,2006-10-22,2,3,F,V,2006,10
Club Sportivo Cerrito,CA Penarol,2006-10-28,0,1,F,V,2006,10
Danubio,Montevideo Wanderers,2006-10-28,3,0,F,L,2006,10
Miramar Misiones,Rentistas,2006-10-28,2,2,F,E,2006,10
CA Progreso,Defensor Sporting,2006-10-29,0,4,F,V,2006,10
Central Espanol,Liverpool,2006-10-29,3,0,F,L,2006,10
Nacional,Rampla Juniors Futbol Club,2006-10-29,5,1,F,L,2006,10
Tacuarembo Futbol Club,Rocha Futbol Club,2006-10-29,0,1,F,V,2006,10
Bella Vista,River Plate,2006-11-08,1,0,F,L,2006,11
Defensor Sporting,Central Espanol,2006-11-11,2,3,F,V,2006,11
Liverpool,Nacional,2006-11-11,1,2,F,V,2006,11
CA Penarol,CA Progreso,2006-11-12,4,0,F,L,2006,11
Montevideo Wanderers,Miramar Misiones,2006-11-12,5,2,F,L,2006,11
Rampla Juniors Futbol Club,Tacuarembo Futbol Club,2006-11-12,0,0,F,E,2006,11
Rentistas,Bella Vista,2006-11-12,3,0,F,L,2006,11
River Plate,Club Sportivo Cerrito,2006-11-12,0,3,F,V,2006,11
Rocha Futbol Club,Danubio,2006-11-12,1,2,F,V,2006,11
CA Progreso,River Plate,2006-11-18,3,1,F,L,2006,11
Central Espanol,CA Penarol,2006-11-18,1,2,F,V,2006,11
Tacuarembo Futbol Club,Liverpool,2006-11-18,2,1,F,L,2006,11
Bella Vista,Montevideo Wanderers,2006-11-19,3,1,F,L,2006,11
Club Sportivo Cerrito,Rentistas,2006-11-19,1,1,F,E,2006,11
Danubio,Rampla Juniors Futbol Club,2006-11-19,2,1,F,L,2006,11
Miramar Misiones,Rocha Futbol Club,2006-11-19,0,0,F,E,2006,11
Nacional,Defensor Sporting,2006-11-19,1,4,F,V,2006,11
Liverpool,Danubio,2006-11-25,3,3,F,E,2006,11
Montevideo Wanderers,Club Sportivo Cerrito,2006-11-25,2,0,F,L,2006,11
Rentistas,CA Progreso,2006-11-25,1,2,F,V,2006,11
Rocha Futbol Club,Bella Vista,2006-11-25,0,1,F,V,2006,11
CA Penarol,Nacional,2006-11-26,4,1,F,L,2006,11
Defensor Sporting,Tacuarembo Futbol Club,2006-11-26,2,1,F,L,2006,11
Rampla Juniors Futbol Club,Miramar Misiones,2006-11-26,0,1,F,V,2006,11
River Plate,Central Espanol,2006-11-26,0,1,F,V,2006,11
Bella Vista,Rampla Juniors Futbol Club,2006-12-05,2,1,F,L,2006,12
Miramar Misiones,Liverpool,2006-12-05,1,2,F,V,2006,12
Tacuarembo Futbol Club,CA Penarol,2006-12-05,0,1,F,V,2006,12
CA Progreso,Montevideo Wanderers,2006-12-06,2,3,F,V,2006,12
Central Espanol,Rentistas,2006-12-06,2,1,F,L,2006,12
Club Sportivo Cerrito,Rocha Futbol Club,2006-12-06,0,0,F,E,2006,12
Danubio,Defensor Sporting,2006-12-06,0,2,F,V,2006,12
Nacional,River Plate,2006-12-06,1,0,F,L,2006,12
Liverpool,Bella Vista,2006-12-09,2,4,F,V,2006,12
Montevideo Wanderers,Central Espanol,2006-12-09,2,1,F,L,2006,12
Rampla Juniors Futbol Club,Club Sportivo Cerrito,2006-12-09,3,4,F,V,2006,12
River Plate,Tacuarembo Futbol Club,2006-12-09,1,1,F,E,2006,12
CA Penarol,Danubio,2006-12-10,1,4,F,V,2006,12
Defensor Sporting,Miramar Misiones,2006-12-10,0,0,F,E,2006,12
Rentistas,Nacional,2006-12-10,1,2,F,V,2006,12
Rocha Futbol Club,CA Progreso,2006-12-10,1,2,F,V,2006,12
Nacional,Central Espanol,2007-02-17,0,0,F,E,2007,2
Rampla Juniors Futbol Club,Liverpool,2007-02-17,1,2,F,V,2007,2
Rentistas,River Plate,2007-02-17,1,1,F,E,2007,2
Bella Vista,Miramar Misiones,2007-02-18,0,1,F,V,2007,2
CA Progreso,Club Sportivo Cerrito,2007-02-18,1,1,F,E,2007,2
Danubio,Tacuarembo Futbol Club,2007-02-18,1,1,F,E,2007,2
Defensor Sporting,CA Penarol,2007-02-18,2,2,F,E,2007,2
Montevideo Wanderers,Rocha Futbol Club,2007-02-18,1,1,F,E,2007,2
Danubio,Nacional,2007-02-24,3,0,F,L,2007,2
Rampla Juniors Futbol Club,Defensor Sporting,2007-02-24,2,2,F,E,2007,2
Rocha Futbol Club,Rentistas,2007-02-24,1,2,F,V,2007,2
CA Progreso,Bella Vista,2007-02-25,2,2,F,E,2007,2
Club Sportivo Cerrito,Miramar Misiones,2007-02-25,1,0,F,L,2007,2
Liverpool,CA Penarol,2007-02-25,1,1,F,E,2007,2
Montevideo Wanderers,River Plate,2007-02-25,0,1,F,V,2007,2
Tacuarembo Futbol Club,Central Espanol,2007-02-25,4,0,F,L,2007,2
Bella Vista,Club Sportivo Cerrito,2007-03-03,2,0,F,L,2007,3
Central Espanol,Danubio,2007-03-03,0,1,F,V,2007,3
Tacuarembo Futbol Club,Nacional,2007-03-03,3,0,F,L,2007,3
CA Penarol,Rampla Juniors Futbol Club,2007-03-04,2,2,F,E,2007,3
Defensor Sporting,Liverpool,2007-03-04,3,2,F,L,2007,3
Miramar Misiones,CA Progreso,2007-03-04,2,2,F,E,2007,3
River Plate,Rocha Futbol Club,2007-03-04,3,0,F,L,2007,3
Club Sportivo Cerrito,Tacuarembo Futbol Club,2007-03-06,3,3,F,E,2007,3
Central Espanol,Miramar Misiones,2007-03-07,0,2,F,V,2007,3
Danubio,CA Progreso,2007-03-07,0,0,F,E,2007,3
Montevideo Wanderers,Defensor Sporting,2007-03-07,3,4,F,V,2007,3
Nacional,Bella Vista,2007-03-07,1,1,F,E,2007,3
Rentistas,Liverpool,2007-03-07,1,2,F,V,2007,3
River Plate,Rampla Juniors Futbol Club,2007-03-07,2,2,F,E,2007,3
Rocha Futbol Club,CA Penarol,2007-03-07,1,2,F,V,2007,3
Bella Vista,Central Espanol,2007-03-10,1,0,F,L,2007,3
Club Sportivo Cerrito,Danubio,2007-03-10,1,3,F,V,2007,3
CA Progreso,Tacuarembo Futbol Club,2007-03-11,2,2,F,E,2007,3
Defensor Sporting,Rocha Futbol Club,2007-03-11,0,1,F,V,2007,3
Liverpool,River Plate,2007-03-11,1,4,F,V,2007,3
Miramar Misiones,Nacional,2007-03-11,2,0,F,L,2007,3
Montevideo Wanderers,CA Penarol,2007-03-11,1,2,F,V,2007,3
Rampla Juniors Futbol Club,Rentistas,2007-03-11,1,1,F,E,2007,3
Central Espanol,Club Sportivo Cerrito,2007-03-14,1,1,F,E,2007,3
Danubio,Bella Vista,2007-03-14,2,1,F,L,2007,3
Montevideo Wanderers,Rampla Juniors Futbol Club,2007-03-14,4,1,F,L,2007,3
Nacional,CA Progreso,2007-03-14,1,0,F,L,2007,3
Rentistas,CA Penarol,2007-03-14,2,3,F,V,2007,3
Rocha Futbol Club,Liverpool,2007-03-14,0,2,F,V,2007,3
Tacuarembo Futbol Club,Miramar Misiones,2007-03-14,3,2,F,L,2007,3
CA Progreso,Central Espanol,2007-03-17,3,2,F,L,2007,3
Club Sportivo Cerrito,Nacional,2007-03-17,1,2,F,V,2007,3
Bella Vista,Tacuarembo Futbol Club,2007-03-18,2,0,F,L,2007,3
CA Penarol,River Plate,2007-03-18,3,1,F,L,2007,3
Liverpool,Montevideo Wanderers,2007-03-18,2,3,F,V,2007,3
Miramar Misiones,Danubio,2007-03-18,2,1,F,L,2007,3
Rampla Juniors Futbol Club,Rocha Futbol Club,2007-03-18,1,0,F,L,2007,3
Defensor Sporting,Rentistas,2007-03-21,2,2,F,E,2007,3
River Plate,Defensor Sporting,2007-03-24,2,3,F,V,2007,3
Rentistas,Montevideo Wanderers,2007-03-25,1,4,F,V,2007,3
Montevideo Wanderers,Nacional,2007-03-31,2,1,F,L,2007,3
Rampla Juniors Futbol Club,CA Progreso,2007-03-31,0,2,F,V,2007,3
CA Penarol,Miramar Misiones,2007-04-01,1,1,F,E,2007,4
Defensor Sporting,Bella Vista,2007-04-01,1,0,F,L,2007,4
Liverpool,Club Sportivo Cerrito,2007-04-01,2,2,F,E,2007,4
River Plate,Danubio,2007-04-01,1,2,F,V,2007,4
Bella Vista,CA Penarol,2007-04-07,2,5,F,V,2007,4
Danubio,Rentistas,2007-04-07,5,1,F,L,2007,4
Miramar Misiones,River Plate,2007-04-07,2,3,F,V,2007,4
Tacuarembo Futbol Club,Montevideo Wanderers,2007-04-07,0,0,F,E,2007,4
CA Progreso,Liverpool,2007-04-08,2,1,F,L,2007,4
Central Espanol,Rampla Juniors Futbol Club,2007-04-08,0,1,F,V,2007,4
Club Sportivo Cerrito,Defensor Sporting,2007-04-08,0,3,F,V,2007,4
Nacional,Rocha Futbol Club,2007-04-08,3,0,F,L,2007,4
Rentistas,Tacuarembo Futbol Club,2007-04-11,1,2,F,V,2007,4
Rocha Futbol Club,Central Espanol,2007-04-11,0,1,F,V,2007,4
Rocha Futbol Club,Tacuarembo Futbol Club,2007-04-14,1,0,F,L,2007,4
Defensor Sporting,CA Progreso,2007-04-15,3,2,F,L,2007,4
Liverpool,Central Espanol,2007-04-15,2,0,F,L,2007,4
Montevideo Wanderers,Danubio,2007-04-15,2,0,F,L,2007,4
Rampla Juniors Futbol Club,Nacional,2007-04-15,1,3,F,V,2007,4
Rentistas,Miramar Misiones,2007-04-15,1,2,F,V,2007,4
River Plate,Bella Vista,2007-04-15,3,1,F,L,2007,4
CA Penarol,Club Sportivo Cerrito,2007-04-18,4,2,F,L,2007,4
Bella Vista,Rentistas,2007-04-21,3,2,F,L,2007,4
CA Progreso,CA Penarol,2007-04-21,0,1,F,V,2007,4
Danubio,Rocha Futbol Club,2007-04-21,3,0,F,L,2007,4
Central Espanol,Defensor Sporting,2007-04-22,0,3,F,V,2007,4
Club Sportivo Cerrito,River Plate,2007-04-22,0,0,F,E,2007,4
Miramar Misiones,Montevideo Wanderers,2007-04-22,1,4,F,V,2007,4
Nacional,Liverpool,2007-04-22,2,1,F,L,2007,4
Tacuarembo Futbol Club,Rampla Juniors Futbol Club,2007-04-22,3,3,F,E,2007,4
CA Penarol,Central Espanol,2007-04-25,1,2,F,V,2007,4
Defensor Sporting,Nacional,2007-04-25,3,0,F,L,2007,4
Liverpool,Tacuarembo Futbol Club,2007-04-25,2,0,F,L,2007,4
Montevideo Wanderers,Bella Vista,2007-04-25,3,1,F,L,2007,4
Rampla Juniors Futbol Club,Danubio,2007-04-25,0,1,F,V,2007,4
River Plate,CA Progreso,2007-04-25,2,4,F,V,2007,4
Rocha Futbol Club,Miramar Misiones,2007-04-25,1,0,F,L,2007,4
Rentistas,Club Sportivo Cerrito,2007-04-26,2,1,F,L,2007,4
Danubio,Liverpool,2007-04-28,2,0,F,L,2007,4
Tacuarembo Futbol Club,Defensor Sporting,2007-04-28,0,0,F,E,2007,4
Bella Vista,Rocha Futbol Club,2007-04-29,4,0,F,L,2007,4
CA Progreso,Rentistas,2007-04-29,0,0,F,E,2007,4
Central Espanol,River Plate,2007-04-29,1,1,F,E,2007,4
Club Sportivo Cerrito,Montevideo Wanderers,2007-04-29,2,0,F,L,2007,4
Miramar Misiones,Rampla Juniors Futbol Club,2007-04-29,0,1,F,V,2007,4
Nacional,CA Penarol,2007-04-29,0,3,F,V,2007,4
CA Penarol,Tacuarembo Futbol Club,2007-05-05,3,3,F,E,2007,5
Montevideo Wanderers,CA Progreso,2007-05-05,3,2,F,L,2007,5
Rentistas,Central Espanol,2007-05-05,2,1,F,L,2007,5
Defensor Sporting,Danubio,2007-05-06,0,2,F,V,2007,5
Liverpool,Miramar Misiones,2007-05-06,2,1,F,L,2007,5
Rampla Juniors Futbol Club,Bella Vista,2007-05-06,2,1,F,L,2007,5
River Plate,Nacional,2007-05-06,1,1,F,E,2007,5
Rocha Futbol Club,Club Sportivo Cerrito,2007-05-06,2,1,F,L,2007,5
CA Progreso,Rocha Futbol Club,2007-05-12,0,1,F,V,2007,5
Central Espanol,Montevideo Wanderers,2007-05-12,2,1,F,L,2007,5
Club Sportivo Cerrito,Rampla Juniors Futbol Club,2007-05-12,1,2,F,V,2007,5
Tacuarembo Futbol Club,River Plate,2007-05-12,1,1,F,E,2007,5
Danubio,CA Penarol,2007-05-13,0,1,F,V,2007,5
Miramar Misiones,Defensor Sporting,2007-05-13,1,0,F,L,2007,5
CA Penarol,Danubio,2007-05-17,1,1,P,E,2007,5
Bella Vista,Liverpool,2007-05-19,2,1,F,L,2007,5
Nacional,Rentistas,2007-05-19,0,1,F,V,2007,5
Rocha Futbol Club,CA Progreso,2007-05-20,0,2,F,V,2007,5
Bella Vista,CA Penarol,2007-05-26,1,1,F,E,2007,5
CA Progreso,Rocha Futbol Club,2007-05-27,3,0,F,L,2007,5
Defensor Sporting,Danubio,2007-05-27,0,0,F,E,2007,5
Nacional,Montevideo Wanderers,2007-05-27,4,1,F,L,2007,5
Bella Vista,Nacional,2007-05-30,2,3,F,V,2007,5
CA Penarol,Danubio,2007-05-30,0,1,F,V,2007,5
Montevideo Wanderers,Defensor Sporting,2007-05-30,2,1,F,L,2007,5
Danubio,Nacional,2007-06-02,2,1,F,L,2007,6
CA Penarol,Defensor Sporting,2007-06-03,0,1,F,V,2007,6
Montevideo Wanderers,Bella Vista,2007-06-03,5,1,F,L,2007,6
CA Penarol,Nacional,2007-06-06,0,1,F,V,2007,6
Defensor Sporting,Bella Vista,2007-06-06,1,0,F,L,2007,6
Montevideo Wanderers,Danubio,2007-06-06,2,1,F,L,2007,6
Montevideo Wanderers,CA Penarol,2007-06-09,2,2,F,E,2007,6
Bella Vista,Danubio,2007-06-10,0,1,F,V,2007,6
Nacional,Defensor Sporting,2007-06-10,1,0,F,L,2007,6
Defensor Sporting,Rampla Juniors Futbol Club,2007-08-18,2,1,F,L,2007,8
Montevideo Wanderers,Tacuarembo Futbol Club,2007-08-18,1,1,F,E,2007,8
Bella Vista,CA Cerro,2007-08-19,0,3,F,V,2007,8
CA Fenix,Nacional,2007-08-19,1,1,F,E,2007,8
CA Juventud,Danubio,2007-08-19,0,1,F,V,2007,8
Miramar Misiones,CA Progreso,2007-08-19,1,0,F,L,2007,8
River Plate,Liverpool,2007-08-19,3,2,F,L,2007,8
Danubio,Miramar Misiones,2007-08-25,3,0,F,L,2007,8
Nacional,Montevideo Wanderers,2007-08-25,2,0,F,L,2007,8
CA Cerro,CA Fenix,2007-08-26,1,1,F,E,2007,8
CA Penarol,River Plate,2007-08-26,3,6,F,V,2007,8
CA Progreso,CA Juventud,2007-08-26,0,1,F,V,2007,8
Liverpool,Central Espanol,2007-08-26,3,0,F,L,2007,8
Rampla Juniors Futbol Club,Bella Vista,2007-08-26,1,0,F,L,2007,8
Tacuarembo Futbol Club,Defensor Sporting,2007-08-26,1,0,F,L,2007,8
Central Espanol,CA Penarol,2007-08-30,0,4,F,V,2007,8
CA Juventud,CA Penarol,2007-09-01,1,1,F,E,2007,9
Miramar Misiones,Liverpool,2007-09-01,1,0,F,L,2007,9
River Plate,CA Cerro,2007-09-01,0,0,F,E,2007,9
Bella Vista,Tacuarembo Futbol Club,2007-09-02,1,1,F,E,2007,9
CA Fenix,Danubio,2007-09-02,0,0,F,E,2007,9
Central Espanol,CA Progreso,2007-09-02,3,0,F,L,2007,9
Defensor Sporting,Nacional,2007-09-02,1,0,F,L,2007,9
Montevideo Wanderers,Rampla Juniors Futbol Club,2007-09-02,1,2,F,V,2007,9
Nacional,Bella Vista,2007-09-07,2,2,F,E,2007,9
Rampla Juniors Futbol Club,River Plate,2007-09-07,3,1,F,L,2007,9
CA Penarol,Montevideo Wanderers,2007-09-08,0,1,F,V,2007,9
CA Progreso,CA Fenix,2007-09-08,1,4,F,V,2007,9
Defensor Sporting,Danubio,2007-09-08,0,0,F,E,2007,9
CA Cerro,Central Espanol,2007-09-09,0,0,F,E,2007,9
Liverpool,CA Juventud,2007-09-09,1,1,F,E,2007,9
Tacuarembo Futbol Club,Miramar Misiones,2007-09-09,1,0,F,L,2007,9
Central Espanol,Rampla Juniors Futbol Club,2007-09-16,1,2,F,V,2007,9
Defensor Sporting,CA Progreso,2007-09-16,3,0,F,L,2007,9
Miramar Misiones,Nacional,2007-09-16,0,1,F,V,2007,9
Montevideo Wanderers,Liverpool,2007-09-16,2,0,F,L,2007,9
River Plate,Danubio,2007-09-16,1,3,F,V,2007,9
Bella Vista,CA Penarol,2007-09-19,2,3,F,V,2007,9
CA Fenix,Tacuarembo Futbol Club,2007-09-19,2,0,F,L,2007,9
CA Progreso,Bella Vista,2007-09-22,0,2,F,V,2007,9
Danubio,Central Espanol,2007-09-22,3,1,F,L,2007,9
Nacional,CA Juventud,2007-09-22,0,0,F,E,2007,9
CA Cerro,Montevideo Wanderers,2007-09-23,4,3,F,L,2007,9
CA Penarol,Miramar Misiones,2007-09-23,1,0,F,L,2007,9
Liverpool,Defensor Sporting,2007-09-23,0,0,F,E,2007,9
Rampla Juniors Futbol Club,CA Fenix,2007-09-23,0,0,F,E,2007,9
Tacuarembo Futbol Club,River Plate,2007-09-23,2,3,F,V,2007,9
CA Juventud,CA Cerro,2007-09-26,0,0,F,E,2007,9
CA Fenix,CA Penarol,2007-09-29,0,0,F,E,2007,9
CA Juventud,Tacuarembo Futbol Club,2007-09-29,2,0,F,L,2007,9
Defensor Sporting,CA Cerro,2007-09-29,4,0,F,L,2007,9
Bella Vista,Liverpool,2007-09-30,3,5,F,V,2007,9
Central Espanol,Nacional,2007-09-30,1,1,F,E,2007,9
Miramar Misiones,Rampla Juniors Futbol Club,2007-09-30,0,2,F,V,2007,9
Montevideo Wanderers,Danubio,2007-09-30,3,1,F,L,2007,9
River Plate,CA Progreso,2007-09-30,6,0,F,L,2007,9
Bella Vista,Montevideo Wanderers,2007-10-06,1,2,F,V,2007,10
Danubio,CA Penarol,2007-10-06,3,1,F,L,2007,10
CA Cerro,Tacuarembo Futbol Club,2007-10-07,0,2,F,V,2007,10
CA Juventud,Central Espanol,2007-10-07,3,1,F,L,2007,10
Liverpool,CA Progreso,2007-10-07,1,2,F,V,2007,10
Rampla Juniors Futbol Club,Nacional,2007-10-07,1,0,F,L,2007,10
River Plate,Miramar Misiones,2007-10-07,2,2,F,E,2007,10
Defensor Sporting,CA Fenix,2007-10-14,3,0,F,L,2007,10
Central Espanol,River Plate,2007-10-20,3,1,F,L,2007,10
Nacional,Danubio,2007-10-20,0,2,F,V,2007,10
CA Fenix,CA Juventud,2007-10-21,0,0,F,E,2007,10
CA Penarol,Liverpool,2007-10-21,4,0,F,L,2007,10
CA Progreso,CA Cerro,2007-10-21,1,1,F,E,2007,10
Miramar Misiones,Bella Vista,2007-10-21,1,0,F,L,2007,10
Montevideo Wanderers,Defensor Sporting,2007-10-21,1,2,F,V,2007,10
Tacuarembo Futbol Club,Rampla Juniors Futbol Club,2007-10-21,1,0,F,L,2007,10
Danubio,Bella Vista,2007-10-27,2,2,F,E,2007,10
CA Cerro,Miramar Misiones,2007-10-28,2,0,F,L,2007,10
CA Progreso,Montevideo Wanderers,2007-10-28,2,3,F,V,2007,10
Liverpool,CA Fenix,2007-10-28,4,0,F,L,2007,10
Nacional,River Plate,2007-10-28,3,1,F,L,2007,10
Rampla Juniors Futbol Club,CA Juventud,2007-10-28,2,1,F,L,2007,10
Tacuarembo Futbol Club,Central Espanol,2007-10-28,3,3,F,E,2007,10
Bella Vista,River Plate,2007-11-03,0,1,F,V,2007,11
CA Cerro,CA Penarol,2007-11-03,0,0,F,E,2007,11
CA Fenix,Central Espanol,2007-11-04,1,2,F,V,2007,11
CA Progreso,Tacuarembo Futbol Club,2007-11-04,2,1,F,L,2007,11
Defensor Sporting,CA Juventud,2007-11-04,2,0,F,L,2007,11
Montevideo Wanderers,Miramar Misiones,2007-11-04,2,1,F,L,2007,11
Nacional,Liverpool,2007-11-04,2,0,F,L,2007,11
Rampla Juniors Futbol Club,Danubio,2007-11-04,0,0,F,E,2007,11
CA Penarol,Defensor Sporting,2007-11-07,0,2,F,V,2007,11
Danubio,CA Cerro,2007-11-10,1,2,F,V,2007,11
Miramar Misiones,CA Fenix,2007-11-10,0,1,F,V,2007,11
Tacuarembo Futbol Club,Nacional,2007-11-10,1,4,F,V,2007,11
CA Juventud,Montevideo Wanderers,2007-11-11,1,1,F,E,2007,11
CA Penarol,CA Progreso,2007-11-11,0,3,F,V,2007,11
Central Espanol,Bella Vista,2007-11-11,2,0,F,L,2007,11
Liverpool,Rampla Juniors Futbol Club,2007-11-11,0,1,F,V,2007,11
River Plate,Defensor Sporting,2007-11-11,5,1,F,L,2007,11
Bella Vista,CA Juventud,2007-11-24,0,1,F,V,2007,11
Miramar Misiones,Defensor Sporting,2007-11-24,0,2,F,V,2007,11
Montevideo Wanderers,Central Espanol,2007-11-24,2,3,F,V,2007,11
River Plate,CA Fenix,2007-11-24,1,1,F,E,2007,11
CA Progreso,Rampla Juniors Futbol Club,2007-11-25,2,2,F,E,2007,11
Liverpool,CA Cerro,2007-11-25,0,1,F,V,2007,11
Nacional,CA Penarol,2007-11-25,1,1,F,E,2007,11
Tacuarembo Futbol Club,Danubio,2007-11-25,0,2,F,V,2007,11
CA Fenix,Bella Vista,2007-12-01,2,0,F,L,2007,12
CA Juventud,Miramar Misiones,2007-12-01,2,0,F,L,2007,12
CA Progreso,Nacional,2007-12-01,0,1,F,V,2007,12
CA Penarol,Tacuarembo Futbol Club,2007-12-02,1,1,F,E,2007,12
Central Espanol,Defensor Sporting,2007-12-02,1,2,F,V,2007,12
Danubio,Liverpool,2007-12-02,4,3,F,L,2007,12
Rampla Juniors Futbol Club,CA Cerro,2007-12-02,1,1,F,E,2007,12
River Plate,Montevideo Wanderers,2007-12-02,5,1,F,L,2007,12
Miramar Misiones,Central Espanol,2007-12-08,3,1,F,L,2007,12
Rampla Juniors Futbol Club,CA Penarol,2007-12-08,3,2,F,L,2007,12
CA Cerro,Nacional,2007-12-09,1,1,F,E,2007,12
CA Juventud,River Plate,2007-12-09,3,1,F,L,2007,12
Danubio,CA Progreso,2007-12-09,9,1,F,L,2007,12
Defensor Sporting,Bella Vista,2007-12-09,2,1,F,L,2007,12
Liverpool,Tacuarembo Futbol Club,2007-12-09,0,0,F,E,2007,12
Montevideo Wanderers,CA Fenix,2007-12-09,1,1,F,E,2007,12
Liverpool,River Plate,2008-02-16,0,2,F,V,2008,2
Rampla Juniors Futbol Club,Defensor Sporting,2008-02-16,1,6,F,V,2008,2
CA Cerro,Bella Vista,2008-02-17,2,3,F,V,2008,2
CA Penarol,Central Espanol,2008-02-17,2,1,F,L,2008,2
CA Progreso,Miramar Misiones,2008-02-17,1,0,F,L,2008,2
Danubio,CA Juventud,2008-02-17,1,2,F,V,2008,2
Tacuarembo Futbol Club,Montevideo Wanderers,2008-02-17,2,0,F,L,2008,2
CA Fenix,CA Cerro,2008-02-23,0,1,F,V,2008,2
CA Juventud,CA Progreso,2008-02-23,3,1,F,L,2008,2
Defensor Sporting,Tacuarembo Futbol Club,2008-02-23,2,0,F,L,2008,2
River Plate,CA Penarol,2008-02-23,2,2,F,E,2008,2
Bella Vista,Rampla Juniors Futbol Club,2008-02-24,0,0,F,E,2008,2
Central Espanol,Liverpool,2008-02-24,1,3,F,V,2008,2
Montevideo Wanderers,Nacional,2008-02-24,1,3,F,V,2008,2
Miramar Misiones,Danubio,2008-02-27,1,4,F,V,2008,2
Nacional,CA Fenix,2008-02-27,3,1,F,L,2008,2
Nacional,Defensor Sporting,2008-03-01,4,0,F,L,2008,3
Rampla Juniors Futbol Club,Montevideo Wanderers,2008-03-01,1,3,F,V,2008,3
CA Cerro,River Plate,2008-03-02,1,4,F,V,2008,3
CA Penarol,CA Juventud,2008-03-02,3,2,F,L,2008,3
CA Progreso,Central Espanol,2008-03-02,3,1,F,L,2008,3
Danubio,CA Fenix,2008-03-02,2,2,F,E,2008,3
Liverpool,Miramar Misiones,2008-03-02,2,0,F,L,2008,3
Tacuarembo Futbol Club,Bella Vista,2008-03-02,3,2,F,L,2008,3
CA Juventud,Liverpool,2008-03-08,1,2,F,V,2008,3
Miramar Misiones,Tacuarembo Futbol Club,2008-03-08,4,0,F,L,2008,3
Montevideo Wanderers,CA Penarol,2008-03-08,1,0,F,L,2008,3
River Plate,Rampla Juniors Futbol Club,2008-03-08,7,0,F,L,2008,3
Bella Vista,Nacional,2008-03-09,0,1,F,V,2008,3
CA Fenix,CA Progreso,2008-03-09,1,2,F,V,2008,3
Central Espanol,CA Cerro,2008-03-09,2,1,F,L,2008,3
Defensor Sporting,Danubio,2008-03-09,3,4,F,V,2008,3
CA Cerro,CA Juventud,2008-03-15,0,0,F,E,2008,3
Danubio,River Plate,2008-03-15,1,5,F,V,2008,3
Nacional,Miramar Misiones,2008-03-15,1,2,F,V,2008,3
CA Penarol,Bella Vista,2008-03-16,6,0,F,L,2008,3
CA Progreso,Defensor Sporting,2008-03-16,0,2,F,V,2008,3
Liverpool,Montevideo Wanderers,2008-03-16,1,1,F,E,2008,3
Rampla Juniors Futbol Club,Central Espanol,2008-03-16,1,0,F,L,2008,3
Tacuarembo Futbol Club,CA Fenix,2008-03-16,1,1,F,E,2008,3
Miramar Misiones,CA Penarol,2008-03-22,0,2,F,V,2008,3
Montevideo Wanderers,CA Cerro,2008-03-22,1,0,F,L,2008,3
Bella Vista,CA Progreso,2008-03-23,1,3,F,V,2008,3
CA Fenix,Rampla Juniors Futbol Club,2008-03-23,2,0,F,L,2008,3
CA Juventud,Nacional,2008-03-23,1,2,F,V,2008,3
Central Espanol,Danubio,2008-03-23,2,0,F,L,2008,3
Defensor Sporting,Liverpool,2008-03-23,3,5,F,V,2008,3
River Plate,Tacuarembo Futbol Club,2008-03-23,5,0,F,L,2008,3
CA Progreso,River Plate,2008-03-29,0,3,F,V,2008,3
Liverpool,Bella Vista,2008-03-29,2,2,F,E,2008,3
Nacional,Central Espanol,2008-03-29,1,0,F,L,2008,3
CA Cerro,Defensor Sporting,2008-03-30,1,2,F,V,2008,3
CA Penarol,CA Fenix,2008-03-30,2,1,F,L,2008,3
Danubio,Montevideo Wanderers,2008-03-30,4,1,F,L,2008,3
Rampla Juniors Futbol Club,Miramar Misiones,2008-03-30,0,0,F,E,2008,3
Tacuarembo Futbol Club,CA Juventud,2008-03-30,0,1,F,V,2008,3
CA Penarol,Danubio,2008-04-05,2,1,F,L,2008,4
Central Espanol,CA Juventud,2008-04-05,2,0,F,L,2008,4
Montevideo Wanderers,Bella Vista,2008-04-05,0,2,F,V,2008,4
CA Fenix,Defensor Sporting,2008-04-06,1,3,F,V,2008,4
CA Progreso,Liverpool,2008-04-06,1,4,F,V,2008,4
Miramar Misiones,River Plate,2008-04-06,1,3,F,V,2008,4
Nacional,Rampla Juniors Futbol Club,2008-04-06,1,0,F,L,2008,4
Tacuarembo Futbol Club,CA Cerro,2008-04-06,0,1,F,V,2008,4
Bella Vista,Miramar Misiones,2008-04-12,0,1,F,V,2008,4
CA Cerro,CA Progreso,2008-04-12,1,0,F,L,2008,4
Danubio,Nacional,2008-04-12,1,3,F,V,2008,4
CA Juventud,CA Fenix,2008-04-13,1,1,F,E,2008,4
Defensor Sporting,Montevideo Wanderers,2008-04-13,4,0,F,L,2008,4
Liverpool,CA Penarol,2008-04-13,4,3,F,L,2008,4
Rampla Juniors Futbol Club,Tacuarembo Futbol Club,2008-04-13,1,3,F,V,2008,4
River Plate,Central Espanol,2008-04-13,3,0,F,L,2008,4
CA Fenix,Liverpool,2008-04-19,2,3,F,V,2008,4
Central Espanol,Tacuarembo Futbol Club,2008-04-19,1,1,F,E,2008,4
River Plate,Nacional,2008-04-19,3,6,F,V,2008,4
Bella Vista,Danubio,2008-04-20,3,0,F,L,2008,4
CA Juventud,Rampla Juniors Futbol Club,2008-04-20,0,0,F,E,2008,4
Defensor Sporting,CA Penarol,2008-04-20,0,1,F,V,2008,4
Miramar Misiones,CA Cerro,2008-04-20,1,1,F,E,2008,4
Montevideo Wanderers,CA Progreso,2008-04-20,2,1,F,L,2008,4
Danubio,Rampla Juniors Futbol Club,2008-04-26,2,2,F,E,2008,4
Liverpool,Nacional,2008-04-26,1,1,F,E,2008,4
Miramar Misiones,Montevideo Wanderers,2008-04-26,2,4,F,V,2008,4
CA Juventud,Defensor Sporting,2008-04-27,0,2,F,V,2008,4
CA Penarol,CA Cerro,2008-04-27,3,0,F,L,2008,4
Central Espanol,CA Fenix,2008-04-27,2,1,F,L,2008,4
River Plate,Bella Vista,2008-04-27,2,0,F,L,2008,4
Tacuarembo Futbol Club,CA Progreso,2008-04-27,1,3,F,V,2008,4
Bella Vista,Central Espanol,2008-05-03,1,0,F,L,2008,5
CA Progreso,CA Penarol,2008-05-03,0,3,F,V,2008,5
Nacional,Tacuarembo Futbol Club,2008-05-03,1,2,F,V,2008,5
CA Cerro,Danubio,2008-05-04,2,0,F,L,2008,5
CA Fenix,Miramar Misiones,2008-05-04,2,0,F,L,2008,5
Defensor Sporting,River Plate,2008-05-04,4,3,F,L,2008,5
Montevideo Wanderers,CA Juventud,2008-05-04,1,1,F,E,2008,5
Rampla Juniors Futbol Club,Liverpool,2008-05-04,2,0,F,L,2008,5
CA Fenix,River Plate,2008-05-10,1,2,F,V,2008,5
CA Juventud,Bella Vista,2008-05-10,1,2,F,V,2008,5
Central Espanol,Montevideo Wanderers,2008-05-10,0,1,F,V,2008,5
Danubio,Tacuarembo Futbol Club,2008-05-10,1,3,F,V,2008,5
Defensor Sporting,Miramar Misiones,2008-05-10,5,3,F,L,2008,5
CA Cerro,Liverpool,2008-05-11,1,5,F,V,2008,5
CA Penarol,Nacional,2008-05-11,4,2,F,L,2008,5
Rampla Juniors Futbol Club,CA Progreso,2008-05-11,4,3,F,L,2008,5
Bella Vista,CA Fenix,2008-05-17,0,1,F,V,2008,5
Defensor Sporting,Central Espanol,2008-05-17,3,3,F,E,2008,5
Nacional,CA Progreso,2008-05-17,1,3,F,V,2008,5
CA Cerro,Rampla Juniors Futbol Club,2008-05-18,0,1,F,V,2008,5
Liverpool,Danubio,2008-05-18,0,0,F,E,2008,5
Miramar Misiones,CA Juventud,2008-05-18,0,1,F,V,2008,5
Montevideo Wanderers,River Plate,2008-05-18,1,2,F,V,2008,5
Tacuarembo Futbol Club,CA Penarol,2008-05-18,1,2,F,V,2008,5
CA Fenix,Montevideo Wanderers,2008-05-31,2,3,F,V,2008,5
CA Progreso,Danubio,2008-05-31,2,3,F,V,2008,5
Central Espanol,Miramar Misiones,2008-05-31,1,3,F,V,2008,5
Nacional,CA Cerro,2008-05-31,3,2,F,L,2008,5
Tacuarembo Futbol Club,Liverpool,2008-05-31,1,4,F,V,2008,5
Bella Vista,Defensor Sporting,2008-06-01,1,2,F,V,2008,6
CA Penarol,Rampla Juniors Futbol Club,2008-06-01,5,0,F,L,2008,6
River Plate,CA Juventud,2008-06-01,2,0,F,L,2008,6
River Plate,CA Penarol,2008-06-08,3,5,F,V,2008,6
CA Penarol,Defensor Sporting,2008-06-22,1,2,F,V,2008,6
Defensor Sporting,CA Penarol,2008-06-25,0,0,F,E,2008,6
Defensor Sporting,Nacional,2008-06-28,1,1,F,E,2008,6
CA Penarol,Danubio,2008-06-29,2,0,F,L,2008,6
Rampla Juniors Futbol Club,River Plate,2008-06-29,1,2,F,V,2008,6
Danubio,Rampla Juniors Futbol Club,2008-07-02,2,0,F,L,2008,7
Nacional,River Plate,2008-07-02,5,3,F,L,2008,7
Defensor Sporting,CA Penarol,2008-07-03,3,0,F,L,2008,7
River Plate,CA Penarol,2008-07-05,3,3,F,E,2008,7
Danubio,Defensor Sporting,2008-07-06,1,2,F,V,2008,7
Nacional,Rampla Juniors Futbol Club,2008-07-06,4,0,F,L,2008,7
River Plate,Danubio,2008-07-12,0,0,F,E,2008,7
CA Penarol,Nacional,2008-07-13,2,0,F,L,2008,7
Rampla Juniors Futbol Club,Defensor Sporting,2008-07-13,2,1,F,L,2008,7
Danubio,Nacional,2008-07-19,1,2,F,V,2008,7
Defensor Sporting,River Plate,2008-07-20,1,0,F,L,2008,7
Rampla Juniors Futbol Club,CA Penarol,2008-07-20,2,2,F,E,2008,7
Nacional,Defensor Sporting,2008-07-27,1,0,F,L,2008,7
CA Juventud,Nacional,2008-08-23,0,1,F,V,2008,8
Cerro Largo FC,Danubio,2008-08-23,0,1,F,V,2008,8
Defensor Sporting,CA Cerro,2008-08-23,0,0,F,E,2008,8
CSyd Villa Espanola,Liverpool,2008-08-24,0,0,F,E,2008,8
Montevideo Wanderers,CA Penarol,2008-08-24,1,2,F,V,2008,8
Racing Club,River Plate,2008-08-24,1,1,F,E,2008,8
Rampla Juniors Futbol Club,Central Espanol,2008-08-24,0,0,F,E,2008,8
Tacuarembo Futbol Club,Bella Vista,2008-08-24,3,0,F,L,2008,8
CA Cerro,Tacuarembo Futbol Club,2008-08-30,2,0,F,L,2008,8
Central Espanol,Cerro Largo FC,2008-08-30,1,1,F,E,2008,8
Racing Club,CA Penarol,2008-08-30,3,3,F,E,2008,8
Bella Vista,Defensor Sporting,2008-08-31,0,3,F,V,2008,8
Danubio,Montevideo Wanderers,2008-08-31,2,1,F,L,2008,8
Liverpool,CA Juventud,2008-08-31,1,0,F,L,2008,8
River Plate,Rampla Juniors Futbol Club,2008-08-31,2,1,F,L,2008,8
CA Juventud,CA Cerro,2008-09-13,1,1,F,E,2008,9
Cerro Largo FC,River Plate,2008-09-13,0,2,F,V,2008,9
Tacuarembo Futbol Club,Nacional,2008-09-13,0,2,F,V,2008,9
CSyd Villa Espanola,Danubio,2008-09-14,2,3,F,V,2008,9
Defensor Sporting,Liverpool,2008-09-14,0,1,F,V,2008,9
Montevideo Wanderers,Bella Vista,2008-09-14,1,2,F,V,2008,9
Racing Club,Central Espanol,2008-09-14,4,0,F,L,2008,9
Rampla Juniors Futbol Club,CA Penarol,2008-09-14,3,2,F,L,2008,9
Bella Vista,Rampla Juniors Futbol Club,2008-09-20,0,0,F,E,2008,9
CA Penarol,Cerro Largo FC,2008-09-20,3,0,F,L,2008,9
River Plate,Defensor Sporting,2008-09-20,1,3,F,V,2008,9
CA Cerro,Montevideo Wanderers,2008-09-21,3,0,F,L,2008,9
Central Espanol,CSyd Villa Espanola,2008-09-21,1,1,F,E,2008,9
Danubio,CA Juventud,2008-09-21,4,0,F,L,2008,9
Liverpool,Tacuarembo Futbol Club,2008-09-21,2,0,F,L,2008,9
Nacional,Racing Club,2008-09-21,2,0,F,L,2008,9
Cerro Largo FC,Nacional,2008-09-27,2,3,F,V,2008,9
Montevideo Wanderers,River Plate,2008-09-27,0,0,F,E,2008,9
Tacuarembo Futbol Club,Danubio,2008-09-27,3,2,F,L,2008,9
CA Juventud,Central Espanol,2008-09-28,1,3,F,V,2008,9
CSyd Villa Espanola,Bella Vista,2008-09-28,0,1,F,V,2008,9
Defensor Sporting,CA Penarol,2008-09-28,0,0,F,E,2008,9
Racing Club,Liverpool,2008-09-28,0,0,F,E,2008,9
Rampla Juniors Futbol Club,CA Cerro,2008-09-28,0,3,F,V,2008,9
CA Cerro,Cerro Largo FC,2008-10-04,1,1,F,E,2008,10
CA Penarol,Tacuarembo Futbol Club,2008-10-04,3,0,F,L,2008,10
Bella Vista,CA Juventud,2008-10-05,1,0,F,L,2008,10
Central Espanol,Montevideo Wanderers,2008-10-05,0,4,F,V,2008,10
Danubio,Racing Club,2008-10-05,1,3,F,V,2008,10
Liverpool,Rampla Juniors Futbol Club,2008-10-05,2,2,F,E,2008,10
Nacional,Defensor Sporting,2008-10-05,2,2,F,E,2008,10
River Plate,CSyd Villa Espanola,2008-10-05,0,0,F,E,2008,10
CSyd Villa Espanola,CA Cerro,2008-10-18,0,3,F,V,2008,10
Cerro Largo FC,Liverpool,2008-10-18,1,1,F,E,2008,10
Montevideo Wanderers,Nacional,2008-10-18,0,1,F,V,2008,10
CA Juventud,CA Penarol,2008-10-19,0,3,F,V,2008,10
Defensor Sporting,Central Espanol,2008-10-19,2,0,F,L,2008,10
Racing Club,Bella Vista,2008-10-19,1,0,F,L,2008,10
Rampla Juniors Futbol Club,Danubio,2008-10-19,1,0,F,L,2008,10
Tacuarembo Futbol Club,River Plate,2008-10-19,1,1,F,E,2008,10
Central Espanol,CA Penarol,2008-10-25,0,0,F,E,2008,10
Cerro Largo FC,Racing Club,2008-10-25,0,0,F,E,2008,10
Rampla Juniors Futbol Club,Montevideo Wanderers,2008-10-25,1,1,F,E,2008,10
Bella Vista,Nacional,2008-10-26,0,1,F,V,2008,10
CSyd Villa Espanola,Defensor Sporting,2008-10-26,1,3,F,V,2008,10
Danubio,River Plate,2008-10-26,3,0,F,L,2008,10
Liverpool,CA Cerro,2008-10-26,1,2,F,V,2008,10
Tacuarembo Futbol Club,CA Juventud,2008-10-26,0,1,F,V,2008,10
Defensor Sporting,Cerro Largo FC,2008-11-01,3,1,F,L,2008,11
Nacional,Liverpool,2008-11-01,1,2,F,V,2008,11
Racing Club,Rampla Juniors Futbol Club,2008-11-01,3,2,F,L,2008,11
CA Cerro,Danubio,2008-11-02,0,1,F,V,2008,11
CA Juventud,CSyd Villa Espanola,2008-11-02,1,3,F,V,2008,11
CA Penarol,Bella Vista,2008-11-02,3,1,F,L,2008,11
Montevideo Wanderers,Tacuarembo Futbol Club,2008-11-02,0,1,F,V,2008,11
River Plate,Central Espanol,2008-11-02,1,2,F,V,2008,11
Central Espanol,Tacuarembo Futbol Club,2008-11-08,2,1,F,L,2008,11
Nacional,Rampla Juniors Futbol Club,2008-11-08,2,0,F,L,2008,11
Bella Vista,Cerro Largo FC,2008-11-09,5,2,F,L,2008,11
CA Cerro,Racing Club,2008-11-09,0,0,F,E,2008,11
CA Penarol,CSyd Villa Espanola,2008-11-09,3,0,F,L,2008,11
Danubio,Defensor Sporting,2008-11-09,1,0,F,L,2008,11
Liverpool,Montevideo Wanderers,2008-11-09,2,1,F,L,2008,11
River Plate,CA Juventud,2008-11-09,2,1,F,L,2008,11
CA Cerro,River Plate,2008-11-15,1,0,F,L,2008,11
CA Penarol,Liverpool,2008-11-15,3,2,F,L,2008,11
Cerro Largo FC,CSyd Villa Espanola,2008-11-15,2,0,F,L,2008,11
Montevideo Wanderers,CA Juventud,2008-11-15,3,0,F,L,2008,11
Central Espanol,Bella Vista,2008-11-16,2,0,F,L,2008,11
Danubio,Nacional,2008-11-16,1,0,F,L,2008,11
Racing Club,Defensor Sporting,2008-11-16,2,0,F,L,2008,11
Rampla Juniors Futbol Club,Tacuarembo Futbol Club,2008-11-16,3,1,F,L,2008,11
Nacional,CSyd Villa Espanola,2008-12-03,2,0,F,L,2008,12
CA Juventud,Cerro Largo FC,2008-12-06,1,1,F,E,2008,12
Liverpool,Central Espanol,2008-12-06,2,1,F,L,2008,12
Nacional,CA Cerro,2008-12-06,3,3,F,E,2008,12
Bella Vista,Danubio,2008-12-07,0,2,F,V,2008,12
CSyd Villa Espanola,Rampla Juniors Futbol Club,2008-12-07,2,0,F,L,2008,12
Defensor Sporting,Montevideo Wanderers,2008-12-07,3,2,F,L,2008,12
River Plate,CA Penarol,2008-12-07,1,1,F,E,2008,12
Tacuarembo Futbol Club,Racing Club,2008-12-07,1,1,F,E,2008,12
CSyd Villa Espanola,Montevideo Wanderers,2008-12-13,1,0,F,L,2008,12
Cerro Largo FC,Tacuarembo Futbol Club,2008-12-13,0,1,F,V,2008,12
Liverpool,Danubio,2008-12-13,2,2,F,E,2008,12
River Plate,Bella Vista,2008-12-13,3,1,F,L,2008,12
CA Cerro,Central Espanol,2008-12-14,0,2,F,V,2008,12
CA Penarol,Nacional,2008-12-14,0,1,F,V,2008,12
Defensor Sporting,Rampla Juniors Futbol Club,2008-12-14,2,1,F,L,2008,12
Racing Club,CA Juventud,2008-12-14,2,1,F,L,2008,12
CSyd Villa Espanola,Racing Club,2008-12-17,1,4,F,V,2008,12
Central Espanol,Danubio,2008-12-17,2,2,F,E,2008,12
Nacional,River Plate,2008-12-17,0,2,F,V,2008,12
Tacuarembo Futbol Club,Defensor Sporting,2008-12-17,0,1,F,V,2008,12
Bella Vista,Liverpool,2008-12-18,1,1,F,E,2008,12
CA Cerro,CA Penarol,2008-12-18,1,2,F,V,2008,12
CA Juventud,Rampla Juniors Futbol Club,2008-12-18,2,0,F,L,2008,12
Montevideo Wanderers,Cerro Largo FC,2008-12-18,1,0,F,L,2008,12
Central Espanol,Nacional,2009-02-07,1,2,F,V,2009,2
Danubio,CA Penarol,2009-02-07,2,1,F,L,2009,2
Defensor Sporting,CA Juventud,2009-02-07,1,0,F,L,2009,2
Racing Club,Montevideo Wanderers,2009-02-07,0,2,F,V,2009,2
Bella Vista,CA Cerro,2009-02-08,1,0,F,L,2009,2
Liverpool,River Plate,2009-02-08,2,1,F,L,2009,2
Rampla Juniors Futbol Club,Cerro Largo FC,2009-02-08,2,2,F,E,2009,2
Tacuarembo Futbol Club,CSyd Villa Espanola,2009-02-08,3,0,F,L,2009,2
Danubio,Nacional,2009-02-15,1,2,F,V,2009,2
CA Cerro,Defensor Sporting,2009-02-21,0,1,F,V,2009,2
CA Penarol,Montevideo Wanderers,2009-02-21,1,0,F,L,2009,2
Bella Vista,Tacuarembo Futbol Club,2009-02-22,2,3,F,V,2009,2
Central Espanol,Rampla Juniors Futbol Club,2009-02-22,2,2,F,E,2009,2
Danubio,Cerro Largo FC,2009-02-22,1,1,F,E,2009,2
Nacional,CA Juventud,2009-02-22,2,2,F,E,2009,2
River Plate,Racing Club,2009-02-22,2,2,F,E,2009,2
CA Juventud,Liverpool,2009-02-28,3,1,F,L,2009,2
Cerro Largo FC,Central Espanol,2009-02-28,2,0,F,L,2009,2
Montevideo Wanderers,Danubio,2009-02-28,4,2,F,L,2009,2
Tacuarembo Futbol Club,CA Cerro,2009-02-28,0,5,F,V,2009,2
Defensor Sporting,Bella Vista,2009-03-01,3,0,F,L,2009,3
Rampla Juniors Futbol Club,River Plate,2009-03-01,2,3,F,V,2009,3
CA Cerro,CA Juventud,2009-03-07,2,1,F,L,2009,3
CA Penarol,Rampla Juniors Futbol Club,2009-03-07,4,1,F,L,2009,3
Bella Vista,Montevideo Wanderers,2009-03-08,1,1,F,E,2009,3
Central Espanol,Racing Club,2009-03-08,1,3,F,V,2009,3
Liverpool,Defensor Sporting,2009-03-08,0,0,F,E,2009,3
Nacional,Tacuarembo Futbol Club,2009-03-08,1,0,F,L,2009,3
River Plate,Cerro Largo FC,2009-03-08,3,1,F,L,2009,3
CA Penarol,Racing Club,2009-03-12,0,0,F,E,2009,3
CA Juventud,Danubio,2009-03-14,1,5,F,V,2009,3
Defensor Sporting,River Plate,2009-03-14,3,2,F,L,2009,3
Racing Club,Nacional,2009-03-14,1,4,F,V,2009,3
Cerro Largo FC,CA Penarol,2009-03-15,0,2,F,V,2009,3
Montevideo Wanderers,CA Cerro,2009-03-15,1,2,F,V,2009,3
Rampla Juniors Futbol Club,Bella Vista,2009-03-15,1,1,F,E,2009,3
Tacuarembo Futbol Club,Liverpool,2009-03-15,1,2,F,V,2009,3
CA Penarol,Defensor Sporting,2009-03-21,0,1,F,V,2009,3
Danubio,Tacuarembo Futbol Club,2009-03-21,2,0,F,L,2009,3
River Plate,Montevideo Wanderers,2009-03-21,5,1,F,L,2009,3
CA Cerro,Rampla Juniors Futbol Club,2009-03-22,3,2,F,L,2009,3
Central Espanol,CA Juventud,2009-03-22,3,0,F,L,2009,3
Liverpool,Racing Club,2009-03-22,0,2,F,V,2009,3
Nacional,Cerro Largo FC,2009-03-22,2,2,F,E,2009,3
Cerro Largo FC,CA Cerro,2009-04-04,2,1,F,L,2009,4
Defensor Sporting,Nacional,2009-04-04,3,2,F,L,2009,4
Racing Club,Danubio,2009-04-04,3,0,F,L,2009,4
CA Juventud,Bella Vista,2009-04-05,0,3,F,V,2009,4
Montevideo Wanderers,Central Espanol,2009-04-05,3,0,F,L,2009,4
Rampla Juniors Futbol Club,Liverpool,2009-04-05,1,1,F,E,2009,4
Tacuarembo Futbol Club,CA Penarol,2009-04-05,0,1,F,V,2009,4
Bella Vista,Racing Club,2009-04-11,1,1,F,E,2009,4
CA Penarol,CA Juventud,2009-04-11,4,1,F,L,2009,4
Liverpool,Cerro Largo FC,2009-04-11,2,0,F,L,2009,4
Central Espanol,Defensor Sporting,2009-04-12,0,1,F,V,2009,4
Danubio,Rampla Juniors Futbol Club,2009-04-12,2,0,F,L,2009,4
Nacional,Montevideo Wanderers,2009-04-12,2,2,F,E,2009,4
River Plate,Tacuarembo Futbol Club,2009-04-12,1,1,F,E,2009,4
CA Juventud,Tacuarembo Futbol Club,2009-04-18,1,1,F,E,2009,4
Montevideo Wanderers,Rampla Juniors Futbol Club,2009-04-18,3,2,F,L,2009,4
Nacional,Bella Vista,2009-04-18,2,0,F,L,2009,4
CA Cerro,Liverpool,2009-04-19,1,0,F,L,2009,4
CA Penarol,Central Espanol,2009-04-19,2,1,F,L,2009,4
Racing Club,Cerro Largo FC,2009-04-19,2,0,F,L,2009,4
River Plate,Danubio,2009-04-19,2,2,F,E,2009,4
Bella Vista,CA Penarol,2009-04-25,2,1,F,L,2009,4
Central Espanol,River Plate,2009-04-25,1,2,F,V,2009,4
Cerro Largo FC,Defensor Sporting,2009-04-26,3,2,F,L,2009,4
Danubio,CA Cerro,2009-04-26,1,3,F,V,2009,4
Liverpool,Nacional,2009-04-26,1,1,F,E,2009,4
Rampla Juniors Futbol Club,Racing Club,2009-04-26,0,2,F,V,2009,4
Tacuarembo Futbol Club,Montevideo Wanderers,2009-04-26,2,3,F,V,2009,4
Defensor Sporting,Danubio,2009-05-02,1,0,F,L,2009,5
CA Juventud,River Plate,2009-05-03,0,3,F,V,2009,5
Cerro Largo FC,Bella Vista,2009-05-03,4,1,F,L,2009,5
Montevideo Wanderers,Liverpool,2009-05-03,0,1,F,V,2009,5
Racing Club,CA Cerro,2009-05-03,0,4,F,V,2009,5
Rampla Juniors Futbol Club,Nacional,2009-05-03,1,3,F,V,2009,5
Tacuarembo Futbol Club,Central Espanol,2009-05-03,1,1,F,E,2009,5
Bella Vista,Central Espanol,2009-05-09,0,2,F,V,2009,5
CA Juventud,Montevideo Wanderers,2009-05-09,0,2,F,V,2009,5
Nacional,Danubio,2009-05-09,2,0,F,L,2009,5
Tacuarembo Futbol Club,Rampla Juniors Futbol Club,2009-05-09,2,2,F,E,2009,5
Defensor Sporting,Racing Club,2009-05-10,2,1,F,L,2009,5
Liverpool,CA Penarol,2009-05-10,2,1,F,L,2009,5
River Plate,CA Cerro,2009-05-10,2,1,F,L,2009,5
CA Penarol,River Plate,2009-05-16,0,2,F,V,2009,5
Cerro Largo FC,CA Juventud,2009-05-16,3,1,F,L,2009,5
Danubio,Bella Vista,2009-05-16,1,0,F,L,2009,5
CA Cerro,Nacional,2009-05-17,2,2,F,E,2009,5
Central Espanol,Liverpool,2009-05-17,1,5,F,V,2009,5
Montevideo Wanderers,Defensor Sporting,2009-05-17,2,4,F,V,2009,5
Racing Club,Tacuarembo Futbol Club,2009-05-17,1,1,F,E,2009,5
Bella Vista,River Plate,2009-05-23,2,3,F,V,2009,5
CA Juventud,Racing Club,2009-05-23,0,2,F,V,2009,5
Central Espanol,CA Cerro,2009-05-23,0,2,F,V,2009,5
Danubio,Liverpool,2009-05-23,2,3,F,V,2009,5
Tacuarembo Futbol Club,Cerro Largo FC,2009-05-23,1,1,F,E,2009,5
Nacional,CA Penarol,2009-05-24,3,2,F,L,2009,5
Rampla Juniors Futbol Club,Defensor Sporting,2009-05-24,1,4,F,V,2009,5
CA Penarol,CA Cerro,2009-05-30,1,1,F,E,2009,5
Danubio,Central Espanol,2009-05-30,1,1,F,E,2009,5
Cerro Largo FC,Montevideo Wanderers,2009-05-31,0,1,F,V,2009,5
Defensor Sporting,Tacuarembo Futbol Club,2009-05-31,2,3,F,V,2009,5
Liverpool,Bella Vista,2009-05-31,3,3,F,E,2009,5
Rampla Juniors Futbol Club,CA Juventud,2009-05-31,1,4,F,V,2009,5
River Plate,Nacional,2009-05-31,2,1,F,L,2009,5
Nacional,Central Espanol,2009-06-13,0,3,F,V,2009,6
CA Cerro,Bella Vista,2009-06-14,3,0,F,L,2009,6
CA Juventud,Defensor Sporting,2009-06-14,1,2,F,V,2009,6
CA Penarol,Danubio,2009-06-14,3,1,F,L,2009,6
Cerro Largo FC,Rampla Juniors Futbol Club,2009-06-14,1,1,F,E,2009,6
Montevideo Wanderers,Racing Club,2009-06-14,2,2,F,E,2009,6
River Plate,Liverpool,2009-06-14,1,2,F,V,2009,6
Defensor Sporting,Nacional,2009-06-21,1,1,F,E,2009,6
Nacional,Defensor Sporting,2009-07-05,1,1,F,E,2009,7
Nacional,Defensor Sporting,2009-07-09,3,0,F,L,2009,7
Defensor Sporting,Nacional,2009-07-12,1,2,F,V,2009,7
Nacional,Defensor Sporting,2009-07-16,2,1,F,L,2009,7
Liverpool,Racing Club,2009-07-18,1,1,F,E,2009,7
CA Cerro,Nacional,2009-07-19,3,1,F,L,2009,7
River Plate,Defensor Sporting,2009-07-19,0,3,F,V,2009,7
CA Cerro,Defensor Sporting,2009-07-23,2,0,F,L,2009,7
Liverpool,River Plate,2009-07-23,3,0,F,L,2009,7
Nacional,Racing Club,2009-07-24,2,3,F,V,2009,7
Defensor Sporting,Liverpool,2009-07-26,0,0,F,E,2009,7
Racing Club,CA Cerro,2009-07-26,3,1,F,L,2009,7
River Plate,Nacional,2009-07-26,4,2,F,L,2009,7
Nacional,Defensor Sporting,2009-07-29,0,0,F,E,2009,7
River Plate,Racing Club,2009-07-29,1,0,F,L,2009,7
Liverpool,CA Cerro,2009-07-30,0,3,F,V,2009,7
CA Cerro,River Plate,2009-08-02,3,2,F,L,2009,8
Defensor Sporting,Racing Club,2009-08-02,2,4,F,V,2009,8
Liverpool,Nacional,2009-08-02,2,3,F,V,2009,8
Liverpool,Defensor Sporting,2009-08-06,1,0,F,L,2009,8
CA Fenix,River Plate,2009-08-22,0,3,F,V,2009,8
Central Espanol,Racing Club,2009-08-22,1,1,F,E,2009,8
Cerro Largo FC,Nacional,2009-08-22,0,1,F,V,2009,8
CA Cerro,Rampla Juniors Futbol Club,2009-08-23,1,1,F,E,2009,8
Defensor Sporting,Club Atletico Atenas,2009-08-23,5,1,F,L,2009,8
Montevideo Wanderers,CA Penarol,2009-08-23,0,2,F,V,2009,8
Tacuarembo Futbol Club,Danubio,2009-08-23,1,2,F,V,2009,8
Liverpool,Club Sportivo Cerrito,2009-08-26,4,3,F,L,2009,8
CA Fenix,Racing Club,2009-08-29,0,2,F,V,2009,8
Montevideo Wanderers,Rampla Juniors Futbol Club,2009-08-29,0,1,F,V,2009,8
Nacional,Tacuarembo Futbol Club,2009-08-29,1,0,F,L,2009,8
CA Penarol,CA Cerro,2009-08-30,1,1,F,E,2009,8
Central Espanol,River Plate,2009-08-30,2,2,F,E,2009,8
Cerro Largo FC,Club Sportivo Cerrito,2009-08-30,0,1,F,V,2009,8
Danubio,Defensor Sporting,2009-08-30,3,0,F,L,2009,8
Liverpool,Club Atletico Atenas,2009-08-30,2,0,F,L,2009,8
Cerro Largo FC,Central Espanol,2009-09-12,1,0,F,L,2009,9
Racing Club,CA Penarol,2009-09-12,2,1,F,L,2009,9
River Plate,Rampla Juniors Futbol Club,2009-09-12,1,1,F,E,2009,9
CA Cerro,Club Sportivo Cerrito,2009-09-13,0,2,F,V,2009,9
Defensor Sporting,Nacional,2009-09-13,0,3,F,V,2009,9
Liverpool,Danubio,2009-09-13,1,0,F,L,2009,9
Montevideo Wanderers,CA Fenix,2009-09-13,2,0,F,L,2009,9
Tacuarembo Futbol Club,Club Atletico Atenas,2009-09-13,2,0,F,L,2009,9
CA Fenix,Cerro Largo FC,2009-09-19,1,1,F,E,2009,9
CA Penarol,Tacuarembo Futbol Club,2009-09-19,1,0,F,L,2009,9
Danubio,River Plate,2009-09-19,2,2,F,E,2009,9
Central Espanol,Defensor Sporting,2009-09-20,0,4,F,V,2009,9
Club Atletico Atenas,CA Cerro,2009-09-20,0,1,F,V,2009,9
Club Sportivo Cerrito,Montevideo Wanderers,2009-09-20,1,2,F,V,2009,9
Nacional,Liverpool,2009-09-20,2,1,F,L,2009,9
Rampla Juniors Futbol Club,Racing Club,2009-09-20,0,0,F,E,2009,9
CA Cerro,Central Espanol,2009-09-27,1,2,F,V,2009,9
Cerro Largo FC,Danubio,2009-09-27,2,3,F,V,2009,9
Defensor Sporting,CA Fenix,2009-09-27,2,0,F,L,2009,9
Liverpool,CA Penarol,2009-09-27,2,2,F,E,2009,9
Montevideo Wanderers,Club Atletico Atenas,2009-09-27,0,0,F,E,2009,9
Racing Club,Club Sportivo Cerrito,2009-09-27,1,1,F,E,2009,9
River Plate,Nacional,2009-09-27,1,0,F,L,2009,9
Tacuarembo Futbol Club,Rampla Juniors Futbol Club,2009-09-27,0,1,F,V,2009,9
CA Fenix,Liverpool,2009-10-03,1,1,F,E,2009,10
Central Espanol,Montevideo Wanderers,2009-10-03,1,1,F,E,2009,10
Nacional,Racing Club,2009-10-03,3,2,F,L,2009,10
CA Penarol,River Plate,2009-10-04,2,2,F,E,2009,10
Club Atletico Atenas,Cerro Largo FC,2009-10-04,2,0,F,L,2009,10
Club Sportivo Cerrito,Tacuarembo Futbol Club,2009-10-04,2,0,F,L,2009,10
Danubio,CA Cerro,2009-10-04,4,2,F,L,2009,10
Rampla Juniors Futbol Club,Defensor Sporting,2009-10-04,1,3,F,V,2009,10
Liverpool,Rampla Juniors Futbol Club,2009-10-17,3,1,F,L,2009,10
Montevideo Wanderers,Nacional,2009-10-17,4,0,F,L,2009,10
River Plate,Club Atletico Atenas,2009-10-17,1,0,F,L,2009,10
Tacuarembo Futbol Club,Central Espanol,2009-10-17,3,1,F,L,2009,10
CA Cerro,CA Fenix,2009-10-18,3,2,F,L,2009,10
Cerro Largo FC,CA Penarol,2009-10-18,1,2,F,V,2009,10
Defensor Sporting,Club Sportivo Cerrito,2009-10-18,1,0,F,L,2009,10
Racing Club,Danubio,2009-10-18,1,2,F,V,2009,10
Racing Club,Montevideo Wanderers,2009-10-21,0,4,F,V,2009,10
Rampla Juniors Futbol Club,CA Fenix,2009-10-21,2,1,F,L,2009,10
Club Sportivo Cerrito,Danubio,2009-10-22,2,2,F,E,2009,10
Liverpool,Tacuarembo Futbol Club,2009-10-22,7,1,F,L,2009,10
Nacional,Club Atletico Atenas,2009-10-22,5,0,F,L,2009,10
Central Espanol,CA Penarol,2009-10-23,2,3,F,V,2009,10
Defensor Sporting,Cerro Largo FC,2009-10-23,0,0,F,E,2009,10
CA Penarol,Rampla Juniors Futbol Club,2009-10-27,3,0,F,L,2009,10
Danubio,Club Atletico Atenas,2009-10-27,0,1,F,V,2009,10
CA Fenix,Club Sportivo Cerrito,2009-10-28,0,0,F,E,2009,10
Cerro Largo FC,Racing Club,2009-10-28,1,3,F,V,2009,10
Montevideo Wanderers,CA Cerro,2009-10-28,3,1,F,L,2009,10
Nacional,Central Espanol,2009-10-28,5,1,F,L,2009,10
River Plate,Liverpool,2009-10-28,1,4,F,V,2009,10
Tacuarembo Futbol Club,Defensor Sporting,2009-10-28,0,1,F,V,2009,10
CA Penarol,Defensor Sporting,2009-10-31,1,1,F,E,2009,10
Club Sportivo Cerrito,River Plate,2009-10-31,1,1,F,E,2009,10
CA Fenix,Tacuarembo Futbol Club,2009-11-01,0,2,F,V,2009,11
Central Espanol,Liverpool,2009-11-01,0,0,F,E,2009,11
Club Atletico Atenas,Racing Club,2009-11-01,0,5,F,V,2009,11
Danubio,Montevideo Wanderers,2009-11-01,2,3,F,V,2009,11
Nacional,CA Cerro,2009-11-01,2,0,F,L,2009,11
Rampla Juniors Futbol Club,Cerro Largo FC,2009-11-01,0,3,F,V,2009,11
Club Atletico Atenas,Central Espanol,2009-11-07,0,0,F,E,2009,11
Defensor Sporting,Racing Club,2009-11-07,1,1,F,E,2009,11
Nacional,Rampla Juniors Futbol Club,2009-11-07,3,0,F,L,2009,11
CA Fenix,Danubio,2009-11-08,4,1,F,L,2009,11
Cerro Largo FC,Montevideo Wanderers,2009-11-08,0,0,F,E,2009,11
Club Sportivo Cerrito,CA Penarol,2009-11-08,2,2,F,E,2009,11
Liverpool,CA Cerro,2009-11-08,2,0,F,L,2009,11
Tacuarembo Futbol Club,River Plate,2009-11-08,2,1,F,L,2009,11
CA Penarol,CA Fenix,2009-11-21,1,0,F,L,2009,11
Racing Club,Tacuarembo Futbol Club,2009-11-21,4,1,F,L,2009,11
Rampla Juniors Futbol Club,Club Atletico Atenas,2009-11-21,4,1,F,L,2009,11
CA Cerro,Defensor Sporting,2009-11-22,1,4,F,V,2009,11
Central Espanol,Club Sportivo Cerrito,2009-11-22,2,2,F,E,2009,11
Danubio,Nacional,2009-11-22,0,2,F,V,2009,11
Montevideo Wanderers,Liverpool,2009-11-22,0,0,F,E,2009,11
River Plate,Cerro Largo FC,2009-11-25,1,4,F,V,2009,11
CA Cerro,River Plate,2009-12-01,2,3,F,V,2009,12
CA Fenix,Club Atletico Atenas,2009-12-05,1,4,F,V,2009,12
Danubio,Central Espanol,2009-12-05,2,0,F,L,2009,12
Liverpool,Racing Club,2009-12-05,2,0,F,L,2009,12
Rampla Juniors Futbol Club,Club Sportivo Cerrito,2009-12-05,1,0,F,L,2009,12
Tacuarembo Futbol Club,Montevideo Wanderers,2009-12-05,1,2,F,V,2009,12
CA Cerro,Cerro Largo FC,2009-12-06,1,1,F,E,2009,12
Nacional,CA Penarol,2009-12-06,3,0,F,L,2009,12
River Plate,Defensor Sporting,2009-12-06,1,2,F,V,2009,12
CA Penarol,Danubio,2009-12-09,2,3,F,V,2009,12
Central Espanol,Rampla Juniors Futbol Club,2009-12-09,0,3,F,V,2009,12
Cerro Largo FC,Liverpool,2009-12-09,1,0,F,L,2009,12
Club Atletico Atenas,Club Sportivo Cerrito,2009-12-09,0,1,F,V,2009,12
Montevideo Wanderers,Defensor Sporting,2009-12-09,2,2,F,E,2009,12
CA Cerro,Tacuarembo Futbol Club,2009-12-10,1,1,F,E,2009,12
Racing Club,River Plate,2009-12-10,0,2,F,V,2009,12
CA Fenix,Nacional,2009-12-11,0,1,F,V,2009,12
Club Atletico Atenas,CA Penarol,2009-12-12,0,5,F,V,2009,12
Rampla Juniors Futbol Club,Danubio,2009-12-12,2,0,F,L,2009,12
Central Espanol,CA Fenix,2009-12-13,1,0,F,L,2009,12
Club Sportivo Cerrito,Nacional,2009-12-13,2,5,F,V,2009,12
Defensor Sporting,Liverpool,2009-12-13,2,2,F,E,2009,12
Racing Club,CA Cerro,2009-12-13,3,3,F,E,2009,12
River Plate,Montevideo Wanderers,2009-12-13,2,1,F,L,2009,12
Tacuarembo Futbol Club,Cerro Largo FC,2009-12-13,3,0,F,L,2009,12
Club Atletico Atenas,Defensor Sporting,2010-01-23,3,1,F,L,2010,1
Club Sportivo Cerrito,Liverpool,2010-01-23,1,4,F,V,2010,1
Nacional,Cerro Largo FC,2010-01-23,3,1,F,L,2010,1
River Plate,CA Fenix,2010-01-23,0,1,F,V,2010,1
CA Penarol,Montevideo Wanderers,2010-01-24,4,2,F,L,2010,1
Danubio,Tacuarembo Futbol Club,2010-01-24,4,5,F,V,2010,1
Rampla Juniors Futbol Club,CA Cerro,2010-01-24,2,2,F,E,2010,1
CA Cerro,CA Penarol,2010-01-30,1,2,F,V,2010,1
Club Sportivo Cerrito,Cerro Largo FC,2010-01-30,1,1,F,E,2010,1
Rampla Juniors Futbol Club,Montevideo Wanderers,2010-01-30,2,1,F,L,2010,1
Tacuarembo Futbol Club,Nacional,2010-01-30,1,1,F,E,2010,1
Club Atletico Atenas,Liverpool,2010-01-31,1,2,F,V,2010,1
Defensor Sporting,Danubio,2010-01-31,0,1,F,V,2010,1
River Plate,Central Espanol,2010-01-31,3,3,F,E,2010,1
CA Fenix,Montevideo Wanderers,2010-02-06,2,1,F,L,2010,2
Central Espanol,Cerro Largo FC,2010-02-06,1,2,F,V,2010,2
Club Sportivo Cerrito,CA Cerro,2010-02-06,1,4,F,V,2010,2
Nacional,Defensor Sporting,2010-02-06,0,1,F,V,2010,2
Rampla Juniors Futbol Club,River Plate,2010-02-06,2,1,F,L,2010,2
CA Penarol,Racing Club,2010-02-07,3,0,F,L,2010,2
Club Atletico Atenas,Tacuarembo Futbol Club,2010-02-07,2,0,F,L,2010,2
Danubio,Liverpool,2010-02-07,2,2,F,E,2010,2
Racing Club,Central Espanol,2010-02-10,1,0,F,L,2010,2
Cerro Largo FC,CA Fenix,2010-02-13,1,0,F,L,2010,2
Defensor Sporting,Central Espanol,2010-02-13,3,4,F,V,2010,2
Montevideo Wanderers,Club Sportivo Cerrito,2010-02-13,1,2,F,V,2010,2
Tacuarembo Futbol Club,CA Penarol,2010-02-13,1,3,F,V,2010,2
CA Cerro,Club Atletico Atenas,2010-02-14,3,2,F,L,2010,2
Liverpool,Nacional,2010-02-14,0,2,F,V,2010,2
Racing Club,Rampla Juniors Futbol Club,2010-02-14,2,1,F,L,2010,2
Racing Club,CA Fenix,2010-02-17,0,2,F,V,2010,2
Nacional,River Plate,2010-02-19,1,4,F,V,2010,2
Central Espanol,CA Cerro,2010-02-20,1,2,F,V,2010,2
Club Sportivo Cerrito,Racing Club,2010-02-20,3,0,F,L,2010,2
Danubio,Cerro Largo FC,2010-02-20,2,0,F,L,2010,2
Rampla Juniors Futbol Club,Tacuarembo Futbol Club,2010-02-20,1,0,F,L,2010,2
CA Fenix,Defensor Sporting,2010-02-21,3,0,F,L,2010,2
CA Penarol,Liverpool,2010-02-21,3,1,F,L,2010,2
Club Atletico Atenas,Montevideo Wanderers,2010-02-21,0,2,F,V,2010,2
River Plate,Danubio,2010-02-24,3,0,F,L,2010,2
Cerro Largo FC,Club Atletico Atenas,2010-02-27,0,2,F,V,2010,2
Defensor Sporting,Rampla Juniors Futbol Club,2010-02-27,2,1,F,L,2010,2
Montevideo Wanderers,Central Espanol,2010-02-27,1,1,F,E,2010,2
River Plate,CA Penarol,2010-02-27,2,3,F,V,2010,2
CA Cerro,Danubio,2010-02-28,1,0,F,L,2010,2
Liverpool,CA Fenix,2010-02-28,0,0,F,E,2010,2
Racing Club,Nacional,2010-02-28,0,3,F,V,2010,2
Tacuarembo Futbol Club,Club Sportivo Cerrito,2010-02-28,1,0,F,L,2010,2
CA Fenix,CA Cerro,2010-03-05,2,0,F,L,2010,3
Central Espanol,Tacuarembo Futbol Club,2010-03-06,4,1,F,L,2010,3
Danubio,Racing Club,2010-03-06,2,3,F,V,2010,3
Nacional,Montevideo Wanderers,2010-03-06,2,1,F,L,2010,3
Rampla Juniors Futbol Club,Liverpool,2010-03-06,1,3,F,V,2010,3
CA Penarol,Cerro Largo FC,2010-03-07,5,0,F,L,2010,3
Club Atletico Atenas,River Plate,2010-03-07,0,2,F,V,2010,3
Club Sportivo Cerrito,Defensor Sporting,2010-03-07,2,0,F,L,2010,3
Cerro Largo FC,Defensor Sporting,2010-03-13,1,3,F,V,2010,3
Club Atletico Atenas,Nacional,2010-03-13,0,6,F,V,2010,3
Montevideo Wanderers,Racing Club,2010-03-13,1,2,F,V,2010,3
CA Fenix,Rampla Juniors Futbol Club,2010-03-14,1,0,F,L,2010,3
Central Espanol,CA Penarol,2010-03-14,0,2,F,V,2010,3
Danubio,Club Sportivo Cerrito,2010-03-14,1,0,F,L,2010,3
Tacuarembo Futbol Club,Liverpool,2010-03-14,0,1,F,V,2010,3
Club Sportivo Cerrito,CA Fenix,2010-03-20,1,2,F,V,2010,3
Defensor Sporting,Tacuarembo Futbol Club,2010-03-20,2,3,F,V,2010,3
Rampla Juniors Futbol Club,CA Penarol,2010-03-20,1,2,F,V,2010,3
CA Cerro,Montevideo Wanderers,2010-03-21,1,2,F,V,2010,3
Central Espanol,Nacional,2010-03-21,0,2,F,V,2010,3
Club Atletico Atenas,Danubio,2010-03-21,0,2,F,V,2010,3
Liverpool,River Plate,2010-03-21,1,1,F,E,2010,3
River Plate,CA Cerro,2010-03-24,0,1,F,V,2010,3
CA Cerro,Nacional,2010-03-27,3,1,F,L,2010,3
Cerro Largo FC,Rampla Juniors Futbol Club,2010-03-27,1,1,F,E,2010,3
Liverpool,Central Espanol,2010-03-27,0,2,F,V,2010,3
Defensor Sporting,CA Penarol,2010-03-28,2,3,F,V,2010,3
Montevideo Wanderers,Danubio,2010-03-28,1,3,F,V,2010,3
River Plate,Club Sportivo Cerrito,2010-03-28,3,0,F,L,2010,3
Tacuarembo Futbol Club,CA Fenix,2010-03-28,1,1,F,E,2010,3
Racing Club,Cerro Largo FC,2010-03-31,1,2,F,V,2010,3
Danubio,CA Fenix,2010-04-03,1,2,F,V,2010,4
Racing Club,Defensor Sporting,2010-04-03,3,3,F,E,2010,4
Rampla Juniors Futbol Club,Nacional,2010-04-03,1,0,F,L,2010,4
CA Cerro,Liverpool,2010-04-04,5,1,F,L,2010,4
CA Penarol,Club Sportivo Cerrito,2010-04-04,3,1,F,L,2010,4
Central Espanol,Club Atletico Atenas,2010-04-04,1,0,F,L,2010,4
Montevideo Wanderers,Cerro Largo FC,2010-04-04,7,1,F,L,2010,4
River Plate,Tacuarembo Futbol Club,2010-04-04,3,1,F,L,2010,4
Racing Club,Club Atletico Atenas,2010-04-07,3,2,F,L,2010,4
Defensor Sporting,CA Cerro,2010-04-09,1,0,F,L,2010,4
CA Fenix,CA Penarol,2010-04-10,1,2,F,V,2010,4
Cerro Largo FC,River Plate,2010-04-10,2,2,F,E,2010,4
Tacuarembo Futbol Club,Racing Club,2010-04-10,2,0,F,L,2010,4
Club Atletico Atenas,Rampla Juniors Futbol Club,2010-04-11,1,2,F,V,2010,4
Club Sportivo Cerrito,Central Espanol,2010-04-11,1,3,F,V,2010,4
Liverpool,Montevideo Wanderers,2010-04-11,1,1,F,E,2010,4
Nacional,Danubio,2010-04-11,2,1,F,L,2010,4
Central Espanol,Danubio,2010-04-17,2,0,F,L,2010,4
Club Atletico Atenas,CA Fenix,2010-04-17,1,1,F,E,2010,4
Club Sportivo Cerrito,Rampla Juniors Futbol Club,2010-04-17,1,1,F,E,2010,4
Defensor Sporting,River Plate,2010-04-17,1,1,F,E,2010,4
Racing Club,Liverpool,2010-04-17,2,0,F,L,2010,4
CA Penarol,Nacional,2010-04-18,0,0,F,E,2010,4
Cerro Largo FC,CA Cerro,2010-04-18,0,1,F,V,2010,4
Montevideo Wanderers,Tacuarembo Futbol Club,2010-04-18,2,1,F,L,2010,4
Club Sportivo Cerrito,Club Atletico Atenas,2010-04-25,2,0,F,L,2010,4
Danubio,CA Penarol,2010-04-25,1,2,F,V,2010,4
Defensor Sporting,Montevideo Wanderers,2010-04-25,2,0,F,L,2010,4
Liverpool,Cerro Largo FC,2010-04-25,3,0,F,L,2010,4
Nacional,CA Fenix,2010-04-25,1,1,F,E,2010,4
Rampla Juniors Futbol Club,Central Espanol,2010-04-25,0,0,F,E,2010,4
River Plate,Racing Club,2010-04-25,4,1,F,L,2010,4
Tacuarembo Futbol Club,CA Cerro,2010-04-25,3,3,F,E,2010,4
CA Cerro,Racing Club,2010-05-02,1,0,F,L,2010,5
CA Fenix,Central Espanol,2010-05-02,2,2,F,E,2010,5
CA Penarol,Club Atletico Atenas,2010-05-02,3,2,F,L,2010,5
Cerro Largo FC,Tacuarembo Futbol Club,2010-05-02,1,2,F,V,2010,5
Danubio,Rampla Juniors Futbol Club,2010-05-02,1,2,F,V,2010,5
Liverpool,Defensor Sporting,2010-05-02,3,0,F,L,2010,5
Montevideo Wanderers,River Plate,2010-05-02,2,2,F,E,2010,5
Nacional,Club Sportivo Cerrito,2010-05-02,3,1,F,L,2010,5
CA Penarol,Nacional,2010-05-13,0,2,F,V,2010,5
Nacional,CA Penarol,2010-05-15,0,1,F,V,2010,5
CA Penarol,Nacional,2010-05-18,1,1,F,E,2010,5
CA Fenix,Tacuarembo Futbol Club,2010-08-21,1,1,F,E,2010,8
Central Espanol,Bella Vista,2010-08-21,0,1,F,V,2010,8
CA Cerro,Danubio,2010-08-22,0,0,F,E,2010,8
El Tanque Sisley,Racing Club,2010-08-22,1,0,F,L,2010,8
Liverpool,Rampla Juniors Futbol Club,2010-08-22,3,1,F,L,2010,8
Montevideo Wanderers,Nacional,2010-08-25,1,1,F,E,2010,8
River Plate,Defensor Sporting,2010-08-25,1,1,F,E,2010,8
Central Espanol,CA Cerro,2010-08-28,0,0,F,E,2010,8
Danubio,Bella Vista,2010-08-28,2,0,F,L,2010,8
Racing Club,Miramar Misiones,2010-08-28,1,2,F,V,2010,8
Defensor Sporting,Liverpool,2010-08-29,3,0,F,L,2010,8
Nacional,CA Fenix,2010-08-29,0,3,F,V,2010,8
Rampla Juniors Futbol Club,River Plate,2010-08-29,0,1,F,V,2010,8
Tacuarembo Futbol Club,El Tanque Sisley,2010-08-29,1,2,F,V,2010,8
Bella Vista,Rampla Juniors Futbol Club,2010-09-04,3,2,F,L,2010,9
El Tanque Sisley,Nacional,2010-09-04,1,1,F,E,2010,9
Miramar Misiones,Danubio,2010-09-04,1,2,F,V,2010,9
CA Fenix,CA Penarol,2010-09-05,2,2,F,E,2010,9
Liverpool,Racing Club,2010-09-05,1,0,F,L,2010,9
Montevideo Wanderers,Tacuarembo Futbol Club,2010-09-05,2,0,F,L,2010,9
River Plate,Central Espanol,2010-09-05,1,3,F,V,2010,9
CA Penarol,Miramar Misiones,2010-09-09,3,1,F,L,2010,9
CA Penarol,El Tanque Sisley,2010-09-18,0,0,F,E,2010,9
Racing Club,River Plate,2010-09-18,2,0,F,L,2010,9
Central Espanol,Miramar Misiones,2010-09-19,0,1,F,V,2010,9
Danubio,CA Fenix,2010-09-19,1,0,F,L,2010,9
Defensor Sporting,Montevideo Wanderers,2010-09-19,1,2,F,V,2010,9
Nacional,Bella Vista,2010-09-19,1,0,F,L,2010,9
Rampla Juniors Futbol Club,CA Cerro,2010-09-19,0,0,F,E,2010,9
Tacuarembo Futbol Club,Liverpool,2010-09-19,3,2,F,L,2010,9
CA Penarol,Montevideo Wanderers,2010-09-23,2,1,F,L,2010,9
CA Fenix,Central Espanol,2010-09-25,0,1,F,V,2010,9
Miramar Misiones,Nacional,2010-09-25,2,4,F,V,2010,9
River Plate,Tacuarembo Futbol Club,2010-09-25,2,0,F,L,2010,9
Bella Vista,CA Penarol,2010-09-26,1,2,F,V,2010,9
CA Cerro,Racing Club,2010-09-26,1,1,F,E,2010,9
Liverpool,Danubio,2010-09-26,1,1,F,E,2010,9
Montevideo Wanderers,Rampla Juniors Futbol Club,2010-09-26,2,0,F,L,2010,9
CA Penarol,CA Cerro,2010-10-02,2,1,F,L,2010,10
Defensor Sporting,Bella Vista,2010-10-02,1,2,F,V,2010,10
Racing Club,Montevideo Wanderers,2010-10-02,0,2,F,V,2010,10
Central Espanol,El Tanque Sisley,2010-10-03,3,5,F,V,2010,10
Danubio,River Plate,2010-10-03,1,2,F,V,2010,10
Nacional,Liverpool,2010-10-03,0,0,F,E,2010,10
Rampla Juniors Futbol Club,CA Fenix,2010-10-03,2,2,F,E,2010,10
Tacuarembo Futbol Club,Miramar Misiones,2010-10-03,1,1,F,E,2010,10
Defensor Sporting,CA Cerro,2010-10-06,2,0,F,L,2010,10
CA Fenix,Racing Club,2010-10-09,1,1,F,E,2010,10
Liverpool,Central Espanol,2010-10-09,2,2,F,E,2010,10
Miramar Misiones,Defensor Sporting,2010-10-09,0,1,F,V,2010,10
River Plate,CA Penarol,2010-10-09,2,1,F,L,2010,10
Bella Vista,Tacuarembo Futbol Club,2010-10-10,3,2,F,L,2010,10
CA Cerro,Nacional,2010-10-10,4,1,F,L,2010,10
El Tanque Sisley,Rampla Juniors Futbol Club,2010-10-10,3,2,F,L,2010,10
Montevideo Wanderers,Danubio,2010-10-10,1,1,F,E,2010,10
Defensor Sporting,El Tanque Sisley,2010-10-12,3,1,F,L,2010,10
CA Cerro,River Plate,2010-10-16,0,0,F,E,2010,10
CA Fenix,Miramar Misiones,2010-10-16,2,1,F,L,2010,10
Danubio,Defensor Sporting,2010-10-16,1,1,F,E,2010,10
El Tanque Sisley,Montevideo Wanderers,2010-10-17,1,1,F,E,2010,10
Liverpool,Bella Vista,2010-10-17,1,1,F,E,2010,10
Racing Club,Nacional,2010-10-17,2,2,F,E,2010,10
Rampla Juniors Futbol Club,Central Espanol,2010-10-17,2,2,F,E,2010,10
Miramar Misiones,CA Cerro,2010-10-23,1,1,F,E,2010,10
Montevideo Wanderers,CA Fenix,2010-10-23,2,2,F,E,2010,10
Nacional,Tacuarembo Futbol Club,2010-10-23,3,0,F,L,2010,10
Bella Vista,El Tanque Sisley,2010-10-24,1,2,F,V,2010,10
CA Penarol,Danubio,2010-10-24,1,0,F,L,2010,10
Central Espanol,Racing Club,2010-10-24,1,1,F,E,2010,10
Defensor Sporting,Rampla Juniors Futbol Club,2010-10-24,4,1,F,L,2010,10
River Plate,Liverpool,2010-10-24,1,2,F,V,2010,10
Tacuarembo Futbol Club,CA Penarol,2010-10-28,1,5,F,V,2010,10
Central Espanol,Montevideo Wanderers,2010-10-30,2,1,F,L,2010,10
Nacional,River Plate,2010-10-30,6,1,F,L,2010,10
Rampla Juniors Futbol Club,Miramar Misiones,2010-10-30,2,0,F,L,2010,10
CA Penarol,Liverpool,2010-10-31,1,2,F,V,2010,10
Danubio,El Tanque Sisley,2010-10-31,2,0,F,L,2010,10
Defensor Sporting,CA Fenix,2010-10-31,5,1,F,L,2010,10
Racing Club,Bella Vista,2010-10-31,1,2,F,V,2010,10
Tacuarembo Futbol Club,CA Cerro,2010-10-31,0,1,F,V,2010,10
CA Fenix,CA Cerro,2010-11-06,4,0,F,L,2010,11
CA Penarol,Rampla Juniors Futbol Club,2010-11-06,1,1,F,E,2010,11
Racing Club,Defensor Sporting,2010-11-06,0,3,F,V,2010,11
Central Espanol,Nacional,2010-11-07,1,3,F,V,2010,11
El Tanque Sisley,Liverpool,2010-11-07,1,1,F,E,2010,11
Miramar Misiones,River Plate,2010-11-07,1,1,F,E,2010,11
Montevideo Wanderers,Bella Vista,2010-11-07,0,2,F,V,2010,11
Tacuarembo Futbol Club,Danubio,2010-11-07,0,3,F,V,2010,11
Bella Vista,Miramar Misiones,2010-11-13,3,2,F,L,2010,11
CA Cerro,Montevideo Wanderers,2010-11-13,1,1,F,E,2010,11
Danubio,Racing Club,2010-11-13,2,0,F,L,2010,11
Defensor Sporting,Central Espanol,2010-11-13,1,1,F,E,2010,11
Rampla Juniors Futbol Club,Tacuarembo Futbol Club,2010-11-13,1,0,F,L,2010,11
Liverpool,CA Fenix,2010-11-14,2,1,F,L,2010,11
Nacional,CA Penarol,2010-11-14,0,0,F,E,2010,11
River Plate,El Tanque Sisley,2010-11-14,1,2,F,V,2010,11
Bella Vista,CA Fenix,2010-11-20,0,0,F,E,2010,11
CA Penarol,Defensor Sporting,2010-11-20,0,1,F,V,2010,11
Rampla Juniors Futbol Club,Racing Club,2010-11-20,1,1,F,E,2010,11
Central Espanol,Tacuarembo Futbol Club,2010-11-21,1,0,F,L,2010,11
El Tanque Sisley,CA Cerro,2010-11-21,0,2,F,V,2010,11
Liverpool,Miramar Misiones,2010-11-21,0,0,F,E,2010,11
Montevideo Wanderers,River Plate,2010-11-21,1,2,F,V,2010,11
Nacional,Danubio,2010-11-21,2,1,F,L,2010,11
CA Cerro,Bella Vista,2010-11-27,2,4,F,V,2010,11
Defensor Sporting,Nacional,2010-11-27,1,2,F,V,2010,11
River Plate,CA Fenix,2010-11-27,1,2,F,V,2010,11
Central Espanol,CA Penarol,2010-11-28,2,3,F,V,2010,11
Danubio,Rampla Juniors Futbol Club,2010-11-28,3,3,F,E,2010,11
Liverpool,Montevideo Wanderers,2010-11-28,0,2,F,V,2010,11
Miramar Misiones,El Tanque Sisley,2010-11-28,0,1,F,V,2010,11
Tacuarembo Futbol Club,Racing Club,2010-11-28,0,2,F,V,2010,11
CA Cerro,Liverpool,2010-12-04,2,1,F,L,2010,12
Danubio,Central Espanol,2010-12-04,4,2,F,L,2010,12
Montevideo Wanderers,Miramar Misiones,2010-12-04,1,1,F,E,2010,12
Racing Club,CA Penarol,2010-12-04,2,1,F,L,2010,12
Bella Vista,River Plate,2010-12-05,1,0,F,L,2010,12
CA Fenix,El Tanque Sisley,2010-12-05,0,1,F,V,2010,12
Rampla Juniors Futbol Club,Nacional,2010-12-05,1,2,F,V,2010,12
Tacuarembo Futbol Club,Defensor Sporting,2010-12-05,1,3,F,V,2010,12
Danubio,CA Cerro,2011-02-05,1,0,F,L,2011,2
Defensor Sporting,River Plate,2011-02-05,4,1,F,L,2011,2
Nacional,Montevideo Wanderers,2011-02-05,1,1,F,E,2011,2
Bella Vista,Central Espanol,2011-02-06,1,1,F,E,2011,2
Racing Club,El Tanque Sisley,2011-02-06,2,1,F,L,2011,2
Rampla Juniors Futbol Club,Liverpool,2011-02-06,1,1,F,E,2011,2
Tacuarembo Futbol Club,CA Fenix,2011-02-06,3,0,F,L,2011,2
Miramar Misiones,CA Penarol,2011-02-07,3,0,F,L,2011,2
CA Fenix,Nacional,2011-02-11,2,1,F,L,2011,2
Liverpool,Defensor Sporting,2011-02-12,1,2,F,V,2011,2
Miramar Misiones,Racing Club,2011-02-12,1,1,F,E,2011,2
Bella Vista,Danubio,2011-02-13,4,1,F,L,2011,2
CA Cerro,Central Espanol,2011-02-13,1,5,F,V,2011,2
El Tanque Sisley,Tacuarembo Futbol Club,2011-02-13,0,1,F,V,2011,2
Montevideo Wanderers,CA Penarol,2011-02-13,1,2,F,V,2011,2
River Plate,Rampla Juniors Futbol Club,2011-02-13,1,2,F,V,2011,2
CA Penarol,CA Fenix,2011-02-19,1,1,F,E,2011,2
Central Espanol,River Plate,2011-02-19,2,0,F,L,2011,2
CA Cerro,Defensor Sporting,2011-02-20,2,1,F,L,2011,2
Danubio,Miramar Misiones,2011-02-20,5,2,F,L,2011,2
Racing Club,Liverpool,2011-02-20,1,1,F,E,2011,2
Rampla Juniors Futbol Club,Bella Vista,2011-02-20,1,0,F,L,2011,2
Tacuarembo Futbol Club,Montevideo Wanderers,2011-02-20,2,1,F,L,2011,2
CA Cerro,Rampla Juniors Futbol Club,2011-02-26,1,1,F,E,2011,2
CA Fenix,Danubio,2011-02-26,1,0,F,L,2011,2
Miramar Misiones,Central Espanol,2011-02-26,0,1,F,V,2011,2
Bella Vista,Nacional,2011-02-27,0,1,F,V,2011,2
Liverpool,Tacuarembo Futbol Club,2011-02-27,3,0,F,L,2011,2
Montevideo Wanderers,Defensor Sporting,2011-02-27,0,1,F,V,2011,2
River Plate,Racing Club,2011-02-27,1,4,F,V,2011,2
CA Penarol,Bella Vista,2011-03-05,2,1,F,L,2011,3
El Tanque Sisley,Defensor Sporting,2011-03-05,0,1,F,V,2011,3
Rampla Juniors Futbol Club,Montevideo Wanderers,2011-03-05,1,4,F,V,2011,3
Central Espanol,CA Fenix,2011-03-06,1,1,F,E,2011,3
Danubio,Liverpool,2011-03-06,3,2,F,L,2011,3
Nacional,Miramar Misiones,2011-03-06,3,1,F,L,2011,3
Racing Club,CA Cerro,2011-03-06,1,2,F,V,2011,3
Tacuarembo Futbol Club,River Plate,2011-03-07,2,1,F,L,2011,3
CA Fenix,Rampla Juniors Futbol Club,2011-03-12,3,0,F,L,2011,3
Liverpool,Nacional,2011-03-12,0,2,F,V,2011,3
Montevideo Wanderers,Racing Club,2011-03-12,0,1,F,V,2011,3
Bella Vista,Defensor Sporting,2011-03-13,1,1,F,E,2011,3
CA Cerro,CA Penarol,2011-03-13,0,2,F,V,2011,3
El Tanque Sisley,Central Espanol,2011-03-13,1,0,F,L,2011,3
Miramar Misiones,Tacuarembo Futbol Club,2011-03-13,1,0,F,L,2011,3
River Plate,Danubio,2011-03-13,3,1,F,L,2011,3
Defensor Sporting,Miramar Misiones,2011-03-19,2,0,F,L,2011,3
Rampla Juniors Futbol Club,El Tanque Sisley,2011-03-19,4,2,F,L,2011,3
Central Espanol,Liverpool,2011-03-20,1,2,F,V,2011,3
Danubio,Montevideo Wanderers,2011-03-20,0,0,F,E,2011,3
Nacional,CA Cerro,2011-03-20,3,0,F,L,2011,3
Racing Club,CA Fenix,2011-03-20,2,4,F,V,2011,3
Tacuarembo Futbol Club,Bella Vista,2011-03-20,1,2,F,V,2011,3
El Tanque Sisley,CA Penarol,2011-03-25,2,4,F,V,2011,3
Nacional,El Tanque Sisley,2011-03-30,5,2,F,L,2011,3
Defensor Sporting,Danubio,2011-04-02,1,1,F,E,2011,4
Miramar Misiones,CA Fenix,2011-04-02,0,1,F,V,2011,4
River Plate,CA Cerro,2011-04-02,3,4,F,V,2011,4
Bella Vista,Liverpool,2011-04-03,2,4,F,V,2011,4
CA Penarol,Tacuarembo Futbol Club,2011-04-03,5,0,F,L,2011,4
Central Espanol,Rampla Juniors Futbol Club,2011-04-03,5,1,F,L,2011,4
Montevideo Wanderers,El Tanque Sisley,2011-04-03,5,1,F,L,2011,4
Nacional,Racing Club,2011-04-03,3,0,F,L,2011,4
CA Cerro,Miramar Misiones,2011-04-09,1,1,F,E,2011,4
CA Fenix,Montevideo Wanderers,2011-04-09,2,2,F,E,2011,4
Danubio,CA Penarol,2011-04-09,0,1,F,V,2011,4
El Tanque Sisley,Bella Vista,2011-04-10,0,0,F,E,2011,4
Liverpool,River Plate,2011-04-10,1,1,F,E,2011,4
Racing Club,Central Espanol,2011-04-10,1,1,F,E,2011,4
Rampla Juniors Futbol Club,Defensor Sporting,2011-04-10,0,0,F,E,2011,4
Tacuarembo Futbol Club,Nacional,2011-04-10,0,3,F,V,2011,4
Bella Vista,Racing Club,2011-04-16,1,0,F,L,2011,4
Miramar Misiones,Rampla Juniors Futbol Club,2011-04-16,1,2,F,V,2011,4
Montevideo Wanderers,Central Espanol,2011-04-16,2,2,F,E,2011,4
River Plate,Nacional,2011-04-16,4,2,F,L,2011,4
CA Cerro,Tacuarembo Futbol Club,2011-04-17,2,2,F,E,2011,4
CA Fenix,Defensor Sporting,2011-04-17,0,1,F,V,2011,4
El Tanque Sisley,Danubio,2011-04-17,3,2,F,L,2011,4
Liverpool,CA Penarol,2011-04-17,2,4,F,V,2011,4
Bella Vista,Montevideo Wanderers,2011-04-23,0,1,F,V,2011,4
Liverpool,El Tanque Sisley,2011-04-23,1,0,F,L,2011,4
Rampla Juniors Futbol Club,CA Penarol,2011-04-23,1,3,F,V,2011,4
CA Cerro,CA Fenix,2011-04-24,1,1,F,E,2011,4
Danubio,Tacuarembo Futbol Club,2011-04-24,3,1,F,L,2011,4
Defensor Sporting,Racing Club,2011-04-24,3,0,F,L,2011,4
Nacional,Central Espanol,2011-04-24,3,1,F,L,2011,4
River Plate,Miramar Misiones,2011-04-24,2,1,F,L,2011,4
CA Fenix,Liverpool,2011-05-07,0,0,F,E,2011,5
Central Espanol,Defensor Sporting,2011-05-07,2,0,F,L,2011,5
El Tanque Sisley,River Plate,2011-05-07,2,1,F,L,2011,5
Montevideo Wanderers,CA Cerro,2011-05-07,0,0,F,E,2011,5
Racing Club,Danubio,2011-05-07,6,0,F,L,2011,5
Tacuarembo Futbol Club,Rampla Juniors Futbol Club,2011-05-07,1,0,F,L,2011,5
CA Penarol,Nacional,2011-05-08,0,1,F,V,2011,5
Miramar Misiones,Bella Vista,2011-05-08,0,0,F,E,2011,5
CA Penarol,River Plate,2011-05-15,1,4,F,V,2011,5
CA Fenix,Bella Vista,2011-05-21,2,2,F,E,2011,5
Danubio,Nacional,2011-05-21,0,1,F,V,2011,5
Miramar Misiones,Liverpool,2011-05-21,0,4,F,V,2011,5
CA Cerro,El Tanque Sisley,2011-05-22,2,1,F,L,2011,5
Defensor Sporting,CA Penarol,2011-05-22,1,1,F,E,2011,5
Racing Club,Rampla Juniors Futbol Club,2011-05-22,3,2,F,L,2011,5
River Plate,Montevideo Wanderers,2011-05-22,4,2,F,L,2011,5
Tacuarembo Futbol Club,Central Espanol,2011-05-22,2,1,F,L,2011,5
Bella Vista,CA Cerro,2011-05-28,0,1,F,V,2011,5
Montevideo Wanderers,Liverpool,2011-05-28,1,0,F,L,2011,5
Nacional,Defensor Sporting,2011-05-28,3,0,F,L,2011,5
CA Fenix,River Plate,2011-05-29,4,1,F,L,2011,5
CA Penarol,Central Espanol,2011-05-29,2,2,F,E,2011,5
El Tanque Sisley,Miramar Misiones,2011-05-29,4,1,F,L,2011,5
Racing Club,Tacuarembo Futbol Club,2011-05-29,3,2,F,L,2011,5
Rampla Juniors Futbol Club,Danubio,2011-05-29,0,0,F,E,2011,5
Miramar Misiones,Montevideo Wanderers,2011-06-04,0,4,F,V,2011,6
Nacional,Rampla Juniors Futbol Club,2011-06-04,0,2,F,V,2011,6
CA Penarol,Racing Club,2011-06-05,0,1,F,V,2011,6
Central Espanol,Danubio,2011-06-05,1,0,F,L,2011,6
Defensor Sporting,Tacuarembo Futbol Club,2011-06-05,1,0,F,L,2011,6
El Tanque Sisley,CA Fenix,2011-06-05,0,1,F,V,2011,6
Liverpool,CA Cerro,2011-06-05,0,2,F,V,2011,6
River Plate,Bella Vista,2011-06-05,2,2,F,E,2011,6
Nacional,Defensor Sporting,2011-06-12,1,0,F,L,2011,6
Defensor Sporting,Rampla Juniors Futbol Club,2011-08-13,2,0,F,L,2011,8
Racing Club,Liverpool,2011-08-13,1,1,F,E,2011,8
CA Cerro,Club Sportivo Cerrito,2011-08-14,3,1,F,L,2011,8
Cerro Largo FC,Rentistas,2011-08-14,1,0,F,L,2011,8
Danubio,Montevideo Wanderers,2011-08-14,1,0,F,L,2011,8
El Tanque Sisley,CA Fenix,2011-08-14,0,2,F,V,2011,8
River Plate,Nacional,2011-08-14,3,3,F,E,2011,8
Montevideo Wanderers,Cerro Largo FC,2011-08-20,3,2,F,L,2011,8
Nacional,Defensor Sporting,2011-08-20,2,2,F,E,2011,8
CA Fenix,Bella Vista,2011-08-21,2,1,F,L,2011,8
CA Penarol,El Tanque Sisley,2011-08-21,2,0,F,L,2011,8
Club Sportivo Cerrito,Racing Club,2011-08-21,0,0,F,E,2011,8
Liverpool,River Plate,2011-08-21,1,2,F,V,2011,8
Rampla Juniors Futbol Club,CA Cerro,2011-08-21,0,1,F,V,2011,8
Rentistas,Danubio,2011-08-21,0,1,F,V,2011,8
Bella Vista,CA Penarol,2011-08-25,0,3,F,V,2011,8
CA Cerro,Nacional,2011-08-27,0,0,F,E,2011,8
El Tanque Sisley,Liverpool,2011-08-27,0,1,F,V,2011,8
River Plate,Rentistas,2011-08-27,2,0,F,L,2011,8
Cerro Largo FC,CA Penarol,2011-08-28,0,0,F,E,2011,8
Danubio,CA Fenix,2011-08-28,4,0,F,L,2011,8
Defensor Sporting,Club Sportivo Cerrito,2011-08-28,1,1,F,E,2011,8
Montevideo Wanderers,Bella Vista,2011-08-28,4,0,F,L,2011,8
Racing Club,Rampla Juniors Futbol Club,2011-08-28,1,3,F,V,2011,8
CA Fenix,Cerro Largo FC,2011-09-03,1,1,F,E,2011,9
CA Penarol,Defensor Sporting,2011-09-03,1,0,F,L,2011,9
Club Sportivo Cerrito,El Tanque Sisley,2011-09-03,0,1,F,V,2011,9
Liverpool,Bella Vista,2011-09-04,2,0,F,L,2011,9
Montevideo Wanderers,River Plate,2011-09-04,0,3,F,V,2011,9
Nacional,Racing Club,2011-09-04,3,2,F,L,2011,9
Rampla Juniors Futbol Club,Danubio,2011-09-04,0,0,F,E,2011,9
Rentistas,CA Cerro,2011-09-04,1,0,F,L,2011,9
CA Cerro,Montevideo Wanderers,2011-09-10,1,0,F,L,2011,9
Danubio,Nacional,2011-09-10,1,1,F,E,2011,9
El Tanque Sisley,Rentistas,2011-09-10,2,0,F,L,2011,9
Bella Vista,Club Sportivo Cerrito,2011-09-11,0,1,F,V,2011,9
Cerro Largo FC,Liverpool,2011-09-11,1,0,F,L,2011,9
Defensor Sporting,CA Fenix,2011-09-11,0,1,F,V,2011,9
Racing Club,CA Penarol,2011-09-11,2,2,F,E,2011,9
River Plate,Rampla Juniors Futbol Club,2011-09-11,2,1,F,L,2011,9
CA Fenix,CA Cerro,2011-09-17,0,3,F,V,2011,9
CA Penarol,Danubio,2011-09-17,2,1,F,L,2011,9
Rampla Juniors Futbol Club,El Tanque Sisley,2011-09-17,2,1,F,L,2011,9
Club Sportivo Cerrito,River Plate,2011-09-18,0,0,F,E,2011,9
Liverpool,Defensor Sporting,2011-09-18,2,3,F,V,2011,9
Nacional,Cerro Largo FC,2011-09-18,4,0,F,L,2011,9
Racing Club,Montevideo Wanderers,2011-09-18,3,2,F,L,2011,9
Rentistas,Bella Vista,2011-09-18,2,1,F,L,2011,9
Defensor Sporting,Rentistas,2011-09-24,1,0,F,L,2011,9
El Tanque Sisley,Montevideo Wanderers,2011-09-24,3,2,F,L,2011,9
River Plate,CA Penarol,2011-09-24,0,4,F,V,2011,9
Bella Vista,Nacional,2011-09-25,1,0,F,L,2011,9
CA Cerro,Liverpool,2011-09-25,2,1,F,L,2011,9
Cerro Largo FC,Rampla Juniors Futbol Club,2011-09-25,3,2,F,L,2011,9
Danubio,Club Sportivo Cerrito,2011-09-25,1,0,F,L,2011,9
Racing Club,CA Fenix,2011-09-25,0,0,F,E,2011,9
CA Fenix,Montevideo Wanderers,2011-10-01,3,3,F,E,2011,10
Club Sportivo Cerrito,Nacional,2011-10-01,0,3,F,V,2011,10
Liverpool,Rampla Juniors Futbol Club,2011-10-01,0,1,F,V,2011,10
CA Cerro,River Plate,2011-10-02,2,0,F,L,2011,10
Cerro Largo FC,Bella Vista,2011-10-02,1,0,F,L,2011,10
El Tanque Sisley,Danubio,2011-10-02,1,1,F,E,2011,10
Racing Club,Defensor Sporting,2011-10-02,0,3,F,V,2011,10
Rentistas,CA Penarol,2011-10-02,0,3,F,V,2011,10
Bella Vista,El Tanque Sisley,2011-10-08,1,2,F,V,2011,10
CA Penarol,CA Fenix,2011-10-08,2,1,F,L,2011,10
Danubio,Racing Club,2011-10-09,1,1,F,E,2011,10
Defensor Sporting,CA Cerro,2011-10-09,2,3,F,V,2011,10
Montevideo Wanderers,Liverpool,2011-10-09,0,1,F,V,2011,10
Nacional,Rentistas,2011-10-09,3,0,F,L,2011,10
Rampla Juniors Futbol Club,Club Sportivo Cerrito,2011-10-09,1,3,F,V,2011,10
River Plate,Cerro Largo FC,2011-10-09,2,1,F,L,2011,10
CA Cerro,CA Penarol,2011-10-15,0,0,F,E,2011,10
CA Fenix,River Plate,2011-10-15,1,2,F,V,2011,10
Liverpool,Danubio,2011-10-15,1,2,F,V,2011,10
Nacional,El Tanque Sisley,2011-10-15,3,0,F,L,2011,10
Club Sportivo Cerrito,Cerro Largo FC,2011-10-16,0,0,F,E,2011,10
Rampla Juniors Futbol Club,Bella Vista,2011-10-16,0,1,F,V,2011,10
Rentistas,Racing Club,2011-10-16,1,1,F,E,2011,10
Defensor Sporting,Danubio,2011-11-04,0,1,F,V,2011,11
CA Cerro,Cerro Largo FC,2011-11-05,0,1,F,V,2011,11
Liverpool,CA Penarol,2011-11-05,3,0,F,L,2011,11
Racing Club,El Tanque Sisley,2011-11-05,3,0,F,L,2011,11
Club Sportivo Cerrito,Rentistas,2011-11-06,1,0,F,L,2011,11
Montevideo Wanderers,Rampla Juniors Futbol Club,2011-11-06,2,0,F,L,2011,11
Nacional,CA Fenix,2011-11-06,0,0,F,E,2011,11
River Plate,Bella Vista,2011-11-06,1,2,F,V,2011,11
Montevideo Wanderers,Defensor Sporting,2011-11-08,0,2,F,V,2011,11
CA Fenix,Club Sportivo Cerrito,2011-11-12,3,1,F,L,2011,11
Danubio,River Plate,2011-11-12,0,0,F,E,2011,11
Rampla Juniors Futbol Club,Nacional,2011-11-12,0,2,F,V,2011,11
Bella Vista,Racing Club,2011-11-13,0,1,F,V,2011,11
CA Penarol,Montevideo Wanderers,2011-11-13,1,2,F,V,2011,11
Cerro Largo FC,Defensor Sporting,2011-11-13,0,3,F,V,2011,11
El Tanque Sisley,CA Cerro,2011-11-13,2,0,F,L,2011,11
Rentistas,Liverpool,2011-11-13,3,0,F,L,2011,11
Danubio,CA Cerro,2011-11-19,1,0,F,L,2011,11
Defensor Sporting,Bella Vista,2011-11-19,2,1,F,L,2011,11
El Tanque Sisley,River Plate,2011-11-19,1,1,F,E,2011,11
Montevideo Wanderers,Club Sportivo Cerrito,2011-11-19,3,1,F,L,2011,11
Racing Club,Cerro Largo FC,2011-11-19,1,3,F,V,2011,11
CA Fenix,Liverpool,2011-11-20,1,2,F,V,2011,11
Nacional,CA Penarol,2011-11-20,2,1,F,L,2011,11
Rampla Juniors Futbol Club,Rentistas,2011-11-20,4,0,F,L,2011,11
CA Penarol,Rampla Juniors Futbol Club,2011-11-26,4,1,F,L,2011,11
Club Sportivo Cerrito,Liverpool,2011-11-26,1,2,F,V,2011,11
River Plate,Racing Club,2011-11-26,2,1,F,L,2011,11
Bella Vista,CA Cerro,2011-11-27,0,0,F,E,2011,11
Cerro Largo FC,Danubio,2011-11-27,1,0,F,L,2011,11
El Tanque Sisley,Defensor Sporting,2011-11-27,2,2,F,E,2011,11
Montevideo Wanderers,Nacional,2011-11-27,1,3,F,V,2011,11
Rentistas,CA Fenix,2011-11-27,2,0,F,L,2011,11
Defensor Sporting,River Plate,2011-12-02,0,2,F,V,2011,12
CA Fenix,Rampla Juniors Futbol Club,2011-12-03,0,1,F,V,2011,12
Cerro Largo FC,El Tanque Sisley,2011-12-03,3,0,F,L,2011,12
Club Sportivo Cerrito,CA Penarol,2011-12-03,0,5,F,V,2011,12
Rentistas,Montevideo Wanderers,2011-12-03,1,1,F,E,2011,12
CA Cerro,Racing Club,2011-12-04,2,3,F,V,2011,12
Danubio,Bella Vista,2011-12-04,4,1,F,L,2011,12
Liverpool,Nacional,2011-12-04,0,1,F,V,2011,12
Club Sportivo Cerrito,CA Cerro,2012-02-18,1,4,F,V,2012,2
Montevideo Wanderers,Danubio,2012-02-18,1,1,F,E,2012,2
Rentistas,Cerro Largo FC,2012-02-18,1,1,F,E,2012,2
CA Fenix,El Tanque Sisley,2012-02-19,0,2,F,V,2012,2
Liverpool,Racing Club,2012-02-19,2,1,F,L,2012,2
Nacional,River Plate,2012-02-19,3,2,F,L,2012,2
Rampla Juniors Futbol Club,Defensor Sporting,2012-02-19,0,2,F,V,2012,2
Bella Vista,CA Fenix,2012-02-25,0,0,F,E,2012,2
Cerro Largo FC,Montevideo Wanderers,2012-02-25,3,0,F,L,2012,2
El Tanque Sisley,CA Penarol,2012-02-25,0,2,F,V,2012,2
River Plate,Liverpool,2012-02-25,1,3,F,V,2012,2
CA Cerro,Rampla Juniors Futbol Club,2012-02-26,0,0,F,E,2012,2
Danubio,Rentistas,2012-02-26,1,1,F,E,2012,2
Defensor Sporting,Nacional,2012-02-26,2,2,F,E,2012,2
Racing Club,Club Sportivo Cerrito,2012-02-26,0,0,F,E,2012,2
CA Penarol,Bella Vista,2012-02-29,4,1,F,L,2012,2
CA Fenix,Danubio,2012-03-03,1,1,F,E,2012,3
CA Penarol,Cerro Largo FC,2012-03-03,4,2,F,L,2012,3
Rampla Juniors Futbol Club,Racing Club,2012-03-03,4,3,F,L,2012,3
Bella Vista,Montevideo Wanderers,2012-03-04,2,2,F,E,2012,3
Club Sportivo Cerrito,Defensor Sporting,2012-03-04,0,2,F,V,2012,3
Liverpool,El Tanque Sisley,2012-03-04,1,0,F,L,2012,3
Nacional,CA Cerro,2012-03-04,3,0,F,L,2012,3
Rentistas,River Plate,2012-03-04,0,2,F,V,2012,3
Racing Club,Nacional,2012-03-09,1,0,F,L,2012,3
CA Cerro,Rentistas,2012-03-10,3,0,F,L,2012,3
El Tanque Sisley,Club Sportivo Cerrito,2012-03-10,3,2,F,L,2012,3
Bella Vista,Liverpool,2012-03-11,1,2,F,V,2012,3
Cerro Largo FC,CA Fenix,2012-03-11,2,0,F,L,2012,3
Danubio,Rampla Juniors Futbol Club,2012-03-11,3,2,F,L,2012,3
River Plate,Montevideo Wanderers,2012-03-11,2,2,F,E,2012,3
CA Fenix,Defensor Sporting,2012-03-24,0,1,F,V,2012,3
CA Penarol,Racing Club,2012-03-24,4,2,F,L,2012,3
Nacional,Danubio,2012-03-24,3,1,F,L,2012,3
Rampla Juniors Futbol Club,River Plate,2012-03-24,2,1,F,L,2012,3
Club Sportivo Cerrito,Bella Vista,2012-03-25,3,2,F,L,2012,3
Liverpool,Cerro Largo FC,2012-03-25,2,1,F,L,2012,3
Montevideo Wanderers,CA Cerro,2012-03-25,3,1,F,L,2012,3
Rentistas,El Tanque Sisley,2012-03-25,0,0,F,E,2012,3
CA Cerro,CA Fenix,2012-03-31,1,1,F,E,2012,3
Cerro Largo FC,Nacional,2012-03-31,4,2,F,L,2012,3
Montevideo Wanderers,Racing Club,2012-03-31,3,0,F,L,2012,3
Bella Vista,Rentistas,2012-04-01,1,0,F,L,2012,4
Danubio,CA Penarol,2012-04-01,3,2,F,L,2012,4
Defensor Sporting,Liverpool,2012-04-01,4,2,F,L,2012,4
El Tanque Sisley,Rampla Juniors Futbol Club,2012-04-01,1,3,F,V,2012,4
River Plate,Club Sportivo Cerrito,2012-04-01,2,2,F,E,2012,4
Defensor Sporting,CA Penarol,2012-04-05,0,0,F,E,2012,4
Montevideo Wanderers,El Tanque Sisley,2012-04-07,1,3,F,V,2012,4
Rampla Juniors Futbol Club,Cerro Largo FC,2012-04-07,0,3,F,V,2012,4
Club Sportivo Cerrito,Danubio,2012-04-08,1,0,F,L,2012,4
Liverpool,CA Cerro,2012-04-08,2,1,F,L,2012,4
Nacional,Bella Vista,2012-04-09,3,1,F,L,2012,4
Bella Vista,Cerro Largo FC,2012-04-14,1,2,F,V,2012,4
Montevideo Wanderers,CA Fenix,2012-04-14,2,1,F,L,2012,4
Rampla Juniors Futbol Club,Liverpool,2012-04-14,0,2,F,V,2012,4
Danubio,El Tanque Sisley,2012-04-15,2,1,F,L,2012,4
Defensor Sporting,Racing Club,2012-04-15,5,1,F,L,2012,4
Nacional,Club Sportivo Cerrito,2012-04-15,6,1,F,L,2012,4
River Plate,CA Cerro,2012-04-15,3,3,F,E,2012,4
Racing Club,Danubio,2012-04-21,0,1,F,V,2012,4
Rentistas,Nacional,2012-04-21,2,3,F,V,2012,4
CA Cerro,Defensor Sporting,2012-04-22,2,3,F,V,2012,4
CA Fenix,CA Penarol,2012-04-22,2,2,F,E,2012,4
Cerro Largo FC,River Plate,2012-04-22,0,3,F,V,2012,4
El Tanque Sisley,Bella Vista,2012-04-22,1,2,F,V,2012,4
Liverpool,Montevideo Wanderers,2012-04-22,1,2,F,V,2012,4
CA Penarol,CA Cerro,2012-04-28,3,1,F,L,2012,4
Danubio,Liverpool,2012-04-28,0,0,F,E,2012,4
River Plate,CA Fenix,2012-04-28,2,1,F,L,2012,4
Bella Vista,Rampla Juniors Futbol Club,2012-04-29,3,1,F,L,2012,4
Cerro Largo FC,Club Sportivo Cerrito,2012-04-29,2,0,F,L,2012,4
Defensor Sporting,Montevideo Wanderers,2012-04-29,2,1,F,L,2012,4
El Tanque Sisley,Nacional,2012-04-29,0,1,F,V,2012,4
Racing Club,Rentistas,2012-04-29,3,1,F,L,2012,4
CA Penarol,River Plate,2012-05-03,1,0,F,L,2012,5
CA Fenix,Nacional,2012-05-05,0,2,F,V,2012,5
El Tanque Sisley,Racing Club,2012-05-05,3,0,F,L,2012,5
Rentistas,Club Sportivo Cerrito,2012-05-05,1,1,F,E,2012,5
Bella Vista,River Plate,2012-05-06,0,1,F,V,2012,5
CA Penarol,Liverpool,2012-05-06,0,1,F,V,2012,5
Cerro Largo FC,CA Cerro,2012-05-06,1,0,F,L,2012,5
Danubio,Defensor Sporting,2012-05-06,0,1,F,V,2012,5
Rampla Juniors Futbol Club,Montevideo Wanderers,2012-05-06,1,3,F,V,2012,5
CA Penarol,Rentistas,2012-05-10,4,1,F,L,2012,5
Club Sportivo Cerrito,CA Fenix,2012-05-12,1,1,F,E,2012,5
Nacional,Rampla Juniors Futbol Club,2012-05-12,1,1,F,E,2012,5
Racing Club,Bella Vista,2012-05-12,0,1,F,V,2012,5
CA Cerro,El Tanque Sisley,2012-05-13,1,0,F,L,2012,5
Defensor Sporting,Cerro Largo FC,2012-05-13,2,1,F,L,2012,5
Liverpool,Rentistas,2012-05-13,2,1,F,L,2012,5
Montevideo Wanderers,CA Penarol,2012-05-13,1,5,F,V,2012,5
River Plate,Danubio,2012-05-13,1,1,F,E,2012,5
CA Fenix,Racing Club,2012-05-16,2,3,F,V,2012,5
Club Sportivo Cerrito,Rampla Juniors Futbol Club,2012-05-16,0,0,F,E,2012,5
Rentistas,Defensor Sporting,2012-05-16,0,2,F,V,2012,5
CA Cerro,Danubio,2012-05-19,1,2,F,V,2012,5
Club Sportivo Cerrito,Montevideo Wanderers,2012-05-19,1,2,F,V,2012,5
Liverpool,CA Fenix,2012-05-19,5,4,F,L,2012,5
Rentistas,Rampla Juniors Futbol Club,2012-05-19,0,3,F,V,2012,5
River Plate,El Tanque Sisley,2012-05-19,4,0,F,L,2012,5
Bella Vista,Defensor Sporting,2012-05-20,0,1,F,V,2012,5
CA Penarol,Nacional,2012-05-20,2,3,F,V,2012,5
Cerro Largo FC,Racing Club,2012-05-20,2,2,F,E,2012,5
CA Fenix,Rentistas,2012-05-26,1,1,F,E,2012,5
Danubio,Cerro Largo FC,2012-05-27,1,1,F,E,2012,5
Defensor Sporting,El Tanque Sisley,2012-05-27,3,0,F,L,2012,5
Liverpool,Club Sportivo Cerrito,2012-05-27,3,1,F,L,2012,5
Nacional,Montevideo Wanderers,2012-05-27,2,0,F,L,2012,5
CA Cerro,Bella Vista,2012-05-28,0,2,F,V,2012,5
Racing Club,River Plate,2012-05-28,4,2,F,L,2012,5
Rampla Juniors Futbol Club,CA Penarol,2012-05-28,1,7,F,V,2012,5
CA Penarol,Club Sportivo Cerrito,2012-06-01,1,0,F,L,2012,6
Rampla Juniors Futbol Club,CA Fenix,2012-06-01,0,4,F,V,2012,6
Bella Vista,Danubio,2012-06-03,2,1,F,L,2012,6
El Tanque Sisley,Cerro Largo FC,2012-06-03,0,3,F,V,2012,6
Montevideo Wanderers,Rentistas,2012-06-03,3,0,F,L,2012,6
Nacional,Liverpool,2012-06-03,4,3,F,L,2012,6
Racing Club,CA Cerro,2012-06-03,1,0,F,L,2012,6
River Plate,Defensor Sporting,2012-06-03,2,1,F,L,2012,6
Nacional,Defensor Sporting,2012-06-16,1,0,F,L,2012,6
Defensor Sporting,Nacional,2012-08-25,2,2,F,E,2012,8
River Plate,CA Juventud,2012-08-25,1,0,F,L,2012,8
CA Cerro,CA Progreso,2012-08-26,0,2,F,V,2012,8
CA Fenix,CA Penarol,2012-08-26,4,3,F,L,2012,8
Central Espanol,El Tanque Sisley,2012-08-26,1,2,F,V,2012,8
Cerro Largo FC,Montevideo Wanderers,2012-08-26,2,3,F,V,2012,8
Racing Club,Bella Vista,2012-08-26,0,1,F,V,2012,8
Danubio,CA Progreso,2012-09-01,1,4,F,V,2012,9
Montevideo Wanderers,Defensor Sporting,2012-09-01,0,4,F,V,2012,9
CA Juventud,Central Espanol,2012-09-02,1,0,F,L,2012,9
CA Penarol,River Plate,2012-09-02,1,1,F,E,2012,9
El Tanque Sisley,Bella Vista,2012-09-02,1,1,F,E,2012,9
Liverpool,CA Cerro,2012-09-02,1,0,F,L,2012,9
Racing Club,CA Fenix,2012-09-02,1,2,F,V,2012,9
Danubio,Liverpool,2012-09-09,2,2,F,E,2012,9
Nacional,Cerro Largo FC,2012-09-09,2,0,F,L,2012,9
CA Fenix,El Tanque Sisley,2012-09-15,0,2,F,V,2012,9
Central Espanol,Nacional,2012-09-15,0,2,F,V,2012,9
Defensor Sporting,Liverpool,2012-09-15,2,0,F,L,2012,9
Bella Vista,CA Penarol,2012-09-16,0,2,F,V,2012,9
CA Cerro,CA Juventud,2012-09-16,2,0,F,L,2012,9
Cerro Largo FC,CA Progreso,2012-09-16,1,1,F,E,2012,9
Danubio,Montevideo Wanderers,2012-09-16,2,4,F,V,2012,9
River Plate,Racing Club,2012-09-16,2,2,F,E,2012,9
Nacional,CA Fenix,2012-09-22,2,1,F,L,2012,9
CA Juventud,Danubio,2012-09-23,0,0,F,E,2012,9
CA Penarol,CA Cerro,2012-09-23,2,1,F,L,2012,9
CA Progreso,Defensor Sporting,2012-09-23,1,4,F,V,2012,9
El Tanque Sisley,River Plate,2012-09-23,1,0,F,L,2012,9
Montevideo Wanderers,Central Espanol,2012-09-23,0,0,F,E,2012,9
Racing Club,Cerro Largo FC,2012-09-23,1,0,F,L,2012,9
Bella Vista,CA Progreso,2012-09-29,3,1,F,L,2012,9
CA Cerro,Nacional,2012-09-29,1,0,F,L,2012,9
CA Fenix,Montevideo Wanderers,2012-09-29,4,1,F,L,2012,9
Central Espanol,Racing Club,2012-09-30,1,1,F,E,2012,9
Cerro Largo FC,El Tanque Sisley,2012-09-30,1,1,F,E,2012,9
Danubio,CA Penarol,2012-09-30,0,0,F,E,2012,9
Defensor Sporting,CA Juventud,2012-09-30,1,1,F,E,2012,9
River Plate,Liverpool,2012-09-30,2,0,F,L,2012,9
Liverpool,Bella Vista,2012-10-03,0,2,F,V,2012,10
CA Penarol,Central Espanol,2012-10-06,3,0,F,L,2012,10
Racing Club,CA Cerro,2012-10-06,1,2,F,V,2012,10
CA Fenix,CA Progreso,2012-10-07,2,0,F,L,2012,10
CA Juventud,Bella Vista,2012-10-07,2,0,F,L,2012,10
El Tanque Sisley,Defensor Sporting,2012-10-07,1,1,F,E,2012,10
Liverpool,Cerro Largo FC,2012-10-07,1,0,F,L,2012,10
Nacional,Danubio,2012-10-07,2,1,F,L,2012,10
River Plate,Montevideo Wanderers,2012-10-07,1,3,F,V,2012,10
CA Fenix,CA Juventud,2012-10-13,1,1,F,E,2012,10
Cerro Largo FC,CA Penarol,2012-10-13,2,4,F,V,2012,10
River Plate,CA Progreso,2012-10-13,0,0,F,E,2012,10
CA Cerro,Montevideo Wanderers,2012-10-14,0,0,F,E,2012,10
Central Espanol,Liverpool,2012-10-14,0,2,F,V,2012,10
Danubio,El Tanque Sisley,2012-10-14,1,2,F,V,2012,10
Defensor Sporting,Racing Club,2012-10-14,1,0,F,L,2012,10
CA Juventud,Racing Club,2012-10-20,0,1,F,V,2012,10
Nacional,Liverpool,2012-10-20,3,1,F,L,2012,10
River Plate,Bella Vista,2012-10-20,0,2,F,V,2012,10
CA Cerro,Cerro Largo FC,2012-10-21,2,2,F,E,2012,10
CA Fenix,Central Espanol,2012-10-21,1,2,F,V,2012,10
CA Penarol,El Tanque Sisley,2012-10-21,4,0,F,L,2012,10
CA Progreso,Montevideo Wanderers,2012-10-21,1,0,F,L,2012,10
Defensor Sporting,Danubio,2012-10-21,3,1,F,L,2012,10
Nacional,Bella Vista,2012-10-25,2,1,F,L,2012,10
Danubio,CA Cerro,2012-10-27,1,1,F,E,2012,10
Racing Club,CA Penarol,2012-10-27,2,5,F,V,2012,10
Bella Vista,CA Fenix,2012-10-28,0,0,F,E,2012,10
Central Espanol,Defensor Sporting,2012-10-28,1,1,F,E,2012,10
Cerro Largo FC,River Plate,2012-10-28,2,2,F,E,2012,10
El Tanque Sisley,Nacional,2012-10-28,3,2,F,L,2012,10
Montevideo Wanderers,CA Juventud,2012-10-28,3,3,F,E,2012,10
Liverpool,CA Progreso,2012-10-29,3,1,F,L,2012,10
Nacional,River Plate,2012-11-03,0,2,F,V,2012,11
Racing Club,Danubio,2012-11-03,2,2,F,E,2012,11
CA Juventud,Cerro Largo FC,2012-11-04,1,0,F,L,2012,11
CA Penarol,Defensor Sporting,2012-11-04,2,1,F,L,2012,11
CA Progreso,Central Espanol,2012-11-04,1,0,F,L,2012,11
El Tanque Sisley,CA Cerro,2012-11-04,2,1,F,L,2012,11
Liverpool,CA Fenix,2012-11-04,2,3,F,V,2012,11
Montevideo Wanderers,Bella Vista,2012-11-04,0,1,F,V,2012,11
Bella Vista,Cerro Largo FC,2012-11-10,0,1,F,V,2012,11
CA Fenix,Defensor Sporting,2012-11-10,1,3,F,V,2012,11
CA Juventud,Liverpool,2012-11-10,2,1,F,L,2012,11
Central Espanol,Danubio,2012-11-10,1,0,F,L,2012,11
El Tanque Sisley,CA Progreso,2012-11-10,2,2,F,E,2012,11
River Plate,CA Cerro,2012-11-10,0,1,F,V,2012,11
CA Penarol,Nacional,2012-11-11,0,0,F,E,2012,11
Montevideo Wanderers,Racing Club,2012-11-11,3,0,F,L,2012,11
CA Progreso,CA Penarol,2012-11-17,1,3,F,V,2012,11
Cerro Largo FC,Central Espanol,2012-11-17,0,0,F,E,2012,11
Danubio,River Plate,2012-11-17,0,2,F,V,2012,11
Defensor Sporting,Bella Vista,2012-11-17,4,0,F,L,2012,11
CA Cerro,CA Fenix,2012-11-18,1,2,F,V,2012,11
Liverpool,Montevideo Wanderers,2012-11-18,2,3,F,V,2012,11
Nacional,CA Juventud,2012-11-18,3,1,F,L,2012,11
Racing Club,El Tanque Sisley,2012-11-18,0,1,F,V,2012,11
Cerro Largo FC,CA Fenix,2012-11-24,2,0,F,L,2012,11
Racing Club,Nacional,2012-11-24,0,2,F,V,2012,11
River Plate,Defensor Sporting,2012-11-24,1,1,F,E,2012,11
Bella Vista,Danubio,2012-11-25,2,1,F,L,2012,11
CA Cerro,Central Espanol,2012-11-25,0,2,F,V,2012,11
CA Progreso,CA Juventud,2012-11-25,0,1,F,V,2012,11
El Tanque Sisley,Liverpool,2012-11-25,2,2,F,E,2012,11
Montevideo Wanderers,CA Penarol,2012-11-25,1,2,F,V,2012,11
CA Cerro,Bella Vista,2012-12-01,2,0,F,L,2012,12
Defensor Sporting,Cerro Largo FC,2012-12-01,1,0,F,L,2012,12
Montevideo Wanderers,El Tanque Sisley,2012-12-01,1,1,F,E,2012,12
Nacional,CA Progreso,2012-12-01,6,1,F,L,2012,12
CA Penarol,CA Juventud,2012-12-02,2,0,F,L,2012,12
Central Espanol,River Plate,2012-12-02,2,5,F,V,2012,12
Danubio,CA Fenix,2012-12-02,2,1,F,L,2012,12
Liverpool,Racing Club,2012-12-02,4,4,F,E,2012,12
CA Fenix,River Plate,2012-12-08,2,2,F,E,2012,12
Cerro Largo FC,Danubio,2012-12-08,1,1,F,E,2012,12
Defensor Sporting,CA Cerro,2012-12-08,2,0,F,L,2012,12
Bella Vista,Central Espanol,2012-12-09,0,1,F,V,2012,12
CA Juventud,El Tanque Sisley,2012-12-09,0,2,F,V,2012,12
CA Progreso,Racing Club,2012-12-09,1,2,F,V,2012,12
Nacional,Montevideo Wanderers,2012-12-09,1,0,F,L,2012,12
CA Penarol,Liverpool,2012-12-10,2,0,F,L,2012,12
CA Penarol,CA Fenix,2013-02-23,1,1,F,E,2013,2
El Tanque Sisley,Central Espanol,2013-02-23,3,1,F,L,2013,2
Montevideo Wanderers,Cerro Largo FC,2013-02-23,2,1,F,L,2013,2
Bella Vista,Racing Club,2013-02-24,0,1,F,V,2013,2
CA Juventud,River Plate,2013-02-24,0,4,F,V,2013,2
CA Progreso,CA Cerro,2013-02-24,2,1,F,L,2013,2
Liverpool,Danubio,2013-02-24,0,1,F,V,2013,2
Nacional,Defensor Sporting,2013-02-24,0,1,F,V,2013,2
CA Progreso,Danubio,2013-03-02,1,0,F,L,2013,3
Central Espanol,CA Juventud,2013-03-02,1,2,F,V,2013,3
Cerro Largo FC,Nacional,2013-03-02,1,1,F,E,2013,3
Bella Vista,El Tanque Sisley,2013-03-03,0,1,F,V,2013,3
CA Cerro,Liverpool,2013-03-03,1,0,F,L,2013,3
CA Fenix,Racing Club,2013-03-03,0,1,F,V,2013,3
Defensor Sporting,Montevideo Wanderers,2013-03-03,1,0,F,L,2013,3
River Plate,CA Penarol,2013-03-03,0,2,F,V,2013,3
CA Penarol,Bella Vista,2013-03-09,2,0,F,L,2013,3
CA Progreso,Cerro Largo FC,2013-03-09,1,2,F,V,2013,3
Liverpool,Defensor Sporting,2013-03-09,4,2,F,L,2013,3
CA Juventud,CA Cerro,2013-03-10,4,1,F,L,2013,3
El Tanque Sisley,CA Fenix,2013-03-10,2,0,F,L,2013,3
Montevideo Wanderers,Danubio,2013-03-10,1,2,F,V,2013,3
Nacional,Central Espanol,2013-03-10,2,1,F,L,2013,3
Racing Club,River Plate,2013-03-10,1,1,F,E,2013,3
CA Cerro,CA Penarol,2013-03-16,1,1,F,E,2013,3
Central Espanol,Montevideo Wanderers,2013-03-16,0,1,F,V,2013,3
Cerro Largo FC,Racing Club,2013-03-16,3,1,F,L,2013,3
Bella Vista,Liverpool,2013-03-17,3,3,F,E,2013,3
CA Fenix,Nacional,2013-03-17,2,2,F,E,2013,3
Danubio,CA Juventud,2013-03-17,2,1,F,L,2013,3
Defensor Sporting,CA Progreso,2013-03-17,0,1,F,V,2013,3
River Plate,El Tanque Sisley,2013-03-17,1,0,F,L,2013,3
CA Penarol,Danubio,2013-03-23,0,1,F,V,2013,3
El Tanque Sisley,Cerro Largo FC,2013-03-23,1,0,F,L,2013,3
Montevideo Wanderers,CA Fenix,2013-03-23,2,1,F,L,2013,3
CA Juventud,Defensor Sporting,2013-03-24,0,1,F,V,2013,3
CA Progreso,Bella Vista,2013-03-24,2,2,F,E,2013,3
Liverpool,River Plate,2013-03-24,4,2,F,L,2013,3
Nacional,CA Cerro,2013-03-24,2,2,F,E,2013,3
Racing Club,Central Espanol,2013-03-24,0,1,F,V,2013,3
Central Espanol,CA Penarol,2013-03-29,1,3,F,V,2013,3
Bella Vista,CA Juventud,2013-03-30,5,2,F,L,2013,3
CA Progreso,CA Fenix,2013-03-30,1,2,F,V,2013,3
Danubio,Nacional,2013-03-30,0,1,F,V,2013,3
CA Cerro,Racing Club,2013-03-31,1,1,F,E,2013,3
Cerro Largo FC,Liverpool,2013-03-31,1,1,F,E,2013,3
Defensor Sporting,El Tanque Sisley,2013-03-31,3,0,F,L,2013,3
Montevideo Wanderers,River Plate,2013-03-31,0,1,F,V,2013,3
CA Penarol,Cerro Largo FC,2013-04-06,2,0,F,L,2013,4
Liverpool,Central Espanol,2013-04-06,1,1,F,E,2013,4
Montevideo Wanderers,CA Cerro,2013-04-06,1,2,F,V,2013,4
Bella Vista,Nacional,2013-04-07,3,4,F,V,2013,4
CA Juventud,CA Fenix,2013-04-07,1,0,F,L,2013,4
CA Progreso,River Plate,2013-04-07,1,3,F,V,2013,4
El Tanque Sisley,Danubio,2013-04-07,0,1,F,V,2013,4
Racing Club,Defensor Sporting,2013-04-07,0,0,F,E,2013,4
Central Espanol,CA Fenix,2013-04-13,2,3,F,V,2013,4
Liverpool,Nacional,2013-04-13,0,2,F,V,2013,4
Racing Club,CA Juventud,2013-04-13,2,0,F,L,2013,4
Bella Vista,River Plate,2013-04-14,0,1,F,V,2013,4
Cerro Largo FC,CA Cerro,2013-04-14,3,1,F,L,2013,4
Danubio,Defensor Sporting,2013-04-14,0,2,F,V,2013,4
El Tanque Sisley,CA Penarol,2013-04-14,0,1,F,V,2013,4
Montevideo Wanderers,CA Progreso,2013-04-14,4,0,F,L,2013,4
CA Fenix,Bella Vista,2013-04-20,1,0,F,L,2013,4
CA Penarol,Racing Club,2013-04-20,1,2,F,V,2013,4
CA Progreso,Liverpool,2013-04-20,0,2,F,V,2013,4
CA Cerro,Danubio,2013-04-21,3,1,F,L,2013,4
CA Juventud,Montevideo Wanderers,2013-04-21,1,1,F,E,2013,4
Defensor Sporting,Central Espanol,2013-04-21,2,1,F,L,2013,4
River Plate,Cerro Largo FC,2013-04-21,2,0,F,L,2013,4
Nacional,El Tanque Sisley,2013-04-22,1,1,F,E,2013,4
CA Cerro,El Tanque Sisley,2013-04-27,2,2,F,E,2013,4
CA Fenix,Liverpool,2013-04-27,1,1,F,E,2013,4
Central Espanol,CA Progreso,2013-04-27,1,0,F,L,2013,4
Bella Vista,Montevideo Wanderers,2013-04-28,0,2,F,V,2013,4
Cerro Largo FC,CA Juventud,2013-04-28,2,3,F,V,2013,4
Danubio,Racing Club,2013-04-28,3,2,F,L,2013,4
Defensor Sporting,CA Penarol,2013-04-29,1,0,F,L,2013,4
River Plate,Nacional,2013-04-30,1,2,F,V,2013,4
CA Cerro,River Plate,2013-05-04,1,2,F,V,2013,5
CA Progreso,El Tanque Sisley,2013-05-04,2,1,F,L,2013,5
Danubio,Central Espanol,2013-05-04,0,2,F,V,2013,5
Defensor Sporting,CA Fenix,2013-05-04,2,0,F,L,2013,5
Liverpool,CA Juventud,2013-05-04,2,2,F,E,2013,5
Racing Club,Montevideo Wanderers,2013-05-04,3,2,F,L,2013,5
Cerro Largo FC,Bella Vista,2013-05-05,3,0,F,L,2013,5
Nacional,CA Penarol,2013-05-05,0,3,F,V,2013,5
CA Fenix,CA Cerro,2013-05-11,3,0,F,L,2013,5
CA Penarol,CA Progreso,2013-05-11,1,0,F,L,2013,5
Montevideo Wanderers,Liverpool,2013-05-11,2,0,F,L,2013,5
Bella Vista,Defensor Sporting,2013-05-12,0,0,F,E,2013,5
CA Juventud,Nacional,2013-05-12,2,0,F,L,2013,5
Central Espanol,Cerro Largo FC,2013-05-12,0,0,F,E,2013,5
El Tanque Sisley,Racing Club,2013-05-12,0,0,F,E,2013,5
River Plate,Danubio,2013-05-12,1,1,F,E,2013,5
CA Fenix,Cerro Largo FC,2013-05-18,3,1,F,L,2013,5
Central Espanol,CA Cerro,2013-05-18,0,2,F,V,2013,5
Defensor Sporting,River Plate,2013-05-18,2,2,F,E,2013,5
Nacional,Racing Club,2013-05-18,1,1,F,E,2013,5
CA Juventud,CA Progreso,2013-05-19,4,2,F,L,2013,5
CA Penarol,Montevideo Wanderers,2013-05-19,0,0,F,E,2013,5
Danubio,Bella Vista,2013-05-19,4,1,F,L,2013,5
Liverpool,El Tanque Sisley,2013-05-19,1,1,F,E,2013,5
CA Fenix,Danubio,2013-05-25,1,1,F,E,2013,5
CA Progreso,Nacional,2013-05-25,2,3,F,V,2013,5
Racing Club,Liverpool,2013-05-25,0,0,F,E,2013,5
River Plate,Central Espanol,2013-05-25,5,0,F,L,2013,5
Bella Vista,CA Cerro,2013-05-26,1,0,F,L,2013,5
CA Juventud,CA Penarol,2013-05-26,1,5,F,V,2013,5
Cerro Largo FC,Defensor Sporting,2013-05-26,0,1,F,V,2013,5
El Tanque Sisley,Montevideo Wanderers,2013-05-26,0,0,F,E,2013,5
Central Espanol,Bella Vista,2013-05-31,1,1,F,E,2013,5
CA Cerro,Defensor Sporting,2013-06-01,1,1,F,E,2013,6
Danubio,Cerro Largo FC,2013-06-01,1,0,F,L,2013,6
Liverpool,CA Penarol,2013-06-01,0,4,F,V,2013,6
River Plate,CA Fenix,2013-06-01,1,0,F,L,2013,6
El Tanque Sisley,CA Juventud,2013-06-02,4,4,F,E,2013,6
Montevideo Wanderers,Nacional,2013-06-02,1,2,F,V,2013,6
Racing Club,CA Progreso,2013-06-02,2,0,F,L,2013,6
Defensor Sporting,CA Penarol,2013-06-05,1,3,F,V,2013,6
CA Fenix,El Tanque Sisley,2013-08-17,1,2,F,V,2013,8
CA Penarol,River Plate,2013-08-17,2,4,F,V,2013,8
CA Cerro,Montevideo Wanderers,2013-08-18,3,1,F,L,2013,8
CA Juventud,Institucion Atletica Sud America,2013-08-18,0,2,F,V,2013,8
Cerro Largo FC,Danubio,2013-08-18,0,0,F,E,2013,8
Liverpool,Defensor Sporting,2013-08-18,1,0,F,L,2013,8
Nacional,Racing Club,2013-08-18,1,0,F,L,2013,8
El Tanque Sisley,CA Juventud,2013-08-24,2,0,F,L,2013,8
Institucion Atletica Sud America,CA Fenix,2013-08-24,3,2,F,L,2013,8
Montevideo Wanderers,Liverpool,2013-08-24,1,0,F,L,2013,8
Racing Club,Miramar Misiones,2013-08-24,5,0,F,L,2013,8
Rentistas,Nacional,2013-08-24,0,1,F,V,2013,8
Danubio,CA Cerro,2013-08-25,2,1,F,L,2013,8
Defensor Sporting,CA Penarol,2013-08-26,1,1,F,E,2013,8
CA Juventud,Defensor Sporting,2013-08-31,3,1,F,L,2013,8
Liverpool,Danubio,2013-08-31,1,2,F,V,2013,8
Rentistas,CA Penarol,2013-08-31,3,2,F,L,2013,8
CA Cerro,River Plate,2013-09-01,3,5,F,V,2013,9
CA Fenix,Racing Club,2013-09-01,0,2,F,V,2013,9
Cerro Largo FC,Montevideo Wanderers,2013-09-01,1,1,F,E,2013,9
Miramar Misiones,El Tanque Sisley,2013-09-01,0,2,F,V,2013,9
Nacional,Institucion Atletica Sud America,2013-09-01,3,1,F,L,2013,9
Miramar Misiones,Rentistas,2013-09-08,1,1,F,E,2013,9
River Plate,Cerro Largo FC,2013-09-08,3,1,F,L,2013,9
Danubio,Nacional,2013-09-14,2,0,F,L,2013,9
Institucion Atletica Sud America,Miramar Misiones,2013-09-14,0,0,F,E,2013,9
Montevideo Wanderers,CA Juventud,2013-09-14,1,1,F,E,2013,9
CA Cerro,Rentistas,2013-09-15,0,2,F,V,2013,9
Defensor Sporting,CA Fenix,2013-09-15,1,0,F,L,2013,9
El Tanque Sisley,Cerro Largo FC,2013-09-15,1,1,F,E,2013,9
Racing Club,CA Penarol,2013-09-15,2,3,F,V,2013,9
River Plate,Liverpool,2013-09-15,2,0,F,L,2013,9
CA Fenix,Montevideo Wanderers,2013-09-21,2,2,F,E,2013,9
CA Penarol,Danubio,2013-09-21,1,2,F,V,2013,9
Liverpool,El Tanque Sisley,2013-09-21,0,0,F,E,2013,9
CA Cerro,Racing Club,2013-09-22,0,1,F,V,2013,9
CA Juventud,Rentistas,2013-09-22,0,1,F,V,2013,9
Cerro Largo FC,Institucion Atletica Sud America,2013-09-22,2,0,F,L,2013,9
Miramar Misiones,Defensor Sporting,2013-09-22,0,1,F,V,2013,9
Nacional,River Plate,2013-09-22,1,0,F,L,2013,9
El Tanque Sisley,Nacional,2013-10-05,0,1,F,V,2013,10
Institucion Atletica Sud America,CA Cerro,2013-10-05,2,4,F,V,2013,10
Montevideo Wanderers,CA Penarol,2013-10-05,1,1,F,E,2013,10
Racing Club,Liverpool,2013-10-05,0,3,F,V,2013,10
Danubio,CA Juventud,2013-10-06,4,1,F,L,2013,10
Defensor Sporting,Cerro Largo FC,2013-10-06,2,2,F,E,2013,10
Rentistas,CA Fenix,2013-10-06,0,3,F,V,2013,10
River Plate,Miramar Misiones,2013-10-06,1,0,F,L,2013,10
CA Fenix,River Plate,2013-10-19,1,2,F,V,2013,10
CA Penarol,El Tanque Sisley,2013-10-19,0,0,F,E,2013,10
Liverpool,Institucion Atletica Sud America,2013-10-19,2,0,F,L,2013,10
CA Cerro,Defensor Sporting,2013-10-20,0,2,F,V,2013,10
CA Juventud,Racing Club,2013-10-20,3,1,F,L,2013,10
Cerro Largo FC,Rentistas,2013-10-20,2,3,F,V,2013,10
Miramar Misiones,Danubio,2013-10-20,1,1,F,E,2013,10
Nacional,Montevideo Wanderers,2013-10-20,3,0,F,L,2013,10
CA Juventud,Nacional,2013-10-26,1,3,F,V,2013,10
Defensor Sporting,Danubio,2013-10-26,1,3,F,V,2013,10
Institucion Atletica Sud America,Racing Club,2013-10-26,1,0,F,L,2013,10
CA Cerro,CA Penarol,2013-10-27,1,0,F,L,2013,10
El Tanque Sisley,Rentistas,2013-10-27,4,0,F,L,2013,10
Liverpool,Cerro Largo FC,2013-10-27,3,1,F,L,2013,10
Miramar Misiones,CA Fenix,2013-10-27,0,0,F,E,2013,10
Montevideo Wanderers,River Plate,2013-10-27,1,1,F,E,2013,10
Nacional,Liverpool,2013-11-02,1,2,F,V,2013,11
Racing Club,Defensor Sporting,2013-11-02,1,0,F,L,2013,11
River Plate,Rentistas,2013-11-02,0,1,F,V,2013,11
CA Fenix,CA Juventud,2013-11-03,4,2,F,L,2013,11
CA Penarol,Miramar Misiones,2013-11-03,5,0,F,L,2013,11
Cerro Largo FC,CA Cerro,2013-11-03,2,1,F,L,2013,11
Danubio,Montevideo Wanderers,2013-11-03,0,1,F,V,2013,11
El Tanque Sisley,Institucion Atletica Sud America,2013-11-03,1,1,F,E,2013,11
Defensor Sporting,Nacional,2013-11-07,5,3,F,L,2013,11
Institucion Atletica Sud America,CA Penarol,2013-11-09,2,1,F,L,2013,11
Montevideo Wanderers,Miramar Misiones,2013-11-09,4,2,F,L,2013,11
Rentistas,Liverpool,2013-11-09,0,0,F,E,2013,11
Danubio,CA Fenix,2013-11-10,2,1,F,L,2013,11
El Tanque Sisley,CA Cerro,2013-11-10,2,3,F,V,2013,11
Racing Club,Cerro Largo FC,2013-11-10,0,1,F,V,2013,11
River Plate,CA Juventud,2013-11-10,3,2,F,L,2013,11
Cerro Largo FC,Nacional,2013-11-16,1,4,F,V,2013,11
Defensor Sporting,El Tanque Sisley,2013-11-16,0,1,F,V,2013,11
Liverpool,CA Juventud,2013-11-16,2,2,F,E,2013,11
CA Cerro,Miramar Misiones,2013-11-17,1,2,F,V,2013,11
CA Penarol,CA Fenix,2013-11-17,2,1,F,L,2013,11
Montevideo Wanderers,Rentistas,2013-11-17,1,0,F,L,2013,11
Racing Club,Danubio,2013-11-17,0,2,F,V,2013,11
River Plate,Institucion Atletica Sud America,2013-11-17,2,2,F,E,2013,11
CA Fenix,Liverpool,2013-11-23,0,1,F,V,2013,11
CA Juventud,CA Cerro,2013-11-23,2,2,F,E,2013,11
Danubio,River Plate,2013-11-23,1,2,F,V,2013,11
El Tanque Sisley,Racing Club,2013-11-23,2,2,F,E,2013,11
Institucion Atletica Sud America,Montevideo Wanderers,2013-11-23,0,1,F,V,2013,11
Miramar Misiones,Cerro Largo FC,2013-11-23,2,1,F,L,2013,11
Nacional,CA Penarol,2013-11-24,2,3,F,V,2013,11
Rentistas,Defensor Sporting,2013-11-24,6,5,F,L,2013,11
CA Juventud,CA Penarol,2013-11-30,0,0,F,E,2013,11
Institucion Atletica Sud America,Defensor Sporting,2013-11-30,1,1,F,E,2013,11
Liverpool,Miramar Misiones,2013-11-30,2,2,F,E,2013,11
Cerro Largo FC,CA Fenix,2013-12-01,0,1,F,V,2013,12
Danubio,Rentistas,2013-12-01,0,3,F,V,2013,12
Nacional,CA Cerro,2013-12-01,1,0,F,L,2013,12
Racing Club,Montevideo Wanderers,2013-12-01,3,3,F,E,2013,12
River Plate,El Tanque Sisley,2013-12-01,1,1,F,E,2013,12
CA Penarol,Liverpool,2013-12-07,2,0,F,L,2013,12
Montevideo Wanderers,Defensor Sporting,2013-12-07,2,1,F,L,2013,12
Rentistas,Institucion Atletica Sud America,2013-12-07,1,1,F,E,2013,12
CA Fenix,CA Cerro,2013-12-08,0,0,F,E,2013,12
CA Juventud,Cerro Largo FC,2013-12-08,1,3,F,V,2013,12
El Tanque Sisley,Danubio,2013-12-08,0,2,F,V,2013,12
Miramar Misiones,Nacional,2013-12-08,1,4,F,V,2013,12
Racing Club,River Plate,2013-12-08,0,3,F,V,2013,12
CA Cerro,Liverpool,2013-12-14,2,1,F,L,2013,12
Cerro Largo FC,CA Penarol,2013-12-14,1,0,F,L,2013,12
Rentistas,Racing Club,2013-12-14,1,1,F,E,2013,12
Defensor Sporting,River Plate,2013-12-15,1,1,F,E,2013,12
Institucion Atletica Sud America,Danubio,2013-12-15,0,1,F,V,2013,12
Miramar Misiones,CA Juventud,2013-12-15,0,0,F,E,2013,12
Montevideo Wanderers,El Tanque Sisley,2013-12-15,5,0,F,L,2013,12
Nacional,CA Fenix,2013-12-15,1,2,F,V,2013,12
Defensor Sporting,Liverpool,2014-02-01,1,3,F,V,2014,2
Institucion Atletica Sud America,CA Juventud,2014-02-01,3,0,F,L,2014,2
Racing Club,Nacional,2014-02-01,0,2,F,V,2014,2
El Tanque Sisley,CA Fenix,2014-02-02,1,2,F,V,2014,2
Montevideo Wanderers,CA Cerro,2014-02-02,3,1,F,L,2014,2
River Plate,CA Penarol,2014-02-02,1,2,F,V,2014,2
Danubio,Cerro Largo FC,2014-02-04,1,1,F,E,2014,2
Rentistas,Miramar Misiones,2014-02-04,1,3,F,V,2014,2
CA Penarol,Defensor Sporting,2014-02-07,2,2,F,E,2014,2
CA Fenix,Institucion Atletica Sud America,2014-02-08,4,1,F,L,2014,2
Liverpool,Montevideo Wanderers,2014-02-08,2,2,F,E,2014,2
CA Cerro,Danubio,2014-02-09,1,1,F,E,2014,2
CA Juventud,El Tanque Sisley,2014-02-09,0,4,F,V,2014,2
Cerro Largo FC,River Plate,2014-02-09,2,2,F,E,2014,2
Miramar Misiones,Racing Club,2014-02-09,0,2,F,V,2014,2
Nacional,Rentistas,2014-02-09,2,0,F,L,2014,2
Danubio,Liverpool,2014-02-15,2,1,F,L,2014,2
Montevideo Wanderers,Cerro Largo FC,2014-02-15,4,0,F,L,2014,2
Defensor Sporting,CA Juventud,2014-02-16,2,1,F,L,2014,2
El Tanque Sisley,Miramar Misiones,2014-02-16,1,0,F,L,2014,2
Institucion Atletica Sud America,Nacional,2014-02-16,0,2,F,V,2014,2
Racing Club,CA Fenix,2014-02-16,0,3,F,V,2014,2
Nacional,Danubio,2014-02-22,0,2,F,V,2014,2
Rentistas,CA Cerro,2014-02-22,4,1,F,L,2014,2
CA Fenix,Defensor Sporting,2014-02-23,1,1,F,E,2014,2
CA Juventud,Montevideo Wanderers,2014-02-23,2,3,F,V,2014,2
CA Penarol,Racing Club,2014-02-23,1,1,F,E,2014,2
Cerro Largo FC,El Tanque Sisley,2014-02-23,2,1,F,L,2014,2
Liverpool,River Plate,2014-02-23,0,1,F,V,2014,2
Miramar Misiones,Institucion Atletica Sud America,2014-02-23,0,1,F,V,2014,2
Danubio,CA Penarol,2014-03-01,0,2,F,V,2014,3
Institucion Atletica Sud America,Cerro Largo FC,2014-03-01,0,1,F,V,2014,3
Racing Club,CA Cerro,2014-03-01,2,1,F,L,2014,3
Rentistas,CA Juventud,2014-03-01,0,3,F,V,2014,3
Defensor Sporting,Miramar Misiones,2014-03-02,2,1,F,L,2014,3
El Tanque Sisley,Liverpool,2014-03-02,1,4,F,V,2014,3
Montevideo Wanderers,CA Fenix,2014-03-02,0,2,F,V,2014,3
River Plate,Nacional,2014-03-02,3,0,F,L,2014,3
CA Penarol,Rentistas,2014-03-06,1,2,F,V,2014,3
Nacional,El Tanque Sisley,2014-03-07,3,1,F,L,2014,3
CA Juventud,Danubio,2014-03-08,2,3,F,V,2014,3
Cerro Largo FC,Defensor Sporting,2014-03-08,1,5,F,V,2014,3
Miramar Misiones,River Plate,2014-03-08,0,2,F,V,2014,3
CA Cerro,Institucion Atletica Sud America,2014-03-09,1,1,F,E,2014,3
CA Fenix,Rentistas,2014-03-09,1,2,F,V,2014,3
CA Penarol,Montevideo Wanderers,2014-03-09,2,1,F,L,2014,3
Liverpool,Racing Club,2014-03-09,2,2,F,E,2014,3
Institucion Atletica Sud America,Liverpool,2014-03-15,2,1,F,L,2014,3
Montevideo Wanderers,Nacional,2014-03-15,3,2,F,L,2014,3
Danubio,Miramar Misiones,2014-03-16,3,1,F,L,2014,3
Defensor Sporting,CA Cerro,2014-03-16,1,3,F,V,2014,3
El Tanque Sisley,CA Penarol,2014-03-16,3,4,F,V,2014,3
Racing Club,CA Juventud,2014-03-16,0,0,F,E,2014,3
Rentistas,Cerro Largo FC,2014-03-16,3,1,F,L,2014,3
River Plate,CA Fenix,2014-03-16,1,1,F,E,2014,3
River Plate,CA Cerro,2014-03-19,2,1,F,L,2014,3
CA Fenix,Miramar Misiones,2014-03-22,2,1,F,L,2014,3
CA Penarol,CA Cerro,2014-03-22,0,1,F,V,2014,3
Racing Club,Institucion Atletica Sud America,2014-03-22,3,1,F,L,2014,3
Cerro Largo FC,Liverpool,2014-03-23,2,2,F,E,2014,3
Danubio,Defensor Sporting,2014-03-23,1,1,F,E,2014,3
Nacional,CA Juventud,2014-03-23,0,1,F,V,2014,3
Rentistas,El Tanque Sisley,2014-03-23,1,1,F,E,2014,3
River Plate,Montevideo Wanderers,2014-03-23,1,0,F,L,2014,3
Defensor Sporting,Racing Club,2014-03-29,2,1,F,L,2014,3
Institucion Atletica Sud America,El Tanque Sisley,2014-03-29,0,0,F,E,2014,3
Liverpool,Nacional,2014-03-29,1,0,F,L,2014,3
Montevideo Wanderers,Danubio,2014-03-29,3,2,F,L,2014,3
CA Cerro,Cerro Largo FC,2014-03-30,2,1,F,L,2014,3
Miramar Misiones,CA Penarol,2014-04-05,0,2,F,V,2014,4
CA Juventud,CA Fenix,2014-04-06,1,1,F,E,2014,4
Rentistas,River Plate,2014-04-06,1,0,F,L,2014,4
Liverpool,Rentistas,2014-04-12,2,0,F,L,2014,4
CA Cerro,El Tanque Sisley,2014-04-13,1,3,F,V,2014,4
CA Fenix,Danubio,2014-04-13,1,2,F,V,2014,4
CA Juventud,River Plate,2014-04-13,3,1,F,L,2014,4
CA Penarol,Institucion Atletica Sud America,2014-04-13,2,0,F,L,2014,4
Cerro Largo FC,Racing Club,2014-04-13,0,1,F,V,2014,4
Miramar Misiones,Montevideo Wanderers,2014-04-13,0,5,F,V,2014,4
Nacional,Defensor Sporting,2014-04-13,2,0,F,L,2014,4
Danubio,Racing Club,2014-04-19,2,1,F,L,2014,4
Institucion Atletica Sud America,River Plate,2014-04-19,2,1,F,L,2014,4
Nacional,Cerro Largo FC,2014-04-19,3,0,F,L,2014,4
CA Juventud,Liverpool,2014-04-20,2,0,F,L,2014,4
El Tanque Sisley,Defensor Sporting,2014-04-20,3,3,F,E,2014,4
Miramar Misiones,CA Cerro,2014-04-20,0,1,F,V,2014,4
Rentistas,Montevideo Wanderers,2014-04-20,1,3,F,V,2014,4
CA Fenix,CA Penarol,2014-04-22,0,1,F,V,2014,4
CA Cerro,CA Juventud,2014-04-26,2,3,F,V,2014,4
Defensor Sporting,Rentistas,2014-04-26,1,1,F,E,2014,4
Liverpool,CA Fenix,2014-04-26,0,2,F,V,2014,4
Racing Club,El Tanque Sisley,2014-04-26,2,1,F,L,2014,4
River Plate,Danubio,2014-04-26,2,1,F,L,2014,4
CA Penarol,Nacional,2014-04-27,5,0,F,L,2014,4
Cerro Largo FC,Miramar Misiones,2014-04-27,0,1,F,V,2014,4
Montevideo Wanderers,Institucion Atletica Sud America,2014-04-27,3,1,F,L,2014,4
CA Fenix,Cerro Largo FC,2014-05-03,5,1,F,L,2014,5
CA Penarol,CA Juventud,2014-05-03,4,0,F,L,2014,5
Defensor Sporting,Institucion Atletica Sud America,2014-05-03,2,1,F,L,2014,5
Montevideo Wanderers,Racing Club,2014-05-03,3,1,F,L,2014,5
CA Cerro,Nacional,2014-05-04,1,3,F,V,2014,5
El Tanque Sisley,River Plate,2014-05-04,0,1,F,V,2014,5
Miramar Misiones,Liverpool,2014-05-04,3,2,F,L,2014,5
Rentistas,Danubio,2014-05-04,1,0,F,L,2014,5
Institucion Atletica Sud America,Rentistas,2014-05-10,3,1,F,L,2014,5
Nacional,Miramar Misiones,2014-05-10,3,0,F,L,2014,5
CA Cerro,CA Fenix,2014-05-11,3,1,F,L,2014,5
Cerro Largo FC,CA Juventud,2014-05-11,0,3,F,V,2014,5
Danubio,El Tanque Sisley,2014-05-11,1,0,F,L,2014,5
Defensor Sporting,Montevideo Wanderers,2014-05-11,1,2,F,V,2014,5
Liverpool,CA Penarol,2014-05-11,1,1,F,E,2014,5
River Plate,Racing Club,2014-05-11,0,2,F,V,2014,5
CA Juventud,Miramar Misiones,2014-05-17,2,2,F,E,2014,5
Racing Club,Rentistas,2014-05-17,1,0,F,L,2014,5
CA Fenix,Nacional,2014-05-18,1,4,F,V,2014,5
CA Penarol,Cerro Largo FC,2014-05-18,3,1,F,L,2014,5
Danubio,Institucion Atletica Sud America,2014-05-18,3,3,F,E,2014,5
El Tanque Sisley,Montevideo Wanderers,2014-05-18,0,1,F,V,2014,5
Liverpool,CA Cerro,2014-05-18,2,3,F,V,2014,5
River Plate,Defensor Sporting,2014-05-18,3,1,F,L,2014,5
Danubio,Montevideo Wanderers,2014-05-25,3,0,F,L,2014,5
Danubio,Montevideo Wanderers,2014-06-04,0,0,F,E,2014,6
Montevideo Wanderers,Danubio,2014-06-08,2,2,P,E,2014,6
CA Penarol,CA Cerro,2014-08-16,3,0,F,L,2014,8
Club Atletico Atenas,River Plate,2014-08-16,1,3,F,V,2014,8
Danubio,Racing Club,2014-08-16,2,4,F,V,2014,8
Rentistas,Tacuarembo Futbol Club,2014-08-16,1,1,F,E,2014,8
CA Fenix,CA Juventud,2014-08-17,3,1,F,L,2014,8
Montevideo Wanderers,El Tanque Sisley,2014-08-17,1,2,F,V,2014,8
Nacional,Defensor Sporting,2014-08-17,5,2,F,L,2014,8
Rampla Juniors Futbol Club,Institucion Atletica Sud America,2014-08-17,1,2,F,V,2014,8
Defensor Sporting,Rentistas,2014-08-23,1,2,F,V,2014,8
Institucion Atletica Sud America,Nacional,2014-08-23,0,1,F,V,2014,8
Tacuarembo Futbol Club,CA Fenix,2014-08-23,1,2,F,V,2014,8
CA Juventud,CA Penarol,2014-08-24,0,1,F,V,2014,8
Danubio,Club Atletico Atenas,2014-08-24,2,0,F,L,2014,8
El Tanque Sisley,Rampla Juniors Futbol Club,2014-08-24,3,3,F,E,2014,8
Racing Club,CA Cerro,2014-08-24,4,1,F,L,2014,8
River Plate,Montevideo Wanderers,2014-08-24,1,2,F,V,2014,8
CA Fenix,Defensor Sporting,2014-08-30,3,4,F,V,2014,8
Nacional,El Tanque Sisley,2014-08-30,1,2,F,V,2014,8
CA Cerro,CA Juventud,2014-08-31,1,3,F,V,2014,8
CA Penarol,Tacuarembo Futbol Club,2014-08-31,2,0,F,L,2014,8
Club Atletico Atenas,Racing Club,2014-08-31,1,3,F,V,2014,8
Montevideo Wanderers,Danubio,2014-08-31,4,1,F,L,2014,8
Rampla Juniors Futbol Club,River Plate,2014-08-31,0,2,F,V,2014,8
Rentistas,Institucion Atletica Sud America,2014-08-31,3,1,F,L,2014,8
Danubio,Rampla Juniors Futbol Club,2014-09-06,5,0,F,L,2014,9
Defensor Sporting,CA Penarol,2014-09-06,0,0,F,E,2014,9
Institucion Atletica Sud America,CA Fenix,2014-09-06,2,2,F,E,2014,9
Club Atletico Atenas,Montevideo Wanderers,2014-09-07,1,0,F,L,2014,9
El Tanque Sisley,Rentistas,2014-09-07,2,0,F,L,2014,9
Racing Club,CA Juventud,2014-09-07,1,1,F,E,2014,9
River Plate,Nacional,2014-09-07,1,3,F,V,2014,9
Tacuarembo Futbol Club,CA Cerro,2014-09-07,4,0,F,L,2014,9
CA Penarol,Institucion Atletica Sud America,2014-09-13,1,1,F,E,2014,9
Montevideo Wanderers,Racing Club,2014-09-13,2,3,F,V,2014,9
Rampla Juniors Futbol Club,Club Atletico Atenas,2014-09-13,4,2,F,L,2014,9
Rentistas,River Plate,2014-09-13,2,0,F,L,2014,9
CA Cerro,Defensor Sporting,2014-09-14,0,3,F,V,2014,9
CA Fenix,El Tanque Sisley,2014-09-14,1,0,F,L,2014,9
CA Juventud,Tacuarembo Futbol Club,2014-09-14,4,2,F,L,2014,9
Nacional,Danubio,2014-09-14,3,0,F,L,2014,9
El Tanque Sisley,CA Penarol,2014-09-20,1,1,F,E,2014,9
Institucion Atletica Sud America,CA Cerro,2014-09-20,0,0,F,E,2014,9
Club Atletico Atenas,Nacional,2014-09-21,0,2,F,V,2014,9
Danubio,Rentistas,2014-09-21,0,3,F,V,2014,9
Defensor Sporting,CA Juventud,2014-09-21,2,0,F,L,2014,9
Montevideo Wanderers,Rampla Juniors Futbol Club,2014-09-21,0,1,F,V,2014,9
Racing Club,Tacuarembo Futbol Club,2014-09-21,1,0,F,L,2014,9
River Plate,CA Fenix,2014-09-22,3,1,F,L,2014,9
CA Cerro,El Tanque Sisley,2014-09-27,0,0,F,E,2014,9
Nacional,Montevideo Wanderers,2014-09-27,2,0,F,L,2014,9
CA Fenix,Danubio,2014-09-28,0,0,F,E,2014,9
CA Juventud,Institucion Atletica Sud America,2014-09-28,1,3,F,V,2014,9
CA Penarol,River Plate,2014-09-28,3,1,F,L,2014,9
Rampla Juniors Futbol Club,Racing Club,2014-09-28,1,2,F,V,2014,9
Rentistas,Club Atletico Atenas,2014-09-28,0,3,F,V,2014,9
Tacuarembo Futbol Club,Defensor Sporting,2014-09-28,1,4,F,V,2014,9
Danubio,CA Penarol,2014-10-04,1,1,F,E,2014,10
Institucion Atletica Sud America,Tacuarembo Futbol Club,2014-10-04,2,1,F,L,2014,10
Club Atletico Atenas,CA Fenix,2014-10-05,3,0,F,L,2014,10
El Tanque Sisley,CA Juventud,2014-10-05,0,3,F,V,2014,10
Montevideo Wanderers,Rentistas,2014-10-05,3,2,F,L,2014,10
Racing Club,Defensor Sporting,2014-10-05,1,6,F,V,2014,10
Rampla Juniors Futbol Club,Nacional,2014-10-05,0,2,F,V,2014,10
River Plate,CA Cerro,2014-10-05,3,0,F,L,2014,10
CA Cerro,Danubio,2014-10-11,2,0,F,L,2014,10
CA Fenix,Montevideo Wanderers,2014-10-11,2,1,F,L,2014,10
CA Penarol,Club Atletico Atenas,2014-10-11,4,1,F,L,2014,10
Rentistas,Rampla Juniors Futbol Club,2014-10-11,0,2,F,V,2014,10
CA Juventud,River Plate,2014-10-12,0,3,F,V,2014,10
Defensor Sporting,Institucion Atletica Sud America,2014-10-12,1,1,F,E,2014,10
Nacional,Racing Club,2014-10-12,2,0,F,L,2014,10
Tacuarembo Futbol Club,El Tanque Sisley,2014-10-12,2,3,F,V,2014,10
Montevideo Wanderers,CA Penarol,2014-10-18,2,1,F,L,2014,10
Rampla Juniors Futbol Club,CA Fenix,2014-10-18,1,0,F,L,2014,10
Danubio,CA Juventud,2014-10-19,0,0,F,E,2014,10
El Tanque Sisley,Defensor Sporting,2014-10-19,2,1,F,L,2014,10
Nacional,Rentistas,2014-10-19,2,0,F,L,2014,10
Racing Club,Institucion Atletica Sud America,2014-10-19,3,2,F,L,2014,10
River Plate,Tacuarembo Futbol Club,2014-10-19,2,2,F,E,2014,10
Club Atletico Atenas,CA Cerro,2014-10-20,3,1,F,L,2014,10
CA Fenix,Nacional,2014-11-01,0,3,F,V,2014,11
Defensor Sporting,River Plate,2014-11-01,0,2,F,V,2014,11
Institucion Atletica Sud America,El Tanque Sisley,2014-11-01,1,0,F,L,2014,11
CA Cerro,Montevideo Wanderers,2014-11-02,2,1,F,L,2014,11
CA Juventud,Club Atletico Atenas,2014-11-02,2,1,F,L,2014,11
CA Penarol,Rampla Juniors Futbol Club,2014-11-02,2,3,F,V,2014,11
Rentistas,Racing Club,2014-11-02,1,1,F,E,2014,11
Tacuarembo Futbol Club,Danubio,2014-11-02,0,0,F,E,2014,11
Montevideo Wanderers,CA Juventud,2014-11-08,1,0,F,L,2014,11
Racing Club,El Tanque Sisley,2014-11-08,3,1,F,L,2014,11
Rampla Juniors Futbol Club,CA Cerro,2014-11-08,1,2,F,V,2014,11
Rentistas,CA Fenix,2014-11-08,1,0,F,L,2014,11
River Plate,Institucion Atletica Sud America,2014-11-08,2,1,F,L,2014,11
Club Atletico Atenas,Tacuarembo Futbol Club,2014-11-09,2,1,F,L,2014,11
Danubio,Defensor Sporting,2014-11-09,2,1,F,L,2014,11
Nacional,CA Penarol,2014-11-09,2,1,F,L,2014,11
Defensor Sporting,Club Atletico Atenas,2014-11-14,0,2,F,V,2014,11
CA Penarol,Rentistas,2014-11-15,4,0,F,L,2014,11
Institucion Atletica Sud America,Danubio,2014-11-15,0,1,F,V,2014,11
CA Fenix,Racing Club,2014-11-16,2,3,F,V,2014,11
CA Juventud,Rampla Juniors Futbol Club,2014-11-16,2,0,F,L,2014,11
El Tanque Sisley,River Plate,2014-11-16,1,0,F,L,2014,11
Nacional,CA Cerro,2014-11-16,1,0,F,L,2014,11
Tacuarembo Futbol Club,Montevideo Wanderers,2014-11-16,1,3,F,V,2014,11
Club Atletico Atenas,Institucion Atletica Sud America,2014-11-21,0,0,F,E,2014,11
Danubio,El Tanque Sisley,2014-11-22,1,1,F,E,2014,11
Montevideo Wanderers,Defensor Sporting,2014-11-22,1,1,F,E,2014,11
Nacional,CA Juventud,2014-11-22,4,1,F,L,2014,11
Rentistas,CA Cerro,2014-11-22,3,1,F,L,2014,11
CA Fenix,CA Penarol,2014-11-23,1,2,F,V,2014,11
Racing Club,River Plate,2014-11-23,0,2,F,V,2014,11
Rampla Juniors Futbol Club,Tacuarembo Futbol Club,2014-11-23,1,1,F,E,2014,11
CA Juventud,Rentistas,2014-12-06,3,0,F,L,2014,12
Institucion Atletica Sud America,Montevideo Wanderers,2014-12-06,1,0,F,L,2014,12
River Plate,Danubio,2014-12-06,1,2,F,V,2014,12
Tacuarembo Futbol Club,Nacional,2014-12-06,0,1,F,V,2014,12
CA Cerro,CA Fenix,2014-12-07,1,3,F,V,2014,12
CA Penarol,Racing Club,2014-12-07,2,3,F,V,2014,12
Defensor Sporting,Rampla Juniors Futbol Club,2014-12-07,2,0,F,L,2014,12
El Tanque Sisley,Club Atletico Atenas,2014-12-07,0,0,F,E,2014,12
CA Cerro,CA Penarol,2015-02-14,0,3,F,V,2015,2
El Tanque Sisley,Montevideo Wanderers,2015-02-14,1,0,F,L,2015,2
Institucion Atletica Sud America,Rampla Juniors Futbol Club,2015-02-14,1,1,F,E,2015,2
River Plate,Club Atletico Atenas,2015-02-14,2,5,F,V,2015,2
CA Juventud,CA Fenix,2015-02-15,1,1,F,E,2015,2
Defensor Sporting,Nacional,2015-02-15,0,0,F,E,2015,2
Racing Club,Danubio,2015-02-15,0,1,F,V,2015,2
Tacuarembo Futbol Club,Rentistas,2015-02-15,0,1,F,V,2015,2
CA Fenix,Tacuarembo Futbol Club,2015-02-21,0,1,F,V,2015,2
Montevideo Wanderers,River Plate,2015-02-21,1,1,F,E,2015,2
Nacional,Institucion Atletica Sud America,2015-02-21,1,2,F,V,2015,2
Rampla Juniors Futbol Club,El Tanque Sisley,2015-02-21,3,2,F,L,2015,2
CA Cerro,Racing Club,2015-02-22,1,0,F,L,2015,2
CA Penarol,CA Juventud,2015-02-22,4,1,F,L,2015,2
Club Atletico Atenas,Danubio,2015-02-22,3,1,F,L,2015,2
Rentistas,Defensor Sporting,2015-02-22,2,6,F,V,2015,2
Danubio,Montevideo Wanderers,2015-03-07,0,0,F,E,2015,3
Defensor Sporting,CA Fenix,2015-03-07,1,0,F,L,2015,3
Institucion Atletica Sud America,Rentistas,2015-03-07,2,3,F,V,2015,3
CA Juventud,CA Cerro,2015-03-08,4,3,F,L,2015,3
Racing Club,Club Atletico Atenas,2015-03-08,3,2,F,L,2015,3
River Plate,Rampla Juniors Futbol Club,2015-03-08,4,0,F,L,2015,3
Tacuarembo Futbol Club,CA Penarol,2015-03-08,1,1,F,E,2015,3
El Tanque Sisley,Nacional,2015-03-09,0,1,F,V,2015,3
CA Fenix,Institucion Atletica Sud America,2015-03-14,0,0,F,E,2015,3
Nacional,River Plate,2015-03-14,1,2,F,V,2015,3
Rampla Juniors Futbol Club,Danubio,2015-03-14,1,2,F,V,2015,3
CA Cerro,Tacuarembo Futbol Club,2015-03-15,2,1,F,L,2015,3
CA Juventud,Racing Club,2015-03-15,1,0,F,L,2015,3
CA Penarol,Defensor Sporting,2015-03-15,2,0,F,L,2015,3
Montevideo Wanderers,Club Atletico Atenas,2015-03-15,1,2,F,V,2015,3
Rentistas,El Tanque Sisley,2015-03-15,0,1,F,V,2015,3
Defensor Sporting,CA Cerro,2015-03-21,1,1,F,E,2015,3
Institucion Atletica Sud America,CA Penarol,2015-03-21,1,0,F,L,2015,3
Danubio,Nacional,2015-03-22,2,1,F,L,2015,3
El Tanque Sisley,CA Fenix,2015-03-22,0,3,F,V,2015,3
Racing Club,Montevideo Wanderers,2015-03-22,2,1,F,L,2015,3
River Plate,Rentistas,2015-03-22,1,0,F,L,2015,3
Tacuarembo Futbol Club,CA Juventud,2015-03-22,2,1,F,L,2015,3
Club Atletico Atenas,Rampla Juniors Futbol Club,2015-03-27,1,4,F,V,2015,3
CA Penarol,El Tanque Sisley,2015-03-28,2,1,F,L,2015,3
Rentistas,Danubio,2015-03-28,1,0,F,L,2015,3
CA Cerro,Institucion Atletica Sud America,2015-03-29,2,2,F,E,2015,3
CA Fenix,River Plate,2015-03-29,1,2,F,V,2015,3
CA Juventud,Defensor Sporting,2015-03-29,5,0,F,L,2015,3
Nacional,Club Atletico Atenas,2015-03-29,5,3,F,L,2015,3
Rampla Juniors Futbol Club,Montevideo Wanderers,2015-03-29,1,3,F,V,2015,3
Tacuarembo Futbol Club,Racing Club,2015-03-29,1,0,F,L,2015,3
Institucion Atletica Sud America,CA Juventud,2015-04-04,1,2,F,V,2015,4
Montevideo Wanderers,Nacional,2015-04-04,2,0,F,L,2015,4
Club Atletico Atenas,Rentistas,2015-04-05,1,0,F,L,2015,4
Danubio,CA Fenix,2015-04-05,3,0,F,L,2015,4
Defensor Sporting,Tacuarembo Futbol Club,2015-04-05,1,0,F,L,2015,4
El Tanque Sisley,CA Cerro,2015-04-05,1,2,F,V,2015,4
Racing Club,Rampla Juniors Futbol Club,2015-04-05,0,3,F,V,2015,4
River Plate,CA Penarol,2015-04-05,1,2,F,V,2015,4
CA Fenix,Club Atletico Atenas,2015-04-11,3,2,F,L,2015,4
CA Penarol,Danubio,2015-04-11,2,3,F,V,2015,4
CA Cerro,River Plate,2015-04-12,2,2,F,E,2015,4
CA Juventud,El Tanque Sisley,2015-04-12,1,1,F,E,2015,4
Defensor Sporting,Racing Club,2015-04-12,2,1,F,L,2015,4
Nacional,Rampla Juniors Futbol Club,2015-04-12,3,1,F,L,2015,4
Rentistas,Montevideo Wanderers,2015-04-12,1,1,F,E,2015,4
Tacuarembo Futbol Club,Institucion Atletica Sud America,2015-04-12,2,2,F,E,2015,4
Institucion Atletica Sud America,Defensor Sporting,2015-04-18,0,0,F,E,2015,4
Racing Club,Nacional,2015-04-18,2,4,F,V,2015,4
Rampla Juniors Futbol Club,Rentistas,2015-04-18,1,0,F,L,2015,4
Club Atletico Atenas,CA Penarol,2015-04-19,1,1,F,E,2015,4
Danubio,CA Cerro,2015-04-19,1,0,F,L,2015,4
El Tanque Sisley,Tacuarembo Futbol Club,2015-04-19,1,1,F,E,2015,4
River Plate,CA Juventud,2015-04-19,2,0,F,L,2015,4
Montevideo Wanderers,CA Fenix,2015-04-21,0,1,F,V,2015,4
CA Penarol,Montevideo Wanderers,2015-04-25,2,1,F,L,2015,4
Institucion Atletica Sud America,Racing Club,2015-04-25,3,1,F,L,2015,4
CA Cerro,Club Atletico Atenas,2015-04-26,2,1,F,L,2015,4
CA Fenix,Rampla Juniors Futbol Club,2015-04-26,1,0,F,L,2015,4
CA Juventud,Danubio,2015-04-26,0,1,F,V,2015,4
Defensor Sporting,El Tanque Sisley,2015-04-26,2,2,F,E,2015,4
Rentistas,Nacional,2015-04-26,2,4,F,V,2015,4
Tacuarembo Futbol Club,River Plate,2015-04-26,1,3,F,V,2015,4
Montevideo Wanderers,CA Cerro,2015-05-02,4,1,F,L,2015,5
Nacional,CA Fenix,2015-05-02,1,0,F,L,2015,5
Club Atletico Atenas,CA Juventud,2015-05-03,0,4,F,V,2015,5
Danubio,Tacuarembo Futbol Club,2015-05-03,0,1,F,V,2015,5
El Tanque Sisley,Institucion Atletica Sud America,2015-05-03,1,1,F,E,2015,5
Racing Club,Rentistas,2015-05-03,1,4,F,V,2015,5
Rampla Juniors Futbol Club,CA Penarol,2015-05-03,0,2,F,V,2015,5
River Plate,Defensor Sporting,2015-05-03,1,2,F,V,2015,5
CA Cerro,Rampla Juniors Futbol Club,2015-05-16,2,0,F,L,2015,5
CA Fenix,Rentistas,2015-05-16,4,1,F,L,2015,5
Defensor Sporting,Danubio,2015-05-16,1,1,F,E,2015,5
Institucion Atletica Sud America,River Plate,2015-05-16,0,4,F,V,2015,5
Tacuarembo Futbol Club,Club Atletico Atenas,2015-05-16,4,2,F,L,2015,5
CA Juventud,Montevideo Wanderers,2015-05-17,1,0,F,L,2015,5
CA Penarol,Nacional,2015-05-17,1,1,F,E,2015,5
El Tanque Sisley,Racing Club,2015-05-17,1,3,F,V,2015,5
Rentistas,CA Penarol,2015-05-23,0,2,F,V,2015,5
River Plate,El Tanque Sisley,2015-05-23,4,0,F,L,2015,5
CA Cerro,Nacional,2015-05-24,1,0,F,L,2015,5
Club Atletico Atenas,Defensor Sporting,2015-05-24,1,2,F,V,2015,5
Danubio,Institucion Atletica Sud America,2015-05-24,0,1,F,V,2015,5
Montevideo Wanderers,Tacuarembo Futbol Club,2015-05-24,4,1,F,L,2015,5
Racing Club,CA Fenix,2015-05-24,2,1,F,L,2015,5
Rampla Juniors Futbol Club,CA Juventud,2015-05-24,1,3,F,V,2015,5
CA Juventud,Nacional,2015-05-30,0,0,F,E,2015,5
Defensor Sporting,Montevideo Wanderers,2015-05-30,2,0,F,L,2015,5
CA Cerro,Rentistas,2015-05-31,2,0,F,L,2015,5
CA Penarol,CA Fenix,2015-05-31,2,0,F,L,2015,5
El Tanque Sisley,Danubio,2015-05-31,1,0,F,L,2015,5
Institucion Atletica Sud America,Club Atletico Atenas,2015-05-31,1,1,F,E,2015,5
River Plate,Racing Club,2015-05-31,1,0,F,L,2015,5
Tacuarembo Futbol Club,Rampla Juniors Futbol Club,2015-05-31,4,2,F,L,2015,5
CA Fenix,CA Cerro,2015-06-06,3,0,F,L,2015,6
Nacional,Tacuarembo Futbol Club,2015-06-06,2,3,F,V,2015,6
Club Atletico Atenas,El Tanque Sisley,2015-06-07,2,4,F,V,2015,6
Danubio,River Plate,2015-06-07,2,0,F,L,2015,6
Montevideo Wanderers,Institucion Atletica Sud America,2015-06-07,1,2,F,V,2015,6
Racing Club,CA Penarol,2015-06-07,2,2,F,E,2015,6
Rampla Juniors Futbol Club,Defensor Sporting,2015-06-07,0,0,F,E,2015,6
Rentistas,CA Juventud,2015-06-07,1,1,F,E,2015,6
Nacional,CA Penarol,2015-06-14,3,2,E,L,2015,6
Nacional,Villa Teresa,2015-08-15,4,1,F,L,2015,8
Plaza Colonia,Rentistas,2015-08-15,1,2,F,V,2015,8
River Plate,CA Fenix,2015-08-15,1,2,F,V,2015,8
CA Cerro,CA Penarol,2015-08-16,0,3,F,V,2015,8
CA Juventud,Danubio,2015-08-16,0,2,F,V,2015,8
El Tanque Sisley,Racing Club,2015-08-16,2,3,F,V,2015,8
Montevideo Wanderers,Liverpool,2015-08-16,1,1,F,E,2015,8
CA Penarol,El Tanque Sisley,2015-08-22,2,2,F,E,2015,8
Institucion Atletica Sud America,CA Fenix,2015-08-22,1,1,F,E,2015,8
Racing Club,Defensor Sporting,2015-08-22,0,2,F,V,2015,8
Villa Teresa,Montevideo Wanderers,2015-08-22,2,3,F,V,2015,8
Danubio,CA Cerro,2015-08-23,3,1,F,L,2015,8
Liverpool,Plaza Colonia,2015-08-23,1,2,F,V,2015,8
Nacional,River Plate,2015-08-23,2,1,F,L,2015,8
CA Cerro,Rentistas,2015-08-29,1,0,F,L,2015,8
CA Fenix,Racing Club,2015-08-29,3,1,F,L,2015,8
Plaza Colonia,Villa Teresa,2015-08-29,0,1,F,V,2015,8
River Plate,Institucion Atletica Sud America,2015-08-29,2,0,F,L,2015,8
Defensor Sporting,CA Penarol,2015-08-30,3,1,F,L,2015,8
El Tanque Sisley,Danubio,2015-08-30,1,0,F,L,2015,8
Montevideo Wanderers,Nacional,2015-08-30,2,1,F,L,2015,8
CA Juventud,Rentistas,2015-09-02,0,3,F,V,2015,9
Defensor Sporting,Institucion Atletica Sud America,2015-09-03,1,2,F,V,2015,9
CA Penarol,CA Fenix,2015-09-05,2,1,F,L,2015,9
Liverpool,CA Cerro,2015-09-05,1,0,F,L,2015,9
Montevideo Wanderers,River Plate,2015-09-05,5,1,F,L,2015,9
Danubio,Defensor Sporting,2015-09-06,2,3,F,V,2015,9
Nacional,Plaza Colonia,2015-09-06,1,0,F,L,2015,9
Racing Club,Institucion Atletica Sud America,2015-09-06,2,0,F,L,2015,9
Rentistas,El Tanque Sisley,2015-09-06,0,2,F,V,2015,9
Villa Teresa,CA Juventud,2015-09-06,0,0,F,E,2015,9
CA Juventud,Liverpool,2015-09-09,1,0,F,L,2015,9
CA Fenix,Danubio,2015-09-12,2,1,F,L,2015,9
CA Juventud,Nacional,2015-09-12,2,3,F,V,2015,9
Defensor Sporting,Rentistas,2015-09-12,2,0,F,L,2015,9
CA Cerro,Villa Teresa,2015-09-13,3,1,F,L,2015,9
El Tanque Sisley,Liverpool,2015-09-13,0,1,F,V,2015,9
Institucion Atletica Sud America,CA Penarol,2015-09-13,1,4,F,V,2015,9
Plaza Colonia,Montevideo Wanderers,2015-09-13,1,1,F,E,2015,9
River Plate,Racing Club,2015-09-13,3,1,F,L,2015,9
CA Penarol,Racing Club,2015-09-19,3,1,F,L,2015,9
Danubio,Institucion Atletica Sud America,2015-09-19,1,1,F,E,2015,9
Liverpool,Defensor Sporting,2015-09-19,2,1,F,L,2015,9
Villa Teresa,El Tanque Sisley,2015-09-19,0,1,F,V,2015,9
Montevideo Wanderers,CA Juventud,2015-09-20,0,1,F,V,2015,9
Nacional,CA Cerro,2015-09-20,4,3,F,L,2015,9
Plaza Colonia,River Plate,2015-09-20,3,2,F,L,2015,9
Rentistas,CA Fenix,2015-09-20,0,0,F,E,2015,9
CA Fenix,Liverpool,2015-09-26,1,1,F,E,2015,9
El Tanque Sisley,Nacional,2015-09-26,1,1,F,E,2015,9
Institucion Atletica Sud America,Rentistas,2015-09-26,3,3,F,E,2015,9
Racing Club,Danubio,2015-09-26,0,0,F,E,2015,9
CA Cerro,Montevideo Wanderers,2015-09-27,1,0,F,L,2015,9
CA Juventud,Plaza Colonia,2015-09-27,1,1,F,E,2015,9
Defensor Sporting,Villa Teresa,2015-09-27,1,1,F,E,2015,9
River Plate,CA Penarol,2015-09-27,4,0,F,L,2015,9
Danubio,CA Penarol,2015-10-03,0,1,F,V,2015,10
Rentistas,Racing Club,2015-10-03,0,0,F,E,2015,10
Villa Teresa,CA Fenix,2015-10-03,0,2,F,V,2015,10
CA Juventud,River Plate,2015-10-04,2,3,F,V,2015,10
Liverpool,Institucion Atletica Sud America,2015-10-04,1,0,F,L,2015,10
Montevideo Wanderers,El Tanque Sisley,2015-10-04,1,0,F,L,2015,10
Nacional,Defensor Sporting,2015-10-04,4,0,F,L,2015,10
Plaza Colonia,CA Cerro,2015-10-04,0,1,F,V,2015,10
CA Cerro,CA Juventud,2015-10-17,4,1,F,L,2015,10
CA Fenix,Nacional,2015-10-17,0,2,F,V,2015,10
Defensor Sporting,Montevideo Wanderers,2015-10-17,2,3,F,V,2015,10
Institucion Atletica Sud America,Villa Teresa,2015-10-17,3,1,F,L,2015,10
CA Penarol,Rentistas,2015-10-18,1,0,F,L,2015,10
El Tanque Sisley,Plaza Colonia,2015-10-18,0,1,F,V,2015,10
Racing Club,Liverpool,2015-10-18,3,1,F,L,2015,10
River Plate,Danubio,2015-10-18,2,1,F,L,2015,10
Montevideo Wanderers,CA Fenix,2015-10-24,1,1,F,E,2015,10
Nacional,Institucion Atletica Sud America,2015-10-24,1,2,F,V,2015,10
Plaza Colonia,Defensor Sporting,2015-10-24,0,0,F,E,2015,10
Rentistas,Danubio,2015-10-24,0,2,F,V,2015,10
CA Cerro,River Plate,2015-10-25,1,1,F,E,2015,10
CA Juventud,El Tanque Sisley,2015-10-25,1,0,F,L,2015,10
Liverpool,CA Penarol,2015-10-25,1,3,F,V,2015,10
Villa Teresa,Racing Club,2015-10-25,1,2,F,V,2015,10
CA Fenix,Plaza Colonia,2015-10-31,0,0,F,E,2015,10
Institucion Atletica Sud America,Montevideo Wanderers,2015-10-31,1,0,F,L,2015,10
Racing Club,Nacional,2015-10-31,2,2,F,E,2015,10
CA Penarol,Villa Teresa,2015-11-01,4,1,F,L,2015,11
Danubio,Liverpool,2015-11-01,4,0,F,L,2015,11
Defensor Sporting,CA Juventud,2015-11-01,4,1,F,L,2015,11
El Tanque Sisley,CA Cerro,2015-11-01,2,3,F,V,2015,11
River Plate,Rentistas,2015-11-01,2,3,F,V,2015,11
CA Cerro,Defensor Sporting,2015-11-07,2,3,F,V,2015,11
El Tanque Sisley,River Plate,2015-11-07,2,1,F,L,2015,11
Montevideo Wanderers,Racing Club,2015-11-07,2,2,F,E,2015,11
Plaza Colonia,Institucion Atletica Sud America,2015-11-07,1,1,F,E,2015,11
Villa Teresa,Danubio,2015-11-07,0,1,F,V,2015,11
CA Juventud,CA Fenix,2015-11-08,0,1,F,V,2015,11
Liverpool,Rentistas,2015-11-08,0,3,F,V,2015,11
Nacional,CA Penarol,2015-11-08,1,1,F,E,2015,11
Danubio,Nacional,2015-11-21,2,0,F,L,2015,11
Defensor Sporting,El Tanque Sisley,2015-11-21,2,2,F,E,2015,11
Institucion Atletica Sud America,CA Juventud,2015-11-21,1,1,F,E,2015,11
Rentistas,Villa Teresa,2015-11-21,1,0,F,L,2015,11
River Plate,Liverpool,2015-11-21,2,2,F,E,2015,11
CA Fenix,CA Cerro,2015-11-22,0,1,F,V,2015,11
CA Penarol,Montevideo Wanderers,2015-11-22,1,1,F,E,2015,11
Racing Club,Plaza Colonia,2015-11-22,2,2,F,E,2015,11
CA Cerro,Institucion Atletica Sud America,2015-11-28,2,0,F,L,2015,11
Defensor Sporting,River Plate,2015-11-28,1,2,F,V,2015,11
El Tanque Sisley,CA Fenix,2015-11-28,1,0,F,L,2015,11
Plaza Colonia,CA Penarol,2015-11-28,1,1,F,E,2015,11
CA Juventud,Racing Club,2015-11-29,3,2,F,L,2015,11
Montevideo Wanderers,Danubio,2015-11-29,0,0,F,E,2015,11
Nacional,Rentistas,2015-11-29,3,2,F,L,2015,11
Villa Teresa,Liverpool,2015-11-29,0,1,F,V,2015,11
CA Fenix,Defensor Sporting,2015-12-05,3,0,F,L,2015,12
Danubio,Plaza Colonia,2015-12-05,2,2,F,E,2015,12
Institucion Atletica Sud America,El Tanque Sisley,2015-12-05,1,1,F,E,2015,12
Rentistas,Montevideo Wanderers,2015-12-05,1,2,F,V,2015,12
River Plate,Villa Teresa,2015-12-05,4,0,F,L,2015,12
CA Penarol,CA Juventud,2015-12-06,1,0,F,L,2015,12
Liverpool,Nacional,2015-12-06,2,3,F,V,2015,12
Racing Club,CA Cerro,2015-12-06,0,2,F,V,2015,12
CA Fenix,River Plate,2016-02-06,1,1,F,E,2016,2
Liverpool,Montevideo Wanderers,2016-02-06,1,4,F,V,2016,2
Rentistas,Plaza Colonia,2016-02-06,1,3,F,V,2016,2
CA Penarol,CA Cerro,2016-02-07,2,1,F,L,2016,2
Danubio,CA Juventud,2016-02-07,2,1,F,L,2016,2
Institucion Atletica Sud America,Defensor Sporting,2016-02-07,2,0,F,L,2016,2
Racing Club,El Tanque Sisley,2016-02-07,2,0,F,L,2016,2
Villa Teresa,Nacional,2016-02-07,0,3,F,V,2016,2
CA Fenix,Institucion Atletica Sud America,2016-02-13,2,0,F,L,2016,2
Montevideo Wanderers,Villa Teresa,2016-02-13,2,3,F,V,2016,2
River Plate,Nacional,2016-02-13,0,3,F,V,2016,2
CA Cerro,Danubio,2016-02-14,1,0,F,L,2016,2
Defensor Sporting,Racing Club,2016-02-14,1,3,F,V,2016,2
El Tanque Sisley,CA Penarol,2016-02-14,0,2,F,V,2016,2
Plaza Colonia,Liverpool,2016-02-14,1,0,F,L,2016,2
Rentistas,CA Juventud,2016-02-14,2,1,F,L,2016,2
Racing Club,CA Fenix,2016-02-20,2,2,F,E,2016,2
Rentistas,CA Cerro,2016-02-20,0,0,F,E,2016,2
Danubio,El Tanque Sisley,2016-02-21,3,3,F,E,2016,2
Institucion Atletica Sud America,River Plate,2016-02-21,2,1,F,L,2016,2
Liverpool,CA Juventud,2016-02-21,1,3,F,V,2016,2
Nacional,Montevideo Wanderers,2016-02-21,2,1,F,L,2016,2
Villa Teresa,Plaza Colonia,2016-02-21,1,1,F,E,2016,2
CA Penarol,Defensor Sporting,2016-02-22,5,1,F,L,2016,2
CA Juventud,Villa Teresa,2016-02-27,0,1,F,V,2016,2
Institucion Atletica Sud America,Racing Club,2016-02-27,2,2,F,E,2016,2
River Plate,Montevideo Wanderers,2016-02-27,1,1,F,E,2016,2
CA Cerro,Liverpool,2016-02-28,1,0,F,L,2016,2
CA Fenix,CA Penarol,2016-02-28,2,0,F,L,2016,2
Defensor Sporting,Danubio,2016-02-28,3,2,F,L,2016,2
El Tanque Sisley,Rentistas,2016-02-28,2,1,F,L,2016,2
Plaza Colonia,Nacional,2016-02-29,2,0,F,L,2016,2
Liverpool,El Tanque Sisley,2016-03-05,0,1,F,V,2016,3
Villa Teresa,CA Cerro,2016-03-05,0,1,F,V,2016,3
CA Penarol,Institucion Atletica Sud America,2016-03-06,1,1,F,E,2016,3
Danubio,CA Fenix,2016-03-06,0,2,F,V,2016,3
Montevideo Wanderers,Plaza Colonia,2016-03-06,0,1,F,V,2016,3
Racing Club,River Plate,2016-03-06,0,1,F,V,2016,3
Rentistas,Defensor Sporting,2016-03-06,0,1,F,V,2016,3
Nacional,CA Juventud,2016-03-07,1,1,F,E,2016,3
CA Fenix,Rentistas,2016-03-19,1,1,F,E,2016,3
El Tanque Sisley,Villa Teresa,2016-03-19,0,1,F,V,2016,3
CA Cerro,Nacional,2016-03-20,1,0,F,L,2016,3
CA Juventud,Montevideo Wanderers,2016-03-20,3,3,F,E,2016,3
Institucion Atletica Sud America,Danubio,2016-03-20,2,1,F,L,2016,3
Racing Club,CA Penarol,2016-03-20,0,1,F,V,2016,3
River Plate,Plaza Colonia,2016-03-20,0,1,F,V,2016,3
Defensor Sporting,Liverpool,2016-03-21,1,2,F,V,2016,3
Danubio,Racing Club,2016-04-02,1,1,F,E,2016,4
Plaza Colonia,CA Juventud,2016-04-02,1,2,F,V,2016,4
Villa Teresa,Defensor Sporting,2016-04-02,2,2,F,E,2016,4
CA Penarol,River Plate,2016-04-03,0,2,F,V,2016,4
Liverpool,CA Fenix,2016-04-03,1,1,F,E,2016,4
Montevideo Wanderers,CA Cerro,2016-04-03,3,1,F,L,2016,4
Nacional,El Tanque Sisley,2016-04-03,3,1,F,L,2016,4
Rentistas,Institucion Atletica Sud America,2016-04-03,1,0,F,L,2016,4
CA Fenix,Villa Teresa,2016-04-09,1,0,F,L,2016,4
Racing Club,Rentistas,2016-04-09,0,3,F,V,2016,4
CA Cerro,Plaza Colonia,2016-04-10,0,0,F,E,2016,4
CA Penarol,Danubio,2016-04-10,2,1,F,L,2016,4
El Tanque Sisley,Montevideo Wanderers,2016-04-10,1,3,F,V,2016,4
Institucion Atletica Sud America,Liverpool,2016-04-10,0,3,F,V,2016,4
River Plate,CA Juventud,2016-04-10,0,0,F,E,2016,4
Defensor Sporting,Nacional,2016-04-11,2,4,F,V,2016,4
Liverpool,Racing Club,2016-04-23,3,2,F,L,2016,4
Montevideo Wanderers,Defensor Sporting,2016-04-23,0,0,F,E,2016,4
Plaza Colonia,El Tanque Sisley,2016-04-23,2,1,F,L,2016,4
CA Juventud,CA Cerro,2016-04-24,1,3,F,V,2016,4
Danubio,River Plate,2016-04-24,0,3,F,V,2016,4
Nacional,CA Fenix,2016-04-24,1,0,F,L,2016,4
Villa Teresa,Institucion Atletica Sud America,2016-04-24,0,1,F,V,2016,4
Rentistas,CA Penarol,2016-04-25,1,3,F,V,2016,4
Racing Club,Villa Teresa,2016-04-28,2,3,F,V,2016,4
Danubio,Rentistas,2016-04-29,1,2,F,V,2016,4
CA Fenix,Montevideo Wanderers,2016-04-30,2,1,F,L,2016,4
CA Penarol,Liverpool,2016-04-30,1,0,F,L,2016,4
Defensor Sporting,Plaza Colonia,2016-04-30,1,1,F,E,2016,4
El Tanque Sisley,CA Juventud,2016-04-30,0,2,F,V,2016,4
River Plate,CA Cerro,2016-04-30,3,1,F,L,2016,4
Institucion Atletica Sud America,Nacional,2016-05-01,1,1,F,E,2016,5
Montevideo Wanderers,Institucion Atletica Sud America,2016-05-07,0,2,F,V,2016,5
Plaza Colonia,CA Fenix,2016-05-07,1,0,F,L,2016,5
CA Cerro,El Tanque Sisley,2016-05-08,2,0,F,L,2016,5
CA Juventud,Defensor Sporting,2016-05-08,2,1,F,L,2016,5
Liverpool,Danubio,2016-05-08,0,3,F,V,2016,5
Rentistas,River Plate,2016-05-08,2,1,F,L,2016,5
Villa Teresa,CA Penarol,2016-05-08,0,3,F,V,2016,5
Nacional,Racing Club,2016-05-09,1,0,F,L,2016,5
CA Fenix,CA Juventud,2016-05-14,2,2,F,E,2016,5
Danubio,Villa Teresa,2016-05-14,1,1,F,E,2016,5
Defensor Sporting,CA Cerro,2016-05-14,1,0,F,L,2016,5
Racing Club,Montevideo Wanderers,2016-05-14,1,3,F,V,2016,5
River Plate,El Tanque Sisley,2016-05-14,1,0,F,L,2016,5
CA Penarol,Nacional,2016-05-15,2,2,F,E,2016,5
Rentistas,Liverpool,2016-05-15,0,1,F,V,2016,5
Institucion Atletica Sud America,Plaza Colonia,2016-05-16,0,2,F,V,2016,5
CA Juventud,Institucion Atletica Sud America,2016-05-21,0,1,F,V,2016,5
Montevideo Wanderers,CA Penarol,2016-05-21,4,1,F,L,2016,5
Plaza Colonia,Racing Club,2016-05-21,2,2,F,E,2016,5
CA Cerro,CA Fenix,2016-05-22,2,1,F,L,2016,5
El Tanque Sisley,Defensor Sporting,2016-05-22,5,6,F,V,2016,5
Liverpool,River Plate,2016-05-22,1,0,F,L,2016,5
Villa Teresa,Rentistas,2016-05-22,1,1,F,E,2016,5
Nacional,Danubio,2016-05-23,0,2,F,V,2016,5
CA Fenix,El Tanque Sisley,2016-05-28,1,0,F,L,2016,5
Danubio,Montevideo Wanderers,2016-05-28,1,4,F,V,2016,5
Liverpool,Villa Teresa,2016-05-28,1,0,F,L,2016,5
Racing Club,CA Juventud,2016-05-28,0,0,F,E,2016,5
Rentistas,Nacional,2016-05-28,2,0,F,L,2016,5
CA Penarol,Plaza Colonia,2016-05-29,1,2,F,V,2016,5
Institucion Atletica Sud America,CA Cerro,2016-05-29,2,2,F,E,2016,5
River Plate,Defensor Sporting,2016-05-29,1,2,F,V,2016,5
CA Cerro,Racing Club,2016-06-04,1,2,F,V,2016,6
CA Juventud,CA Penarol,2016-06-04,1,1,F,E,2016,6
Montevideo Wanderers,Rentistas,2016-06-04,2,1,F,L,2016,6
Nacional,Liverpool,2016-06-04,0,2,F,V,2016,6
Defensor Sporting,CA Fenix,2016-06-05,1,0,F,L,2016,6
El Tanque Sisley,Institucion Atletica Sud America,2016-06-05,0,1,F,V,2016,6
Plaza Colonia,Danubio,2016-06-05,0,0,F,E,2016,6
Villa Teresa,River Plate,2016-06-05,2,0,F,L,2016,6
CA Penarol,Plaza Colonia,2016-06-12,3,1,E,L,2016,6
CA Juventud,Institucion Atletica Sud America,2016-08-28,2,0,F,L,2016,8
CSyd Villa Espanola,Rampla Juniors Futbol Club,2016-08-28,1,2,F,V,2016,8
Plaza Colonia,Racing Club,2016-08-28,1,1,F,E,2016,8
CA Penarol,Liverpool,2016-08-29,0,0,F,E,2016,8
CA Fenix,CA Cerro,2016-08-30,0,1,F,V,2016,8
Boston River,Defensor Sporting,2016-08-31,1,1,F,E,2016,8
Danubio,Nacional,2016-08-31,2,1,F,L,2016,8
Montevideo Wanderers,River Plate,2016-09-01,1,1,F,E,2016,9
Institucion Atletica Sud America,CSyd Villa Espanola,2016-09-03,1,0,F,L,2016,9
Rampla Juniors Futbol Club,Danubio,2016-09-03,2,1,F,L,2016,9
CA Cerro,Montevideo Wanderers,2016-09-04,1,3,F,V,2016,9
CA Penarol,CA Fenix,2016-09-04,2,0,F,L,2016,9
Defensor Sporting,CA Juventud,2016-09-04,0,1,F,V,2016,9
Racing Club,Liverpool,2016-09-04,0,1,F,V,2016,9
River Plate,Boston River,2016-09-04,1,5,F,V,2016,9
Nacional,Plaza Colonia,2016-09-05,3,2,F,L,2016,9
Boston River,CA Cerro,2016-09-10,1,1,F,E,2016,9
CA Fenix,Racing Club,2016-09-10,3,1,F,L,2016,9
CA Penarol,Montevideo Wanderers,2016-09-10,0,1,F,V,2016,9
Plaza Colonia,Rampla Juniors Futbol Club,2016-09-10,1,1,F,E,2016,9
CA Juventud,River Plate,2016-09-11,0,0,F,E,2016,9
Danubio,CSyd Villa Espanola,2016-09-11,1,0,F,L,2016,9
Defensor Sporting,Institucion Atletica Sud America,2016-09-11,2,0,F,L,2016,9
Liverpool,Nacional,2016-09-11,2,1,F,L,2016,9
CA Cerro,CA Juventud,2016-09-17,1,1,F,E,2016,9
Institucion Atletica Sud America,Danubio,2016-09-17,0,2,F,V,2016,9
Racing Club,Montevideo Wanderers,2016-09-17,1,1,F,E,2016,9
CA Fenix,Nacional,2016-09-18,0,1,F,V,2016,9
CSyd Villa Espanola,Plaza Colonia,2016-09-18,2,4,F,V,2016,9
Rampla Juniors Futbol Club,Liverpool,2016-09-18,0,0,F,E,2016,9
River Plate,Defensor Sporting,2016-09-18,0,5,F,V,2016,9
Boston River,CA Penarol,2016-09-19,0,0,F,E,2016,9
Boston River,Racing Club,2016-09-24,1,1,F,E,2016,9
Defensor Sporting,CA Cerro,2016-09-24,0,1,F,V,2016,9
Liverpool,CSyd Villa Espanola,2016-09-24,1,0,F,L,2016,9
Montevideo Wanderers,Nacional,2016-09-24,1,3,F,V,2016,9
Danubio,Plaza Colonia,2016-09-25,3,0,F,L,2016,9
Rampla Juniors Futbol Club,CA Fenix,2016-09-25,0,0,F,E,2016,9
River Plate,Institucion Atletica Sud America,2016-09-25,0,3,F,V,2016,9
CA Juventud,CA Penarol,2016-09-26,1,0,F,L,2016,9
Institucion Atletica Sud America,Rampla Juniors Futbol Club,2016-10-01,3,0,F,L,2016,10
Plaza Colonia,CA Penarol,2016-10-01,0,0,F,E,2016,10
Racing Club,Danubio,2016-10-01,4,2,F,L,2016,10
River Plate,CA Fenix,2016-10-01,1,2,F,V,2016,10
CA Cerro,Liverpool,2016-10-02,2,0,F,L,2016,10
CA Juventud,Boston River,2016-10-02,0,1,F,V,2016,10
Defensor Sporting,Montevideo Wanderers,2016-10-02,1,1,F,E,2016,10
CSyd Villa Espanola,Nacional,2016-10-03,0,1,F,V,2016,10
Institucion Atletica Sud America,Boston River,2016-10-08,0,1,F,V,2016,10
Liverpool,River Plate,2016-10-08,2,2,F,E,2016,10
Montevideo Wanderers,CA Juventud,2016-10-08,1,0,F,L,2016,10
CA Fenix,Defensor Sporting,2016-10-09,3,1,F,L,2016,10
CSyd Villa Espanola,Racing Club,2016-10-09,1,1,F,E,2016,10
Danubio,CA Penarol,2016-10-09,3,2,F,L,2016,10
Nacional,Rampla Juniors Futbol Club,2016-10-09,2,0,F,L,2016,10
Plaza Colonia,CA Cerro,2016-10-09,2,3,F,V,2016,10
Montevideo Wanderers,Boston River,2016-10-15,1,0,F,L,2016,10
Racing Club,Rampla Juniors Futbol Club,2016-10-15,2,1,F,L,2016,10
CA Cerro,Danubio,2016-10-16,0,1,F,V,2016,10
CA Juventud,CA Fenix,2016-10-16,0,0,F,E,2016,10
CA Penarol,CSyd Villa Espanola,2016-10-16,2,1,F,L,2016,10
Defensor Sporting,Liverpool,2016-10-16,1,3,F,V,2016,10
River Plate,Plaza Colonia,2016-10-16,2,1,F,L,2016,10
Nacional,Institucion Atletica Sud America,2016-10-17,1,0,F,L,2016,10
CA Fenix,Boston River,2016-10-22,1,1,F,E,2016,10
CSyd Villa Espanola,CA Cerro,2016-10-22,2,0,F,L,2016,10
Liverpool,CA Juventud,2016-10-22,1,0,F,L,2016,10
Danubio,River Plate,2016-10-23,2,1,F,L,2016,10
Montevideo Wanderers,Institucion Atletica Sud America,2016-10-23,2,1,F,L,2016,10
Nacional,Racing Club,2016-10-23,3,1,F,L,2016,10
Plaza Colonia,Defensor Sporting,2016-10-23,0,1,F,V,2016,10
Boston River,Danubio,2016-10-29,1,2,F,V,2016,10
CA Fenix,Liverpool,2016-10-29,1,0,F,L,2016,10
Institucion Atletica Sud America,CA Penarol,2016-10-29,1,4,F,V,2016,10
Rampla Juniors Futbol Club,Defensor Sporting,2016-10-29,0,1,F,V,2016,10
CA Cerro,Racing Club,2016-10-30,2,3,F,V,2016,10
CA Juventud,CSyd Villa Espanola,2016-10-30,1,1,F,E,2016,10
Montevideo Wanderers,Plaza Colonia,2016-10-30,0,0,F,E,2016,10
Nacional,River Plate,2016-10-30,3,1,F,L,2016,10
CA Cerro,Nacional,2016-11-12,0,0,F,E,2016,11
CA Fenix,Institucion Atletica Sud America,2016-11-12,1,2,F,V,2016,11
CSyd Villa Espanola,Defensor Sporting,2016-11-12,2,2,F,E,2016,11
Liverpool,Montevideo Wanderers,2016-11-12,2,1,F,L,2016,11
Danubio,CA Juventud,2016-11-13,1,1,F,E,2016,11
Plaza Colonia,Boston River,2016-11-13,2,2,F,E,2016,11
Racing Club,CA Penarol,2016-11-13,2,5,F,V,2016,11
Rampla Juniors Futbol Club,River Plate,2016-11-13,0,2,F,V,2016,11
CA Penarol,CA Cerro,2016-11-19,1,2,F,V,2016,11
CSyd Villa Espanola,Boston River,2016-11-19,0,3,F,V,2016,11
Racing Club,River Plate,2016-11-19,2,1,F,L,2016,11
Danubio,Montevideo Wanderers,2016-11-20,0,1,F,V,2016,11
Defensor Sporting,Nacional,2016-11-20,3,2,F,L,2016,11
Liverpool,Institucion Atletica Sud America,2016-11-20,1,1,F,E,2016,11
Plaza Colonia,CA Fenix,2016-11-20,2,0,F,L,2016,11
Rampla Juniors Futbol Club,CA Juventud,2016-11-20,1,0,F,L,2016,11
CA Cerro,Rampla Juniors Futbol Club,2016-11-26,0,0,F,E,2016,11
CA Juventud,Plaza Colonia,2016-11-26,2,0,F,L,2016,11
Defensor Sporting,Danubio,2016-11-26,0,0,F,E,2016,11
Institucion Atletica Sud America,Racing Club,2016-11-26,2,2,F,E,2016,11
Montevideo Wanderers,CA Fenix,2016-11-26,4,2,F,L,2016,11
River Plate,CSyd Villa Espanola,2016-11-26,2,1,F,L,2016,11
CA Penarol,Nacional,2016-11-27,0,3,F,V,2016,11
Boston River,Liverpool,2016-11-28,0,0,F,E,2016,11
Boston River,Rampla Juniors Futbol Club,2016-12-03,2,0,F,L,2016,12
Institucion Atletica Sud America,CA Cerro,2016-12-03,0,2,F,V,2016,12
River Plate,CA Penarol,2016-12-03,3,1,F,L,2016,12
CA Fenix,Danubio,2016-12-04,4,1,F,L,2016,12
Defensor Sporting,Racing Club,2016-12-04,2,1,F,L,2016,12
Liverpool,Plaza Colonia,2016-12-04,1,1,F,E,2016,12
Montevideo Wanderers,CSyd Villa Espanola,2016-12-04,3,1,F,L,2016,12
Nacional,CA Juventud,2016-12-04,2,0,F,L,2016,12
CA Cerro,River Plate,2016-12-10,0,1,F,V,2016,12
CA Penarol,Defensor Sporting,2016-12-10,0,2,F,V,2016,12
CSyd Villa Espanola,CA Fenix,2016-12-10,2,2,F,E,2016,12
Plaza Colonia,Institucion Atletica Sud America,2016-12-10,0,3,F,V,2016,12
Racing Club,CA Juventud,2016-12-10,2,0,F,L,2016,12
Danubio,Liverpool,2016-12-11,3,2,F,L,2016,12
Nacional,Boston River,2016-12-11,1,0,F,L,2016,12
Rampla Juniors Futbol Club,Montevideo Wanderers,2016-12-11,1,1,F,E,2016,12
CA Cerro,Racing Club,2017-02-04,1,0,F,L,2017,2
Institucion Atletica Sud America,CA Fenix,2017-02-04,0,2,F,V,2017,2
CA Juventud,Nacional,2017-02-05,0,1,F,V,2017,2
CA Penarol,El Tanque Sisley,2017-02-05,4,0,F,L,2017,2
Danubio,Montevideo Wanderers,2017-02-05,0,0,F,E,2017,2
Defensor Sporting,Rampla Juniors Futbol Club,2017-02-05,1,0,F,L,2017,2
Plaza Colonia,Boston River,2017-02-05,0,0,F,E,2017,2
River Plate,Liverpool,2017-02-05,1,1,F,E,2017,2
CA Fenix,CA Juventud,2017-02-11,1,1,F,E,2017,2
Defensor Sporting,CA Cerro,2017-02-11,1,1,F,E,2017,2
El Tanque Sisley,Racing Club,2017-02-11,3,2,F,L,2017,2
Liverpool,CA Penarol,2017-02-11,0,0,F,E,2017,2
Boston River,River Plate,2017-02-12,2,0,F,L,2017,2
Montevideo Wanderers,Plaza Colonia,2017-02-12,3,1,F,L,2017,2
Rampla Juniors Futbol Club,Institucion Atletica Sud America,2017-02-12,0,0,F,E,2017,2
Nacional,Danubio,2017-02-13,2,1,F,L,2017,2
CA Juventud,Rampla Juniors Futbol Club,2017-02-18,2,2,F,E,2017,2
Danubio,CA Fenix,2017-02-18,4,4,F,E,2017,2
Racing Club,Liverpool,2017-02-18,1,1,F,E,2017,2
CA Cerro,El Tanque Sisley,2017-02-19,4,3,F,L,2017,2
Institucion Atletica Sud America,Defensor Sporting,2017-02-19,1,2,F,V,2017,2
Plaza Colonia,Nacional,2017-02-19,0,1,F,V,2017,2
River Plate,Montevideo Wanderers,2017-02-19,1,2,F,V,2017,2
CA Penarol,Boston River,2017-02-20,0,0,F,E,2017,2
Boston River,Racing Club,2017-02-25,0,1,F,V,2017,2
Defensor Sporting,CA Juventud,2017-02-25,2,1,F,L,2017,2
Institucion Atletica Sud America,CA Cerro,2017-02-25,0,6,F,V,2017,2
Montevideo Wanderers,CA Penarol,2017-02-25,0,4,F,V,2017,2
CA Fenix,Plaza Colonia,2017-02-26,4,1,F,L,2017,2
Liverpool,El Tanque Sisley,2017-02-26,1,2,F,V,2017,2
Rampla Juniors Futbol Club,Danubio,2017-02-26,2,0,F,L,2017,2
CA Cerro,Liverpool,2017-03-04,2,1,F,L,2017,3
CA Juventud,Institucion Atletica Sud America,2017-03-04,2,2,F,E,2017,3
River Plate,CA Fenix,2017-03-04,0,0,F,E,2017,3
Danubio,Defensor Sporting,2017-03-05,0,2,F,V,2017,3
El Tanque Sisley,Boston River,2017-03-05,1,0,F,L,2017,3
Plaza Colonia,Rampla Juniors Futbol Club,2017-03-05,0,1,F,V,2017,3
Racing Club,Montevideo Wanderers,2017-03-05,0,3,F,V,2017,3
CA Fenix,CA Penarol,2017-03-11,2,2,F,E,2017,3
Institucion Atletica Sud America,Danubio,2017-03-11,2,2,F,E,2017,3
Rampla Juniors Futbol Club,River Plate,2017-03-11,3,0,F,L,2017,3
Boston River,Liverpool,2017-03-12,3,1,F,L,2017,3
CA Juventud,CA Cerro,2017-03-12,1,1,F,E,2017,3
Defensor Sporting,Plaza Colonia,2017-03-12,1,3,F,V,2017,3
Montevideo Wanderers,El Tanque Sisley,2017-03-12,1,2,F,V,2017,3
Nacional,Racing Club,2017-03-13,3,2,F,L,2017,3
CA Cerro,Boston River,2017-03-18,2,0,F,L,2017,3
Danubio,CA Juventud,2017-03-18,1,0,F,L,2017,3
Liverpool,Montevideo Wanderers,2017-03-18,0,4,F,V,2017,3
El Tanque Sisley,Nacional,2017-03-19,0,1,F,V,2017,3
Plaza Colonia,Institucion Atletica Sud America,2017-03-19,2,3,F,V,2017,3
Racing Club,CA Fenix,2017-03-19,1,0,F,L,2017,3
River Plate,Defensor Sporting,2017-03-19,0,1,F,V,2017,3
CA Penarol,Rampla Juniors Futbol Club,2017-03-20,3,2,F,L,2017,3
CA Fenix,El Tanque Sisley,2017-03-25,2,1,F,L,2017,3
Defensor Sporting,CA Penarol,2017-03-25,2,2,F,E,2017,3
Montevideo Wanderers,Boston River,2017-03-25,2,1,F,L,2017,3
Rampla Juniors Futbol Club,Racing Club,2017-03-25,0,3,F,V,2017,3
CA Juventud,Plaza Colonia,2017-03-26,0,2,F,V,2017,3
Danubio,CA Cerro,2017-03-26,1,1,F,E,2017,3
Institucion Atletica Sud America,River Plate,2017-03-26,1,2,F,V,2017,3
Nacional,Liverpool,2017-03-26,3,0,F,L,2017,3
Nacional,River Plate,2017-03-29,0,0,F,E,2017,3
CA Penarol,Institucion Atletica Sud America,2017-04-01,4,0,F,L,2017,4
Liverpool,CA Fenix,2017-04-01,2,1,F,L,2017,4
Plaza Colonia,Danubio,2017-04-01,0,0,F,E,2017,4
Boston River,Nacional,2017-04-02,3,1,F,L,2017,4
CA Cerro,Montevideo Wanderers,2017-04-02,1,2,F,V,2017,4
El Tanque Sisley,Rampla Juniors Futbol Club,2017-04-02,2,0,F,L,2017,4
Racing Club,Defensor Sporting,2017-04-02,0,0,F,E,2017,4
River Plate,CA Juventud,2017-04-02,2,1,F,L,2017,4
CA Penarol,Nacional,2017-04-06,1,1,F,E,2017,4
CA Fenix,Boston River,2017-04-08,1,2,F,V,2017,4
Defensor Sporting,El Tanque Sisley,2017-04-08,3,0,F,L,2017,4
CA Juventud,CA Penarol,2017-04-09,0,2,F,V,2017,4
Danubio,River Plate,2017-04-09,0,0,F,E,2017,4
Institucion Atletica Sud America,Racing Club,2017-04-09,3,1,F,L,2017,4
Plaza Colonia,CA Cerro,2017-04-09,2,2,F,E,2017,4
Rampla Juniors Futbol Club,Liverpool,2017-04-09,2,2,F,E,2017,4
Nacional,Montevideo Wanderers,2017-04-10,2,1,F,L,2017,4
CA Cerro,Nacional,2017-04-15,1,3,F,V,2017,4
Montevideo Wanderers,CA Fenix,2017-04-15,0,2,F,V,2017,4
Racing Club,CA Juventud,2017-04-15,0,2,F,V,2017,4
River Plate,Plaza Colonia,2017-04-15,3,1,F,L,2017,4
Boston River,Rampla Juniors Futbol Club,2017-04-16,4,0,F,L,2017,4
El Tanque Sisley,Institucion Atletica Sud America,2017-04-16,2,1,F,L,2017,4
Liverpool,Defensor Sporting,2017-04-16,0,1,F,V,2017,4
CA Penarol,Danubio,2017-04-17,1,0,F,L,2017,4
CA Juventud,El Tanque Sisley,2017-04-22,3,0,F,L,2017,4
Danubio,Racing Club,2017-04-22,1,0,F,L,2017,4
Plaza Colonia,CA Penarol,2017-04-22,1,1,F,E,2017,4
River Plate,CA Cerro,2017-04-22,1,0,F,L,2017,4
CA Fenix,Nacional,2017-04-23,0,1,F,V,2017,4
Defensor Sporting,Boston River,2017-04-23,1,0,F,L,2017,4
Institucion Atletica Sud America,Liverpool,2017-04-23,1,2,F,V,2017,4
Rampla Juniors Futbol Club,Montevideo Wanderers,2017-04-23,4,3,F,L,2017,4
Boston River,Institucion Atletica Sud America,2017-04-29,1,0,F,L,2017,4
CA Cerro,CA Fenix,2017-04-29,1,0,F,L,2017,4
Liverpool,CA Juventud,2017-04-29,2,2,F,E,2017,4
CA Penarol,River Plate,2017-04-30,1,1,F,E,2017,4
El Tanque Sisley,Danubio,2017-04-30,2,4,F,V,2017,4
Montevideo Wanderers,Defensor Sporting,2017-04-30,2,3,F,V,2017,4
Nacional,Rampla Juniors Futbol Club,2017-04-30,1,0,F,L,2017,4
Racing Club,Plaza Colonia,2017-04-30,2,2,F,E,2017,4
Danubio,Liverpool,2017-05-06,0,0,F,E,2017,5
Defensor Sporting,Nacional,2017-05-06,3,2,F,L,2017,5
Plaza Colonia,El Tanque Sisley,2017-05-06,1,0,F,L,2017,5
Rampla Juniors Futbol Club,CA Fenix,2017-05-06,2,1,F,L,2017,5
River Plate,Racing Club,2017-05-06,1,2,F,V,2017,5
CA Juventud,Boston River,2017-05-07,2,5,F,V,2017,5
CA Penarol,CA Cerro,2017-05-07,1,2,F,V,2017,5
Institucion Atletica Sud America,Montevideo Wanderers,2017-05-07,1,2,F,V,2017,5
CA Fenix,Defensor Sporting,2017-05-13,1,2,F,V,2017,5
Montevideo Wanderers,CA Juventud,2017-05-13,1,2,F,V,2017,5
Nacional,Institucion Atletica Sud America,2017-05-13,4,3,F,L,2017,5
Boston River,Danubio,2017-05-14,0,3,F,V,2017,5
CA Cerro,Rampla Juniors Futbol Club,2017-05-14,1,2,F,V,2017,5
El Tanque Sisley,River Plate,2017-05-14,2,2,F,E,2017,5
Liverpool,Plaza Colonia,2017-05-14,1,0,F,L,2017,5
Racing Club,CA Penarol,2017-05-14,1,3,F,V,2017,5
Defensor Sporting,El Tanque Sisley,2017-05-27,2,2,F,E,2017,5
Liverpool,Boston River,2017-05-27,2,3,F,V,2017,5
Plaza Colonia,Rampla Juniors Futbol Club,2017-05-27,0,0,F,E,2017,5
CA Cerro,Racing Club,2017-05-28,0,2,F,V,2017,5
CA Juventud,Montevideo Wanderers,2017-05-28,0,1,F,V,2017,5
CA Penarol,CA Fenix,2017-05-28,3,0,F,L,2017,5
Institucion Atletica Sud America,Danubio,2017-05-28,1,1,F,E,2017,5
Nacional,River Plate,2017-05-28,2,1,F,L,2017,5
CA Fenix,Liverpool,2017-06-03,1,1,F,E,2017,6
Danubio,Nacional,2017-06-03,1,2,F,V,2017,6
Montevideo Wanderers,CA Cerro,2017-06-03,1,0,F,L,2017,6
Racing Club,CA Juventud,2017-06-03,1,0,F,L,2017,6
El Tanque Sisley,Plaza Colonia,2017-06-04,0,0,F,E,2017,6
Rampla Juniors Futbol Club,Defensor Sporting,2017-06-04,1,2,F,V,2017,6
River Plate,Institucion Atletica Sud America,2017-06-04,0,2,F,V,2017,6
Boston River,CA Penarol,2017-06-06,0,0,F,E,2017,6
CA Juventud,River Plate,2017-06-10,1,0,F,L,2017,6
CA Penarol,Rampla Juniors Futbol Club,2017-06-10,4,1,F,L,2017,6
Liverpool,El Tanque Sisley,2017-06-10,2,0,F,L,2017,6
CA Cerro,Danubio,2017-06-11,3,0,F,L,2017,6
Defensor Sporting,Boston River,2017-06-11,3,1,F,L,2017,6
Institucion Atletica Sud America,Racing Club,2017-06-11,0,1,F,V,2017,6
Nacional,Montevideo Wanderers,2017-06-11,1,1,F,E,2017,6
Plaza Colonia,CA Fenix,2017-06-11,1,2,F,V,2017,6
CA Fenix,Defensor Sporting,2017-06-17,1,1,F,E,2017,6
CA Juventud,Institucion Atletica Sud America,2017-06-17,2,2,F,E,2017,6
Racing Club,Nacional,2017-06-17,1,3,F,V,2017,6
River Plate,CA Cerro,2017-06-17,1,1,F,E,2017,6
Danubio,Montevideo Wanderers,2017-06-18,0,1,F,V,2017,6
El Tanque Sisley,CA Penarol,2017-06-18,1,2,F,V,2017,6
Liverpool,Plaza Colonia,2017-06-18,1,1,F,E,2017,6
Rampla Juniors Futbol Club,Boston River,2017-06-18,1,0,F,L,2017,6
CA Penarol,Plaza Colonia,2017-06-24,4,1,F,L,2017,6
Danubio,Racing Club,2017-06-24,1,2,F,V,2017,6
Rampla Juniors Futbol Club,CA Fenix,2017-06-24,1,1,F,E,2017,6
Boston River,El Tanque Sisley,2017-06-25,3,1,F,L,2017,6
CA Cerro,Institucion Atletica Sud America,2017-06-25,2,1,F,L,2017,6
Defensor Sporting,Liverpool,2017-06-25,2,0,F,L,2017,6
Montevideo Wanderers,River Plate,2017-06-25,2,2,F,E,2017,6
Nacional,CA Juventud,2017-06-25,3,1,F,L,2017,6
CA Juventud,CA Cerro,2017-07-01,1,1,F,E,2017,7
Institucion Atletica Sud America,Nacional,2017-07-01,0,3,F,V,2017,7
Racing Club,Montevideo Wanderers,2017-07-01,0,1,F,V,2017,7
River Plate,Danubio,2017-07-01,0,2,F,V,2017,7
CA Fenix,Boston River,2017-07-02,1,2,F,V,2017,7
El Tanque Sisley,Rampla Juniors Futbol Club,2017-07-02,1,2,F,V,2017,7
Liverpool,CA Penarol,2017-07-02,1,2,F,V,2017,7
Plaza Colonia,Defensor Sporting,2017-07-02,0,2,F,V,2017,7
Boston River,Plaza Colonia,2017-07-07,0,1,F,V,2017,7
CA Fenix,El Tanque Sisley,2017-07-08,2,1,F,L,2017,7
CA Penarol,Defensor Sporting,2017-07-08,2,3,F,V,2017,7
Rampla Juniors Futbol Club,Liverpool,2017-07-08,1,0,F,L,2017,7
CA Cerro,Nacional,2017-07-09,0,2,F,V,2017,7
Danubio,CA Juventud,2017-07-09,0,0,F,E,2017,7
Montevideo Wanderers,Institucion Atletica Sud America,2017-07-09,2,0,F,L,2017,7
Racing Club,River Plate,2017-07-09,1,1,F,E,2017,7
Defensor Sporting,Nacional,2017-07-16,0,1,F,V,2017,7
Boston River,Plaza Colonia,2017-08-19,3,0,F,L,2017,8
CA Fenix,Institucion Atletica Sud America,2017-08-19,2,3,F,V,2017,8
Nacional,CA Juventud,2017-08-19,3,0,F,L,2017,8
Racing Club,CA Cerro,2017-08-19,0,1,F,V,2017,8
El Tanque Sisley,CA Penarol,2017-08-20,0,4,F,V,2017,8
Liverpool,River Plate,2017-08-20,0,4,F,V,2017,8
Montevideo Wanderers,Danubio,2017-08-20,1,3,F,V,2017,8
Rampla Juniors Futbol Club,Defensor Sporting,2017-08-20,2,2,F,E,2017,8
CA Cerro,Defensor Sporting,2017-08-26,0,3,F,V,2017,8
CA Juventud,CA Fenix,2017-08-26,0,2,F,V,2017,8
CA Penarol,Liverpool,2017-08-26,2,1,F,L,2017,8
River Plate,Boston River,2017-08-26,1,1,F,E,2017,8
Danubio,Nacional,2017-08-27,1,1,F,E,2017,8
Institucion Atletica Sud America,Rampla Juniors Futbol Club,2017-08-27,1,1,F,E,2017,8
Plaza Colonia,Montevideo Wanderers,2017-08-27,1,0,F,L,2017,8
Racing Club,El Tanque Sisley,2017-08-27,0,2,F,V,2017,8
CA Fenix,Danubio,2017-09-02,0,1,F,V,2017,9
Montevideo Wanderers,River Plate,2017-09-02,2,2,F,E,2017,9
Rampla Juniors Futbol Club,CA Juventud,2017-09-02,2,1,F,L,2017,9
Defensor Sporting,Institucion Atletica Sud America,2017-09-03,3,2,F,L,2017,9
El Tanque Sisley,CA Cerro,2017-09-03,2,1,F,L,2017,9
Liverpool,Racing Club,2017-09-03,1,1,F,E,2017,9
Nacional,Plaza Colonia,2017-09-03,1,0,F,L,2017,9
Boston River,CA Penarol,2017-09-04,0,1,F,V,2017,9
CA Juventud,Defensor Sporting,2017-09-09,0,1,F,V,2017,9
Danubio,Rampla Juniors Futbol Club,2017-09-09,1,1,F,E,2017,9
CA Penarol,Montevideo Wanderers,2017-09-10,2,0,F,L,2017,9
CA Cerro,Institucion Atletica Sud America,2017-09-12,2,1,F,L,2017,9
El Tanque Sisley,Liverpool,2017-09-12,0,3,F,V,2017,9
Plaza Colonia,CA Fenix,2017-09-12,1,3,F,V,2017,9
River Plate,Nacional,2017-09-12,2,1,F,L,2017,9
CA Fenix,River Plate,2017-09-16,0,0,F,E,2017,9
Defensor Sporting,Danubio,2017-09-16,1,0,F,L,2017,9
Liverpool,CA Cerro,2017-09-16,1,0,F,L,2017,9
Montevideo Wanderers,Racing Club,2017-09-16,1,1,F,E,2017,9
Rampla Juniors Futbol Club,Plaza Colonia,2017-09-16,2,0,F,L,2017,9
Nacional,CA Penarol,2017-09-17,0,2,F,V,2017,9
Boston River,El Tanque Sisley,2017-09-18,1,0,F,L,2017,9
Institucion Atletica Sud America,CA Juventud,2017-09-18,1,1,F,E,2017,9
Liverpool,Boston River,2017-09-23,1,2,F,V,2017,9
River Plate,Rampla Juniors Futbol Club,2017-09-23,3,1,F,L,2017,9
Racing Club,Nacional,2017-09-24,0,1,F,V,2017,9
CA Penarol,CA Fenix,2017-10-07,3,0,F,L,2017,10
Racing Club,Boston River,2017-10-07,1,1,F,E,2017,10
CA Cerro,CA Juventud,2017-10-08,3,2,F,L,2017,10
Danubio,Institucion Atletica Sud America,2017-10-08,1,0,F,L,2017,10
El Tanque Sisley,Montevideo Wanderers,2017-10-08,1,1,F,E,2017,10
Plaza Colonia,Defensor Sporting,2017-10-08,1,2,F,V,2017,10
CA Fenix,Racing Club,2017-10-14,1,2,F,V,2017,10
Defensor Sporting,River Plate,2017-10-14,2,1,F,L,2017,10
Rampla Juniors Futbol Club,CA Penarol,2017-10-14,1,4,F,V,2017,10
Boston River,CA Cerro,2017-10-15,1,0,F,L,2017,10
CA Juventud,Danubio,2017-10-15,2,1,F,L,2017,10
Institucion Atletica Sud America,Plaza Colonia,2017-10-15,2,2,F,E,2017,10
Montevideo Wanderers,Liverpool,2017-10-15,2,1,F,L,2017,10
Nacional,El Tanque Sisley,2017-10-15,1,2,F,V,2017,10
Liverpool,Nacional,2017-11-04,1,4,F,V,2017,11
Plaza Colonia,CA Juventud,2017-11-04,1,0,F,L,2017,11
Racing Club,Rampla Juniors Futbol Club,2017-11-04,0,0,F,E,2017,11
River Plate,Institucion Atletica Sud America,2017-11-04,1,2,F,V,2017,11
Boston River,Montevideo Wanderers,2017-11-05,1,1,F,E,2017,11
CA Cerro,Danubio,2017-11-05,1,2,F,V,2017,11
CA Penarol,Defensor Sporting,2017-11-05,3,1,F,L,2017,11
El Tanque Sisley,CA Fenix,2017-11-05,1,1,F,E,2017,11
CA Juventud,River Plate,2017-11-08,1,0,F,L,2017,11
Danubio,Plaza Colonia,2017-11-08,2,2,F,E,2017,11
Defensor Sporting,Racing Club,2017-11-08,4,2,F,L,2017,11
Montevideo Wanderers,CA Cerro,2017-11-08,2,3,F,V,2017,11
CA Fenix,Liverpool,2017-11-09,0,2,F,V,2017,11
Institucion Atletica Sud America,CA Penarol,2017-11-09,2,3,F,V,2017,11
Rampla Juniors Futbol Club,El Tanque Sisley,2017-11-09,1,1,F,E,2017,11
Nacional,Boston River,2017-11-10,5,0,F,L,2017,11
CA Cerro,Plaza Colonia,2017-11-11,1,0,F,L,2017,11
CA Penarol,CA Juventud,2017-11-11,1,0,F,L,2017,11
Racing Club,Institucion Atletica Sud America,2017-11-11,2,3,F,V,2017,11
River Plate,Danubio,2017-11-11,1,1,F,E,2017,11
Boston River,CA Fenix,2017-11-12,0,0,F,E,2017,11
El Tanque Sisley,Defensor Sporting,2017-11-12,0,2,F,V,2017,11
Liverpool,Rampla Juniors Futbol Club,2017-11-12,1,2,F,V,2017,11
Montevideo Wanderers,Nacional,2017-11-12,2,3,F,V,2017,11
CA Fenix,Montevideo Wanderers,2017-11-15,4,1,F,L,2017,11
CA Juventud,Racing Club,2017-11-15,0,2,F,V,2017,11
Institucion Atletica Sud America,El Tanque Sisley,2017-11-15,1,1,F,E,2017,11
Plaza Colonia,River Plate,2017-11-15,2,3,F,V,2017,11
Danubio,CA Penarol,2017-11-16,0,2,F,V,2017,11
Defensor Sporting,Liverpool,2017-11-16,2,2,F,E,2017,11
Nacional,CA Cerro,2017-11-16,3,1,F,L,2017,11
Rampla Juniors Futbol Club,Boston River,2017-11-16,1,0,F,L,2017,11
CA Cerro,River Plate,2017-11-18,2,2,F,E,2017,11
El Tanque Sisley,CA Juventud,2017-11-18,2,2,F,E,2017,11
Boston River,Defensor Sporting,2017-11-19,0,1,F,V,2017,11
CA Penarol,Plaza Colonia,2017-11-19,3,0,F,L,2017,11
Liverpool,Institucion Atletica Sud America,2017-11-19,2,4,F,V,2017,11
Montevideo Wanderers,Rampla Juniors Futbol Club,2017-11-19,1,0,F,L,2017,11
Nacional,CA Fenix,2017-11-19,1,0,F,L,2017,11
Racing Club,Danubio,2017-11-19,5,2,F,L,2017,11
CA Fenix,CA Cerro,2017-11-22,1,1,F,E,2017,11
CA Juventud,Liverpool,2017-11-22,2,1,F,L,2017,11
Institucion Atletica Sud America,Boston River,2017-11-22,1,0,F,L,2017,11
River Plate,CA Penarol,2017-11-22,2,1,F,L,2017,11
Danubio,El Tanque Sisley,2017-11-23,2,2,F,E,2017,11
Defensor Sporting,Montevideo Wanderers,2017-11-23,2,1,F,L,2017,11
Plaza Colonia,Racing Club,2017-11-23,1,2,F,V,2017,11
Rampla Juniors Futbol Club,Nacional,2017-11-23,0,2,F,V,2017,11
Boston River,CA Juventud,2017-11-25,3,1,F,L,2017,11
CA Cerro,CA Penarol,2017-11-25,0,4,F,V,2017,11
CA Fenix,Rampla Juniors Futbol Club,2017-11-26,1,1,F,E,2017,11
El Tanque Sisley,Plaza Colonia,2017-11-26,1,1,F,E,2017,11
Liverpool,Danubio,2017-11-26,5,0,F,L,2017,11
Montevideo Wanderers,Institucion Atletica Sud America,2017-11-26,1,0,F,L,2017,11
Nacional,Defensor Sporting,2017-11-26,1,1,F,E,2017,11
Racing Club,River Plate,2017-11-26,0,0,F,E,2017,11
Plaza Colonia,Liverpool,2017-12-01,0,1,F,V,2017,12
Rampla Juniors Futbol Club,CA Cerro,2017-12-02,0,1,F,V,2017,12
CA Juventud,Montevideo Wanderers,2017-12-03,2,5,F,V,2017,12
CA Penarol,Racing Club,2017-12-03,4,0,F,L,2017,12
Danubio,Boston River,2017-12-03,1,0,F,L,2017,12
Defensor Sporting,CA Fenix,2017-12-03,0,2,F,V,2017,12
Institucion Atletica Sud America,Nacional,2017-12-03,3,2,F,L,2017,12
River Plate,El Tanque Sisley,2017-12-03,1,0,F,L,2017,12
Defensor Sporting,CA Penarol,2017-12-07,0,1,F,V,2017,12
El Tanque Sisley,Institucion Atletica Sud America,2017-12-09,3,2,F,L,2017,12
CA Penarol,Defensor Sporting,2017-12-10,0,0,P,E,2017,12
Institucion Atletica Sud America,El Tanque Sisley,2017-12-13,1,0,F,L,2017,12
Institucion Atletica Sud America,El Tanque Sisley,2017-12-18,1,1,P,E,2017,12
CA Fenix,Rampla Juniors Futbol Club,2018-02-03,3,1,F,L,2018,2
River Plate,Boston River,2018-02-03,2,2,F,E,2018,2
Torque FC,Nacional,2018-02-03,2,4,F,V,2018,2
CA Cerro,Liverpool,2018-02-04,1,1,F,E,2018,2
CA Progreso,Danubio,2018-02-04,1,1,F,E,2018,2
Defensor Sporting,Club Atletico Atenas,2018-02-04,3,0,F,L,2018,2
Racing Club,CA Penarol,2018-02-04,0,2,F,V,2018,2
Boston River,Montevideo Wanderers,2018-02-10,1,3,F,V,2018,2
Rampla Juniors Futbol Club,Nacional,2018-02-10,0,3,F,V,2018,2
Torque FC,CA Progreso,2018-02-10,0,3,F,V,2018,2
CA Fenix,CA Cerro,2018-02-11,0,0,F,E,2018,2
CA Penarol,River Plate,2018-02-11,4,1,F,L,2018,2
Club Atletico Atenas,Racing Club,2018-02-11,1,0,F,L,2018,2
Danubio,Defensor Sporting,2018-02-11,2,1,F,L,2018,2
CA Progreso,Rampla Juniors Futbol Club,2018-02-17,4,1,F,L,2018,2
Liverpool,Boston River,2018-02-17,2,2,F,E,2018,2
Montevideo Wanderers,CA Penarol,2018-02-17,1,1,F,E,2018,2
Defensor Sporting,Torque FC,2018-02-18,2,1,F,L,2018,2
Nacional,CA Fenix,2018-02-18,2,1,F,L,2018,2
Racing Club,Danubio,2018-02-18,1,2,F,V,2018,2
River Plate,Club Atletico Atenas,2018-02-18,3,1,F,L,2018,2
CA Penarol,Liverpool,2018-02-24,2,1,F,L,2018,2
Rampla Juniors Futbol Club,Defensor Sporting,2018-02-24,1,1,F,E,2018,2
CA Fenix,CA Progreso,2018-02-25,2,0,F,L,2018,2
Club Atletico Atenas,Montevideo Wanderers,2018-02-25,2,1,F,L,2018,2
Danubio,River Plate,2018-02-25,1,0,F,L,2018,2
Nacional,CA Cerro,2018-02-25,4,0,F,L,2018,2
Torque FC,Racing Club,2018-02-25,2,2,F,E,2018,2
CA Cerro,Boston River,2018-03-03,2,3,F,V,2018,3
Liverpool,Club Atletico Atenas,2018-03-03,1,0,F,L,2018,3
Montevideo Wanderers,Danubio,2018-03-03,0,1,F,V,2018,3
CA Progreso,Nacional,2018-03-04,2,1,F,L,2018,3
Defensor Sporting,CA Fenix,2018-03-04,3,2,F,L,2018,3
Racing Club,Rampla Juniors Futbol Club,2018-03-04,2,1,F,L,2018,3
River Plate,Torque FC,2018-03-04,2,2,F,E,2018,3
CA Penarol,Boston River,2018-03-10,2,1,F,L,2018,3
CA Progreso,CA Cerro,2018-03-10,0,1,F,V,2018,3
Danubio,Liverpool,2018-03-10,0,3,F,V,2018,3
Nacional,Defensor Sporting,2018-03-10,2,0,F,L,2018,3
CA Fenix,Racing Club,2018-03-11,0,1,F,V,2018,3
Rampla Juniors Futbol Club,River Plate,2018-03-11,1,2,F,V,2018,3
Torque FC,Montevideo Wanderers,2018-03-11,1,2,F,V,2018,3
Defensor Sporting,CA Progreso,2018-03-17,1,1,F,E,2018,3
Montevideo Wanderers,Rampla Juniors Futbol Club,2018-03-17,1,1,F,E,2018,3
River Plate,CA Fenix,2018-03-17,2,1,F,L,2018,3
Boston River,Club Atletico Atenas,2018-03-21,1,0,F,L,2018,3
CA Cerro,CA Penarol,2018-03-21,0,3,F,V,2018,3
Liverpool,Torque FC,2018-03-22,1,0,F,L,2018,3
Racing Club,Nacional,2018-03-22,0,1,F,V,2018,3
CA Fenix,Montevideo Wanderers,2018-03-24,1,1,F,E,2018,3
Club Atletico Atenas,CA Penarol,2018-03-24,0,2,F,V,2018,3
Danubio,Boston River,2018-03-24,0,0,F,E,2018,3
Defensor Sporting,CA Cerro,2018-03-24,2,1,F,L,2018,3
CA Progreso,Racing Club,2018-03-25,3,0,F,L,2018,3
Nacional,River Plate,2018-03-25,1,0,F,L,2018,3
Rampla Juniors Futbol Club,Liverpool,2018-03-25,1,2,F,V,2018,3
CA Cerro,Club Atletico Atenas,2018-03-27,1,0,F,L,2018,3
Boston River,Torque FC,2018-03-28,1,1,F,E,2018,3
CA Penarol,Danubio,2018-03-28,1,1,F,E,2018,3
Liverpool,CA Fenix,2018-03-28,1,2,F,V,2018,3
Montevideo Wanderers,Nacional,2018-03-28,0,2,F,V,2018,3
Racing Club,Defensor Sporting,2018-03-28,2,2,F,E,2018,3
River Plate,CA Progreso,2018-03-28,4,2,F,L,2018,3
CA Progreso,Montevideo Wanderers,2018-03-31,0,1,F,V,2018,3
Nacional,Liverpool,2018-03-31,0,0,F,E,2018,3
Rampla Juniors Futbol Club,Boston River,2018-03-31,0,0,F,E,2018,3
Danubio,Club Atletico Atenas,2018-04-01,5,0,F,L,2018,4
Defensor Sporting,River Plate,2018-04-01,5,2,F,L,2018,4
Racing Club,CA Cerro,2018-04-01,1,2,F,V,2018,4
Torque FC,CA Penarol,2018-04-01,2,0,F,L,2018,4
Boston River,CA Fenix,2018-04-06,0,3,F,V,2018,4
CA Cerro,Danubio,2018-04-07,3,2,F,L,2018,4
Club Atletico Atenas,Torque FC,2018-04-07,2,0,F,L,2018,4
Liverpool,CA Progreso,2018-04-08,1,1,F,E,2018,4
Montevideo Wanderers,Defensor Sporting,2018-04-08,1,2,F,V,2018,4
River Plate,Racing Club,2018-04-08,1,1,F,E,2018,4
CA Penarol,Rampla Juniors Futbol Club,2018-04-09,2,1,F,L,2018,4
CA Fenix,CA Penarol,2018-04-14,0,3,F,V,2018,4
Defensor Sporting,Liverpool,2018-04-14,1,0,F,L,2018,4
River Plate,CA Cerro,2018-04-14,1,1,F,E,2018,4
Nacional,Boston River,2018-04-15,1,0,F,L,2018,4
Racing Club,Montevideo Wanderers,2018-04-15,2,3,F,V,2018,4
Rampla Juniors Futbol Club,Club Atletico Atenas,2018-04-15,1,1,F,E,2018,4
Torque FC,Danubio,2018-04-15,0,3,F,V,2018,4
CA Cerro,Torque FC,2018-04-21,1,1,F,E,2018,4
Danubio,Rampla Juniors Futbol Club,2018-04-21,3,1,F,L,2018,4
Liverpool,Racing Club,2018-04-21,2,1,F,L,2018,4
Montevideo Wanderers,River Plate,2018-04-21,0,3,F,V,2018,4
Boston River,CA Progreso,2018-04-22,3,2,F,L,2018,4
CA Penarol,Nacional,2018-04-22,1,1,F,E,2018,4
Club Atletico Atenas,CA Fenix,2018-04-22,3,1,F,L,2018,4
CA Fenix,Danubio,2018-04-28,0,1,F,V,2018,4
Montevideo Wanderers,CA Cerro,2018-04-28,0,1,F,V,2018,4
Nacional,Club Atletico Atenas,2018-04-28,2,1,F,L,2018,4
CA Progreso,CA Penarol,2018-04-29,0,1,F,V,2018,4
Rampla Juniors Futbol Club,Torque FC,2018-04-29,2,1,F,L,2018,4
River Plate,Liverpool,2018-04-29,5,0,F,L,2018,4
Defensor Sporting,Boston River,2018-05-01,2,1,F,L,2018,5
CA Penarol,Defensor Sporting,2018-05-05,4,1,F,L,2018,5
Club Atletico Atenas,CA Progreso,2018-05-05,0,6,F,V,2018,5
Danubio,Nacional,2018-05-05,1,2,F,V,2018,5
Torque FC,CA Fenix,2018-05-05,0,2,F,V,2018,5
Boston River,Racing Club,2018-05-06,2,1,F,L,2018,5
CA Cerro,Rampla Juniors Futbol Club,2018-05-06,2,0,F,L,2018,5
Liverpool,Montevideo Wanderers,2018-05-06,2,0,F,L,2018,5
Defensor Sporting,Club Atletico Atenas,2018-05-09,0,2,F,V,2018,5
Torque FC,River Plate,2018-05-09,2,2,F,E,2018,5
Nacional,CA Fenix,2018-05-10,3,1,F,L,2018,5
Racing Club,Liverpool,2018-05-10,2,0,F,L,2018,5
Rampla Juniors Futbol Club,CA Cerro,2018-05-10,0,1,F,V,2018,5
CA Progreso,CA Penarol,2018-05-12,4,3,F,L,2018,5
Club Atletico Atenas,Torque FC,2018-05-12,0,1,F,V,2018,5
River Plate,Defensor Sporting,2018-05-12,1,0,F,L,2018,5
CA Cerro,Nacional,2018-05-13,2,2,F,E,2018,5
CA Fenix,Rampla Juniors Futbol Club,2018-05-13,1,3,F,V,2018,5
Liverpool,Danubio,2018-05-13,3,4,F,V,2018,5
Montevideo Wanderers,Racing Club,2018-05-13,0,1,F,V,2018,5
Danubio,Montevideo Wanderers,2018-05-16,0,2,F,V,2018,5
Defensor Sporting,CA Progreso,2018-05-19,1,0,F,L,2018,5
Nacional,Liverpool,2018-05-19,1,1,F,E,2018,5
Rampla Juniors Futbol Club,Montevideo Wanderers,2018-05-19,2,3,F,V,2018,5
Torque FC,Boston River,2018-05-19,0,1,F,V,2018,5
Danubio,CA Cerro,2018-05-20,0,2,F,V,2018,5
Racing Club,CA Fenix,2018-05-20,1,0,F,L,2018,5
CA Penarol,River Plate,2018-05-21,6,0,F,L,2018,5
CA Penarol,Boston River,2018-05-24,3,0,F,L,2018,5
CA Fenix,Danubio,2018-05-26,2,2,F,E,2018,5
Racing Club,Rampla Juniors Futbol Club,2018-05-26,1,2,F,V,2018,5
Boston River,Defensor Sporting,2018-05-27,1,2,F,V,2018,5
CA Cerro,Liverpool,2018-05-27,1,1,F,E,2018,5
CA Progreso,River Plate,2018-05-27,0,0,F,E,2018,5
Club Atletico Atenas,CA Penarol,2018-05-27,1,2,F,V,2018,5
Montevideo Wanderers,Nacional,2018-05-27,1,4,F,V,2018,5
Danubio,Rampla Juniors Futbol Club,2018-05-30,4,1,F,L,2018,5
River Plate,Boston River,2018-05-30,1,0,F,L,2018,5
CA Cerro,Montevideo Wanderers,2018-05-31,2,1,F,L,2018,5
CA Progreso,Club Atletico Atenas,2018-05-31,1,1,F,E,2018,5
Liverpool,CA Fenix,2018-05-31,3,1,F,L,2018,5
Nacional,Racing Club,2018-05-31,5,0,F,L,2018,5
CA Penarol,Torque FC,2018-06-01,3,4,F,V,2018,6
Racing Club,Danubio,2018-06-02,0,2,F,V,2018,6
Rampla Juniors Futbol Club,Nacional,2018-06-02,0,2,F,V,2018,6
Boston River,CA Progreso,2018-06-03,0,0,F,E,2018,6
CA Fenix,CA Cerro,2018-06-03,1,1,F,E,2018,6
Club Atletico Atenas,River Plate,2018-06-03,1,1,F,E,2018,6
Montevideo Wanderers,Liverpool,2018-06-03,1,0,F,L,2018,6
Torque FC,Defensor Sporting,2018-06-03,1,0,F,L,2018,6
CA Cerro,Racing Club,2018-06-06,0,0,F,E,2018,6
Danubio,Nacional,2018-06-06,0,2,F,V,2018,6
Liverpool,Rampla Juniors Futbol Club,2018-06-06,2,1,F,L,2018,6
Montevideo Wanderers,CA Fenix,2018-06-06,0,1,F,V,2018,6
CA Progreso,Torque FC,2018-06-07,0,2,F,V,2018,6
Club Atletico Atenas,Boston River,2018-06-07,1,0,F,L,2018,6
Defensor Sporting,CA Penarol,2018-06-07,1,3,F,V,2018,6
Nacional,Torque FC,2018-06-10,3,2,F,L,2018,6
Boston River,River Plate,2018-07-21,2,3,F,V,2018,7
CA Penarol,Racing Club,2018-07-21,1,1,F,E,2018,7
Liverpool,CA Cerro,2018-07-21,1,1,F,E,2018,7
Club Atletico Atenas,Defensor Sporting,2018-07-22,2,5,F,V,2018,7
Danubio,CA Progreso,2018-07-22,2,2,F,E,2018,7
Rampla Juniors Futbol Club,CA Fenix,2018-07-22,1,0,F,L,2018,7
Nacional,Torque FC,2018-07-23,3,2,F,L,2018,7
CA Progreso,Torque FC,2018-07-28,3,1,F,L,2018,7
Defensor Sporting,Danubio,2018-07-28,1,2,F,V,2018,7
Nacional,Rampla Juniors Futbol Club,2018-07-28,2,1,F,L,2018,7
CA Cerro,CA Fenix,2018-07-29,0,5,F,V,2018,7
Montevideo Wanderers,Boston River,2018-07-29,3,1,F,L,2018,7
Racing Club,Club Atletico Atenas,2018-07-29,0,0,F,E,2018,7
River Plate,CA Penarol,2018-07-29,0,1,F,V,2018,7
CA Penarol,Montevideo Wanderers,2018-08-04,3,0,F,L,2018,8
Club Atletico Atenas,River Plate,2018-08-04,1,1,F,E,2018,8
Danubio,Racing Club,2018-08-04,1,1,F,E,2018,8
Boston River,Liverpool,2018-08-05,1,0,F,L,2018,8
CA Fenix,Nacional,2018-08-05,0,3,F,V,2018,8
Rampla Juniors Futbol Club,CA Progreso,2018-08-05,1,2,F,V,2018,8
Torque FC,Defensor Sporting,2018-08-05,0,0,F,E,2018,8
CA Cerro,Nacional,2018-08-11,1,2,F,V,2018,8
Montevideo Wanderers,Club Atletico Atenas,2018-08-11,2,2,F,E,2018,8
Racing Club,Torque FC,2018-08-11,0,1,F,V,2018,8
CA Progreso,CA Fenix,2018-08-12,1,0,F,L,2018,8
Defensor Sporting,Rampla Juniors Futbol Club,2018-08-12,2,2,F,E,2018,8
Liverpool,CA Penarol,2018-08-12,2,4,F,V,2018,8
River Plate,Danubio,2018-08-12,1,2,F,V,2018,8
Club Atletico Atenas,Liverpool,2018-08-18,0,1,F,V,2018,8
Danubio,Montevideo Wanderers,2018-08-18,2,2,F,E,2018,8
Boston River,CA Cerro,2018-08-19,2,3,F,V,2018,8
CA Fenix,Defensor Sporting,2018-08-19,1,2,F,V,2018,8
Nacional,CA Progreso,2018-08-19,1,0,F,L,2018,8
Rampla Juniors Futbol Club,Racing Club,2018-08-19,2,0,F,L,2018,8
Torque FC,River Plate,2018-08-19,3,0,F,L,2018,8
CA Cerro,CA Progreso,2018-08-25,5,2,F,L,2018,8
Racing Club,CA Fenix,2018-08-25,2,1,F,L,2018,8
Boston River,CA Penarol,2018-08-26,1,2,F,V,2018,8
Defensor Sporting,Nacional,2018-08-26,2,0,F,L,2018,8
Liverpool,Danubio,2018-08-26,3,0,F,L,2018,8
Montevideo Wanderers,Torque FC,2018-08-26,1,0,F,L,2018,8
River Plate,Rampla Juniors Futbol Club,2018-08-26,3,4,F,V,2018,8
CA Fenix,River Plate,2018-09-01,1,3,F,V,2018,9
Nacional,Racing Club,2018-09-01,1,0,F,L,2018,9
Rampla Juniors Futbol Club,Montevideo Wanderers,2018-09-01,0,1,F,V,2018,9
CA Penarol,CA Cerro,2018-09-02,3,2,F,L,2018,9
CA Progreso,Defensor Sporting,2018-09-02,0,0,F,E,2018,9
Club Atletico Atenas,Boston River,2018-09-02,1,0,F,L,2018,9
Torque FC,Liverpool,2018-09-02,2,2,F,E,2018,9
CA Cerro,Defensor Sporting,2018-09-08,1,1,F,E,2018,9
CA Penarol,Club Atletico Atenas,2018-09-08,2,0,F,L,2018,9
Montevideo Wanderers,CA Fenix,2018-09-08,1,1,F,E,2018,9
Boston River,Danubio,2018-09-09,0,0,F,E,2018,9
Liverpool,Rampla Juniors Futbol Club,2018-09-09,2,0,F,L,2018,9
Racing Club,CA Progreso,2018-09-09,2,0,F,L,2018,9
River Plate,Nacional,2018-09-09,0,0,F,E,2018,9
Nacional,Montevideo Wanderers,2018-09-15,1,3,F,V,2018,9
Torque FC,Boston River,2018-09-15,3,2,F,L,2018,9
CA Fenix,Liverpool,2018-09-16,0,0,F,E,2018,9
CA Progreso,River Plate,2018-09-16,2,2,F,E,2018,9
Club Atletico Atenas,CA Cerro,2018-09-16,0,1,F,V,2018,9
Danubio,CA Penarol,2018-09-16,0,2,F,V,2018,9
Defensor Sporting,Racing Club,2018-09-16,2,1,F,L,2018,9
Club Atletico Atenas,Danubio,2018-09-22,0,0,F,E,2018,9
Boston River,Rampla Juniors Futbol Club,2018-09-23,0,0,F,E,2018,9
CA Cerro,Racing Club,2018-09-23,1,2,F,V,2018,9
CA Penarol,Torque FC,2018-09-23,1,1,F,E,2018,9
Montevideo Wanderers,CA Progreso,2018-09-23,3,2,F,L,2018,9
River Plate,Defensor Sporting,2018-09-23,3,2,F,L,2018,9
Liverpool,Nacional,2018-10-03,1,2,F,V,2018,10
CA Progreso,Liverpool,2018-10-06,1,1,F,E,2018,10
Defensor Sporting,Montevideo Wanderers,2018-10-06,3,0,F,L,2018,10
Torque FC,Club Atletico Atenas,2018-10-06,1,1,F,E,2018,10
CA Fenix,Boston River,2018-10-07,2,1,F,L,2018,10
Danubio,CA Cerro,2018-10-07,0,0,F,E,2018,10
Racing Club,River Plate,2018-10-07,2,1,F,L,2018,10
Rampla Juniors Futbol Club,CA Penarol,2018-10-07,1,0,F,L,2018,10
CA Penarol,CA Fenix,2018-10-13,2,0,F,L,2018,10
Club Atletico Atenas,Rampla Juniors Futbol Club,2018-10-13,2,2,F,E,2018,10
Boston River,Nacional,2018-10-14,1,0,F,L,2018,10
CA Cerro,River Plate,2018-10-14,4,2,F,L,2018,10
Danubio,Torque FC,2018-10-14,3,1,F,L,2018,10
Liverpool,Defensor Sporting,2018-10-14,2,1,F,L,2018,10
Montevideo Wanderers,Racing Club,2018-10-14,1,2,F,V,2018,10
Nacional,CA Penarol,2018-10-20,1,1,F,E,2018,10
CA Fenix,Club Atletico Atenas,2018-10-21,2,1,F,L,2018,10
CA Progreso,Boston River,2018-10-21,1,0,F,L,2018,10
Racing Club,Liverpool,2018-10-21,1,1,F,E,2018,10
Rampla Juniors Futbol Club,Danubio,2018-10-21,0,0,F,E,2018,10
River Plate,Montevideo Wanderers,2018-10-21,0,5,F,V,2018,10
Torque FC,CA Cerro,2018-10-21,0,0,F,E,2018,10
CA Penarol,CA Progreso,2018-10-27,1,0,F,L,2018,10
Torque FC,Rampla Juniors Futbol Club,2018-10-27,0,0,F,E,2018,10
Boston River,Defensor Sporting,2018-10-28,3,1,F,L,2018,10
CA Cerro,Montevideo Wanderers,2018-10-28,1,1,F,E,2018,10
Club Atletico Atenas,Nacional,2018-10-28,2,2,F,E,2018,10
Danubio,CA Fenix,2018-10-28,1,1,F,E,2018,10
Liverpool,River Plate,2018-10-28,4,1,F,L,2018,10
CA Fenix,Torque FC,2018-11-03,2,1,F,L,2018,11
CA Progreso,Club Atletico Atenas,2018-11-03,5,0,F,L,2018,11
Defensor Sporting,CA Penarol,2018-11-04,1,2,F,V,2018,11
Montevideo Wanderers,Liverpool,2018-11-04,3,2,F,L,2018,11
Nacional,Danubio,2018-11-04,1,0,F,L,2018,11
Racing Club,Boston River,2018-11-04,3,0,F,L,2018,11
Rampla Juniors Futbol Club,CA Cerro,2018-11-04,2,2,F,E,2018,11
Nacional,CA Penarol,2018-11-11,1,2,E,V,2018,11
CA Juventud,CA Fenix,2019-02-16,1,2,F,V,2019,2
Liverpool,Nacional,2019-02-16,1,1,F,E,2019,2
Montevideo Wanderers,River Plate,2019-02-16,1,1,F,E,2019,2
Rampla Juniors Futbol Club,CA Progreso,2019-02-16,3,4,F,V,2019,2
Boston River,Plaza Colonia,2019-02-17,2,2,F,E,2019,2
Cerro Largo FC,Danubio,2019-02-17,2,0,F,L,2019,2
Defensor Sporting,CA Penarol,2019-02-17,0,1,F,V,2019,2
Racing Club,CA Cerro,2019-02-17,1,3,F,V,2019,2
CA Cerro,Boston River,2019-02-23,0,1,F,V,2019,2
Plaza Colonia,Danubio,2019-02-23,0,1,F,V,2019,2
River Plate,Racing Club,2019-02-23,4,1,F,L,2019,2
CA Fenix,Liverpool,2019-02-24,4,4,F,E,2019,2
CA Penarol,Rampla Juniors Futbol Club,2019-02-24,5,0,F,L,2019,2
CA Progreso,CA Juventud,2019-02-24,1,0,F,L,2019,2
Defensor Sporting,Cerro Largo FC,2019-02-24,0,3,F,V,2019,2
Nacional,Montevideo Wanderers,2019-02-27,1,4,F,V,2019,2
Cerro Largo FC,Plaza Colonia,2019-03-02,1,0,F,L,2019,3
Liverpool,CA Progreso,2019-03-02,3,5,F,V,2019,3
Racing Club,Nacional,2019-03-02,1,1,F,E,2019,3
Boston River,River Plate,2019-03-03,2,0,F,L,2019,3
CA Penarol,CA Juventud,2019-03-03,4,1,F,L,2019,3
Danubio,CA Cerro,2019-03-03,1,0,F,L,2019,3
Rampla Juniors Futbol Club,Defensor Sporting,2019-03-03,0,2,F,V,2019,3
Montevideo Wanderers,CA Fenix,2019-03-04,0,2,F,V,2019,3
CA Cerro,Plaza Colonia,2019-03-09,1,1,F,E,2019,3
CA Progreso,Montevideo Wanderers,2019-03-09,2,2,F,E,2019,3
Defensor Sporting,CA Juventud,2019-03-09,1,4,F,V,2019,3
Nacional,Boston River,2019-03-09,2,2,F,E,2019,3
CA Fenix,Racing Club,2019-03-10,2,0,F,L,2019,3
CA Penarol,Liverpool,2019-03-10,1,0,F,L,2019,3
Rampla Juniors Futbol Club,Cerro Largo FC,2019-03-10,2,1,F,L,2019,3
River Plate,Danubio,2019-03-10,1,1,F,E,2019,3
Boston River,CA Fenix,2019-03-16,1,3,F,V,2019,3
Cerro Largo FC,CA Cerro,2019-03-16,4,1,F,L,2019,3
Danubio,Nacional,2019-03-16,2,0,F,L,2019,3
Liverpool,Defensor Sporting,2019-03-16,6,2,F,L,2019,3
CA Juventud,Rampla Juniors Futbol Club,2019-03-17,1,1,F,E,2019,3
Montevideo Wanderers,CA Penarol,2019-03-17,2,0,F,L,2019,3
Plaza Colonia,River Plate,2019-03-17,1,0,F,L,2019,3
Racing Club,CA Progreso,2019-03-17,3,0,F,L,2019,3
CA Fenix,Danubio,2019-03-23,5,1,F,L,2019,3
CA Penarol,Racing Club,2019-03-23,2,2,F,E,2019,3
Rampla Juniors Futbol Club,Liverpool,2019-03-23,2,0,F,L,2019,3
CA Juventud,Cerro Largo FC,2019-03-24,1,0,F,L,2019,3
CA Progreso,Boston River,2019-03-24,1,1,F,E,2019,3
Defensor Sporting,Montevideo Wanderers,2019-03-24,1,1,F,E,2019,3
Nacional,Plaza Colonia,2019-03-24,3,0,F,L,2019,3
River Plate,CA Cerro,2019-03-24,2,1,F,L,2019,3
Boston River,CA Penarol,2019-03-30,0,4,F,V,2019,3
CA Cerro,Nacional,2019-03-30,0,2,F,V,2019,3
Cerro Largo FC,River Plate,2019-03-30,2,0,F,L,2019,3
Liverpool,CA Juventud,2019-03-30,2,1,F,L,2019,3
Danubio,CA Progreso,2019-03-31,3,2,F,L,2019,3
Montevideo Wanderers,Rampla Juniors Futbol Club,2019-03-31,1,0,F,L,2019,3
Plaza Colonia,CA Fenix,2019-03-31,2,2,F,E,2019,3
Racing Club,Defensor Sporting,2019-03-31,4,2,F,L,2019,3
CA Juventud,Montevideo Wanderers,2019-04-06,4,1,F,L,2019,4
Nacional,River Plate,2019-04-06,6,0,F,L,2019,4
Rampla Juniors Futbol Club,Racing Club,2019-04-06,2,0,F,L,2019,4
CA Fenix,CA Cerro,2019-04-07,2,1,F,L,2019,4
CA Penarol,Danubio,2019-04-07,1,0,F,L,2019,4
CA Progreso,Plaza Colonia,2019-04-07,0,1,F,V,2019,4
Defensor Sporting,Boston River,2019-04-07,0,0,F,E,2019,4
Liverpool,Cerro Largo FC,2019-04-07,3,2,F,L,2019,4
CA Cerro,CA Progreso,2019-04-13,0,2,F,V,2019,4
Danubio,Defensor Sporting,2019-04-13,1,1,F,E,2019,4
Boston River,Rampla Juniors Futbol Club,2019-04-14,1,1,F,E,2019,4
Montevideo Wanderers,Liverpool,2019-04-14,2,1,F,L,2019,4
Plaza Colonia,CA Penarol,2019-04-14,0,1,F,V,2019,4
Racing Club,CA Juventud,2019-04-14,2,1,F,L,2019,4
River Plate,CA Fenix,2019-04-14,2,2,F,E,2019,4
Cerro Largo FC,Nacional,2019-04-15,2,2,F,E,2019,4
CA Fenix,Nacional,2019-04-20,4,4,F,E,2019,4
CA Progreso,River Plate,2019-04-20,4,0,F,L,2019,4
Rampla Juniors Futbol Club,Danubio,2019-04-20,0,0,F,E,2019,4
CA Juventud,Boston River,2019-04-21,0,1,F,V,2019,4
CA Penarol,CA Cerro,2019-04-21,1,1,F,E,2019,4
Defensor Sporting,Plaza Colonia,2019-04-21,4,1,F,L,2019,4
Liverpool,Racing Club,2019-04-21,1,1,F,E,2019,4
Montevideo Wanderers,Cerro Largo FC,2019-04-24,0,0,F,E,2019,4
Boston River,Liverpool,2019-05-04,0,4,F,V,2019,5
Plaza Colonia,Rampla Juniors Futbol Club,2019-05-04,0,1,F,V,2019,5
River Plate,CA Penarol,2019-05-04,0,2,F,V,2019,5
CA Cerro,Defensor Sporting,2019-05-05,0,2,F,V,2019,5
Cerro Largo FC,CA Fenix,2019-05-05,2,0,F,L,2019,5
Danubio,CA Juventud,2019-05-05,4,3,F,L,2019,5
Nacional,CA Progreso,2019-05-05,4,0,F,L,2019,5
Racing Club,Montevideo Wanderers,2019-05-05,2,4,F,V,2019,5
CA Juventud,Plaza Colonia,2019-05-11,0,0,F,E,2019,5
CA Progreso,CA Fenix,2019-05-11,3,0,F,L,2019,5
Defensor Sporting,River Plate,2019-05-11,1,1,F,E,2019,5
Liverpool,Danubio,2019-05-11,0,5,F,V,2019,5
Montevideo Wanderers,Boston River,2019-05-11,0,3,F,V,2019,5
Racing Club,Cerro Largo FC,2019-05-11,1,0,F,L,2019,5
Rampla Juniors Futbol Club,CA Cerro,2019-05-11,2,0,F,L,2019,5
CA Penarol,Nacional,2019-05-12,1,1,F,E,2019,5
CA Cerro,CA Juventud,2019-05-18,1,0,F,L,2019,5
CA Fenix,CA Penarol,2019-05-18,1,2,F,V,2019,5
Danubio,Montevideo Wanderers,2019-05-18,0,2,F,V,2019,5
Plaza Colonia,Liverpool,2019-05-18,1,2,F,V,2019,5
River Plate,Rampla Juniors Futbol Club,2019-05-18,2,1,F,L,2019,5
Boston River,Racing Club,2019-05-19,2,1,F,L,2019,5
Cerro Largo FC,CA Progreso,2019-05-19,0,0,F,E,2019,5
Nacional,Defensor Sporting,2019-05-19,1,0,F,L,2019,5
CA Juventud,River Plate,2019-05-25,4,1,F,L,2019,5
Defensor Sporting,CA Fenix,2019-05-25,2,4,F,V,2019,5
Rampla Juniors Futbol Club,Nacional,2019-05-25,0,3,F,V,2019,5
Boston River,Cerro Largo FC,2019-05-26,2,3,F,V,2019,5
CA Penarol,CA Progreso,2019-05-26,2,2,F,E,2019,5
Montevideo Wanderers,Plaza Colonia,2019-05-26,2,2,F,E,2019,5
Racing Club,Danubio,2019-05-26,0,2,F,V,2019,5
CA Fenix,Rampla Juniors Futbol Club,2019-06-01,3,1,F,L,2019,6
CA Progreso,Defensor Sporting,2019-06-01,0,3,F,V,2019,6
Nacional,CA Juventud,2019-06-01,1,0,F,L,2019,6
Plaza Colonia,Racing Club,2019-06-01,4,1,F,L,2019,6
CA Cerro,Montevideo Wanderers,2019-06-02,3,0,F,L,2019,6
Cerro Largo FC,CA Penarol,2019-06-02,1,0,F,L,2019,6
Danubio,Boston River,2019-06-02,1,0,F,L,2019,6
River Plate,Liverpool,2019-06-02,0,0,F,E,2019,6
Liverpool,CA Cerro,2019-06-05,2,2,F,E,2019,6
CA Cerro,Liverpool,2019-07-13,0,2,F,V,2019,7
CA Juventud,Danubio,2019-07-13,2,2,F,E,2019,7
Cerro Largo FC,Racing Club,2019-07-13,3,0,F,L,2019,7
Nacional,Defensor Sporting,2019-07-13,1,2,F,V,2019,7
CA Fenix,Rampla Juniors Futbol Club,2019-07-14,1,0,F,L,2019,7
CA Penarol,Boston River,2019-07-14,4,0,F,L,2019,7
Plaza Colonia,Montevideo Wanderers,2019-07-14,2,1,F,L,2019,7
River Plate,CA Progreso,2019-07-14,0,0,F,E,2019,7
CA Progreso,CA Penarol,2019-07-20,1,1,F,E,2019,7
Defensor Sporting,CA Juventud,2019-07-20,1,1,F,E,2019,7
Montevideo Wanderers,Cerro Largo FC,2019-07-20,1,2,F,V,2019,7
Racing Club,Plaza Colonia,2019-07-20,0,2,F,V,2019,7
Boston River,River Plate,2019-07-21,0,0,F,E,2019,7
Danubio,Nacional,2019-07-21,1,2,F,V,2019,7
Liverpool,CA Fenix,2019-07-21,5,1,F,L,2019,7
Rampla Juniors Futbol Club,CA Cerro,2019-07-21,0,1,F,V,2019,7
CA Penarol,Danubio,2019-07-27,2,0,F,L,2019,7
Plaza Colonia,Rampla Juniors Futbol Club,2019-07-27,1,2,F,V,2019,7
River Plate,Defensor Sporting,2019-07-27,2,1,F,L,2019,7
CA Cerro,Racing Club,2019-07-28,1,2,F,V,2019,7
CA Fenix,Montevideo Wanderers,2019-07-28,3,0,F,L,2019,7
CA Juventud,Boston River,2019-07-28,1,0,F,L,2019,7
Cerro Largo FC,Liverpool,2019-07-28,1,0,F,L,2019,7
Nacional,CA Progreso,2019-07-28,4,2,F,L,2019,7
Boston River,Nacional,2019-08-10,0,0,F,E,2019,8
CA Juventud,River Plate,2019-08-10,1,2,F,V,2019,8
Liverpool,Montevideo Wanderers,2019-08-10,3,1,F,L,2019,8
Rampla Juniors Futbol Club,Cerro Largo FC,2019-08-10,1,1,F,E,2019,8
CA Progreso,Danubio,2019-08-11,2,0,F,L,2019,8
Defensor Sporting,CA Penarol,2019-08-11,2,2,F,E,2019,8
Plaza Colonia,CA Cerro,2019-08-11,0,0,F,E,2019,8
Racing Club,CA Fenix,2019-08-11,3,1,F,L,2019,8
CA Fenix,Plaza Colonia,2019-08-17,0,1,F,V,2019,8
Cerro Largo FC,CA Cerro,2019-08-17,2,0,F,L,2019,8
Danubio,Boston River,2019-08-17,1,2,F,V,2019,8
Nacional,River Plate,2019-08-17,1,1,F,E,2019,8
CA Penarol,CA Juventud,2019-08-18,0,0,F,E,2019,8
CA Progreso,Defensor Sporting,2019-08-18,3,1,F,L,2019,8
Liverpool,Racing Club,2019-08-18,3,1,F,L,2019,8
Montevideo Wanderers,Rampla Juniors Futbol Club,2019-08-18,4,3,F,L,2019,8
Boston River,CA Progreso,2019-08-24,1,1,F,E,2019,8
Plaza Colonia,Cerro Largo FC,2019-08-24,3,1,F,L,2019,8
Racing Club,Montevideo Wanderers,2019-08-24,2,2,F,E,2019,8
River Plate,CA Penarol,2019-08-24,1,0,F,L,2019,8
CA Cerro,CA Fenix,2019-08-25,0,1,F,V,2019,8
CA Juventud,Nacional,2019-08-25,0,2,F,V,2019,8
Defensor Sporting,Danubio,2019-08-25,3,1,F,L,2019,8
Rampla Juniors Futbol Club,Liverpool,2019-08-25,1,2,F,V,2019,8
CA Progreso,CA Juventud,2019-08-31,0,0,F,E,2019,8
Cerro Largo FC,CA Fenix,2019-08-31,1,0,F,L,2019,8
Defensor Sporting,Boston River,2019-08-31,2,2,F,E,2019,8
Liverpool,Plaza Colonia,2019-08-31,3,0,F,L,2019,8
Montevideo Wanderers,CA Cerro,2019-08-31,0,1,F,V,2019,8
Racing Club,Rampla Juniors Futbol Club,2019-08-31,2,4,F,V,2019,8
Danubio,River Plate,2019-09-01,0,1,F,V,2019,9
Nacional,CA Penarol,2019-09-01,3,0,F,L,2019,9
Liverpool,River Plate,2019-09-08,2,2,P,E,2019,9
CA Cerro,Racing Club,2019-09-14,1,0,F,L,2019,9
CA Fenix,CA Juventud,2019-09-14,2,2,F,E,2019,9
River Plate,Montevideo Wanderers,2019-09-14,3,1,F,L,2019,9
CA Penarol,Defensor Sporting,2019-09-15,1,0,F,L,2019,9
CA Progreso,Rampla Juniors Futbol Club,2019-09-15,2,2,F,E,2019,9
Danubio,Cerro Largo FC,2019-09-15,1,2,F,V,2019,9
Plaza Colonia,Boston River,2019-09-15,1,0,F,L,2019,9
Nacional,Liverpool,2019-09-16,4,1,F,L,2019,9
CA Juventud,CA Progreso,2019-09-18,1,2,F,V,2019,9
Racing Club,River Plate,2019-09-18,1,1,F,E,2019,9
Boston River,CA Cerro,2019-09-19,2,2,F,E,2019,9
Cerro Largo FC,Defensor Sporting,2019-09-19,1,4,F,V,2019,9
Danubio,Plaza Colonia,2019-09-19,0,1,F,V,2019,9
Liverpool,CA Fenix,2019-09-19,1,1,F,E,2019,9
Rampla Juniors Futbol Club,CA Penarol,2019-09-19,1,2,F,V,2019,9
Montevideo Wanderers,Nacional,2019-09-20,0,1,F,V,2019,9
CA Juventud,CA Penarol,2019-09-21,1,1,F,E,2019,9
CA Cerro,Danubio,2019-09-22,0,1,F,V,2019,9
CA Fenix,Montevideo Wanderers,2019-09-22,3,3,F,E,2019,9
CA Progreso,Liverpool,2019-09-22,2,1,F,L,2019,9
Defensor Sporting,Rampla Juniors Futbol Club,2019-09-22,1,0,F,L,2019,9
Plaza Colonia,Cerro Largo FC,2019-09-22,1,0,F,L,2019,9
River Plate,Boston River,2019-09-22,1,4,F,V,2019,9
Nacional,Racing Club,2019-09-23,3,0,F,L,2019,9
Boston River,Nacional,2019-10-05,0,2,F,V,2019,10
Cerro Largo FC,Rampla Juniors Futbol Club,2019-10-05,5,1,F,L,2019,10
Danubio,River Plate,2019-10-05,1,1,F,E,2019,10
Montevideo Wanderers,CA Progreso,2019-10-05,0,1,F,V,2019,10
Racing Club,CA Fenix,2019-10-05,4,1,F,L,2019,10
CA Juventud,Defensor Sporting,2019-10-06,1,3,F,V,2019,10
Liverpool,CA Penarol,2019-10-06,1,0,F,L,2019,10
Plaza Colonia,CA Cerro,2019-10-06,1,0,F,L,2019,10
CA Fenix,Boston River,2019-10-09,1,2,F,V,2019,10
CA Progreso,Racing Club,2019-10-09,2,1,F,L,2019,10
River Plate,Plaza Colonia,2019-10-09,0,0,F,E,2019,10
CA Cerro,Cerro Largo FC,2019-10-10,0,2,F,V,2019,10
Nacional,Danubio,2019-10-10,1,0,F,L,2019,10
Rampla Juniors Futbol Club,CA Juventud,2019-10-10,1,3,F,V,2019,10
CA Penarol,Montevideo Wanderers,2019-10-11,1,0,F,L,2019,10
Defensor Sporting,Liverpool,2019-10-11,0,0,F,E,2019,10
Boston River,CA Progreso,2019-10-16,1,1,F,E,2019,10
CA Cerro,River Plate,2019-10-16,3,2,F,L,2019,10
Cerro Largo FC,CA Juventud,2019-10-16,2,0,F,L,2019,10
Danubio,CA Fenix,2019-10-16,1,1,F,E,2019,10
Liverpool,Rampla Juniors Futbol Club,2019-10-17,1,0,F,L,2019,10
Plaza Colonia,Nacional,2019-10-17,0,2,F,V,2019,10
Racing Club,CA Penarol,2019-10-17,3,3,F,E,2019,10
Montevideo Wanderers,Defensor Sporting,2019-10-18,2,0,F,L,2019,10
CA Fenix,Plaza Colonia,2019-10-19,0,2,F,V,2019,10
CA Progreso,Danubio,2019-10-19,2,1,F,L,2019,10
CA Juventud,Liverpool,2019-10-20,0,0,F,E,2019,10
CA Penarol,Boston River,2019-10-20,1,0,F,L,2019,10
Defensor Sporting,Racing Club,2019-10-20,4,0,F,L,2019,10
Nacional,CA Cerro,2019-10-20,2,0,F,L,2019,10
Rampla Juniors Futbol Club,Montevideo Wanderers,2019-10-20,1,1,F,E,2019,10
River Plate,Cerro Largo FC,2019-10-20,3,2,F,L,2019,10
CA Cerro,CA Fenix,2019-10-24,1,0,F,L,2019,10
Plaza Colonia,CA Progreso,2019-10-24,0,1,F,V,2019,10
River Plate,Nacional,2019-10-24,3,1,F,L,2019,10
Boston River,Defensor Sporting,2019-10-25,1,4,F,V,2019,10
Danubio,CA Penarol,2019-10-25,0,2,F,V,2019,10
Racing Club,Rampla Juniors Futbol Club,2019-10-25,3,1,F,L,2019,10
Cerro Largo FC,Liverpool,2019-10-26,1,1,F,E,2019,10
Montevideo Wanderers,CA Juventud,2019-10-26,3,0,F,L,2019,10
CA Juventud,Racing Club,2019-11-02,0,0,F,E,2019,11
CA Penarol,Plaza Colonia,2019-11-02,2,1,F,L,2019,11
Defensor Sporting,Danubio,2019-11-02,1,2,F,V,2019,11
Rampla Juniors Futbol Club,Boston River,2019-11-02,0,1,F,V,2019,11
CA Fenix,River Plate,2019-11-03,1,0,F,L,2019,11
CA Progreso,CA Cerro,2019-11-03,1,1,F,E,2019,11
Liverpool,Montevideo Wanderers,2019-11-03,2,2,F,E,2019,11
Nacional,Cerro Largo FC,2019-11-03,0,1,F,V,2019,11
Boston River,CA Juventud,2019-11-06,2,1,F,L,2019,11
CA Cerro,CA Penarol,2019-11-06,1,3,F,V,2019,11
Danubio,Rampla Juniors Futbol Club,2019-11-06,1,1,F,E,2019,11
Plaza Colonia,Defensor Sporting,2019-11-06,4,1,F,L,2019,11
River Plate,CA Progreso,2019-11-06,1,2,F,V,2019,11
Cerro Largo FC,Montevideo Wanderers,2019-11-07,0,2,F,V,2019,11
Racing Club,Liverpool,2019-11-07,0,2,F,V,2019,11
Nacional,CA Fenix,2019-11-08,2,0,F,L,2019,11
CA Juventud,Danubio,2019-11-09,0,0,F,E,2019,11
CA Penarol,River Plate,2019-11-09,1,0,F,L,2019,11
Rampla Juniors Futbol Club,Plaza Colonia,2019-11-09,0,1,F,V,2019,11
CA Fenix,Cerro Largo FC,2019-11-10,1,1,F,E,2019,11
CA Progreso,Nacional,2019-11-10,0,1,F,V,2019,11
Defensor Sporting,CA Cerro,2019-11-10,1,1,F,E,2019,11
Liverpool,Boston River,2019-11-10,0,0,F,E,2019,11
Montevideo Wanderers,Racing Club,2019-11-10,0,2,F,V,2019,11
Boston River,Montevideo Wanderers,2019-11-16,1,3,F,V,2019,11
CA Cerro,Rampla Juniors Futbol Club,2019-11-16,0,1,F,V,2019,11
CA Fenix,CA Progreso,2019-11-16,1,2,F,V,2019,11
Cerro Largo FC,Racing Club,2019-11-16,2,1,F,L,2019,11
Danubio,Liverpool,2019-11-16,1,2,F,V,2019,11
Plaza Colonia,CA Juventud,2019-11-16,1,0,F,L,2019,11
River Plate,Defensor Sporting,2019-11-16,1,0,F,L,2019,11
Nacional,CA Penarol,2019-11-17,0,0,F,E,2019,11
CA Progreso,Cerro Largo FC,2019-11-21,0,1,F,V,2019,11
Montevideo Wanderers,Danubio,2019-11-21,2,1,F,L,2019,11
CA Juventud,CA Cerro,2019-11-22,4,2,F,L,2019,11
Defensor Sporting,Nacional,2019-11-22,2,1,F,L,2019,11
Liverpool,Plaza Colonia,2019-11-22,0,1,F,V,2019,11
Racing Club,Boston River,2019-11-22,0,1,F,V,2019,11
Rampla Juniors Futbol Club,River Plate,2019-11-22,2,2,F,E,2019,11
CA Penarol,CA Fenix,2019-11-23,2,1,F,L,2019,11
CA Cerro,Liverpool,2019-11-27,0,2,F,V,2019,11
CA Progreso,CA Penarol,2019-11-27,0,0,F,E,2019,11
Cerro Largo FC,Boston River,2019-11-27,1,0,F,L,2019,11
Danubio,Racing Club,2019-11-27,3,2,F,L,2019,11
Plaza Colonia,Montevideo Wanderers,2019-11-27,0,0,F,E,2019,11
River Plate,CA Juventud,2019-11-27,1,0,F,L,2019,11
CA Fenix,Defensor Sporting,2019-11-28,3,2,F,L,2019,11
Nacional,Rampla Juniors Futbol Club,2019-11-29,4,3,F,L,2019,11
Boston River,Danubio,2019-12-05,3,1,F,L,2019,12
Liverpool,River Plate,2019-12-05,0,1,F,V,2019,12
Montevideo Wanderers,CA Cerro,2019-12-05,0,2,F,V,2019,12
Racing Club,Plaza Colonia,2019-12-05,3,2,F,L,2019,12
Rampla Juniors Futbol Club,CA Fenix,2019-12-05,2,1,F,L,2019,12
CA Juventud,Nacional,2019-12-06,0,3,F,V,2019,12
CA Penarol,Cerro Largo FC,2019-12-06,2,1,F,L,2019,12
Defensor Sporting,CA Progreso,2019-12-06,2,4,F,V,2019,12
CA Penarol,Nacional,2019-12-12,0,2,F,V,2019,12
Nacional,CA Penarol,2019-12-15,1,0,F,L,2019,12
CA Penarol,CA Cerro,2020-02-15,2,1,F,L,2020,2
Deportivo Maldonado,Boston River,2020-02-15,1,2,F,V,2020,2
Torque FC,CA Progreso,2020-02-15,1,3,F,V,2020,2
Montevideo Wanderers,Defensor Sporting,2020-02-16,0,0,F,E,2020,2
Rentistas,Nacional,2020-02-16,2,0,F,L,2020,2
River Plate,CA Fenix,2020-02-16,2,2,F,E,2020,2
Cerro Largo FC,Danubio,2020-02-17,1,0,F,L,2020,2
Liverpool,Plaza Colonia,2020-02-19,1,0,F,L,2020,2
Boston River,Rentistas,2020-02-22,2,3,F,V,2020,2
CA Cerro,River Plate,2020-02-22,0,0,F,E,2020,2
CA Progreso,Plaza Colonia,2020-02-23,2,2,F,E,2020,2
Danubio,Montevideo Wanderers,2020-02-23,0,1,F,V,2020,2
Defensor Sporting,CA Penarol,2020-02-23,2,1,F,L,2020,2
Liverpool,Deportivo Maldonado,2020-02-23,1,1,F,E,2020,2
Nacional,Cerro Largo FC,2020-02-23,2,2,F,E,2020,2
CA Fenix,Torque FC,2020-02-26,1,3,F,V,2020,2
Plaza Colonia,CA Fenix,2020-03-07,1,1,F,E,2020,3
Rentistas,Deportivo Maldonado,2020-03-07,4,1,F,L,2020,3
Torque FC,CA Cerro,2020-03-07,1,1,F,E,2020,3
CA Penarol,Danubio,2020-03-08,1,1,F,E,2020,3
Liverpool,CA Progreso,2020-03-08,1,1,F,E,2020,3
River Plate,Defensor Sporting,2020-03-08,1,1,F,E,2020,3
Cerro Largo FC,Boston River,2020-03-09,0,0,F,E,2020,3
Montevideo Wanderers,Nacional,2020-03-09,2,2,F,E,2020,3
CA Cerro,Plaza Colonia,2020-08-08,1,0,F,L,2020,8
Danubio,River Plate,2020-08-08,1,3,F,V,2020,8
Defensor Sporting,Torque FC,2020-08-08,0,2,F,V,2020,8
Rentistas,Liverpool,2020-08-08,1,1,F,E,2020,8
Boston River,Montevideo Wanderers,2020-08-09,0,2,F,V,2020,8
CA Fenix,CA Progreso,2020-08-09,1,1,F,E,2020,8
Deportivo Maldonado,Cerro Largo FC,2020-08-09,1,1,F,E,2020,8
Nacional,CA Penarol,2020-08-09,1,1,F,E,2020,8
Plaza Colonia,Defensor Sporting,2020-08-14,2,0,F,L,2020,8
Torque FC,Danubio,2020-08-14,1,2,F,V,2020,8
Liverpool,CA Fenix,2020-08-15,2,2,F,E,2020,8
Montevideo Wanderers,Deportivo Maldonado,2020-08-15,2,2,F,E,2020,8
River Plate,Nacional,2020-08-15,2,3,F,V,2020,8
CA Penarol,Boston River,2020-08-16,2,0,F,L,2020,8
CA Progreso,CA Cerro,2020-08-16,2,0,F,L,2020,8
Cerro Largo FC,Rentistas,2020-08-16,1,1,F,E,2020,8
Boston River,River Plate,2020-08-19,1,1,F,E,2020,8
Danubio,Plaza Colonia,2020-08-19,0,1,F,V,2020,8
Defensor Sporting,CA Progreso,2020-08-19,2,1,F,L,2020,8
Deportivo Maldonado,CA Penarol,2020-08-19,2,0,F,L,2020,8
Rentistas,Montevideo Wanderers,2020-08-19,0,0,F,E,2020,8
CA Cerro,CA Fenix,2020-08-20,2,2,F,E,2020,8
Cerro Largo FC,Liverpool,2020-08-20,4,3,F,L,2020,8
Nacional,Torque FC,2020-08-20,2,0,F,L,2020,8
CA Penarol,Rentistas,2020-08-22,2,2,F,E,2020,8
CA Progreso,Danubio,2020-08-22,1,0,F,L,2020,8
River Plate,Deportivo Maldonado,2020-08-22,0,1,F,V,2020,8
CA Fenix,Defensor Sporting,2020-08-23,5,0,F,L,2020,8
Liverpool,CA Cerro,2020-08-23,1,0,F,L,2020,8
Montevideo Wanderers,Cerro Largo FC,2020-08-23,1,0,F,L,2020,8
Plaza Colonia,Nacional,2020-08-23,0,0,F,E,2020,8
Torque FC,Boston River,2020-08-23,2,0,F,L,2020,8
Boston River,Plaza Colonia,2020-08-26,0,0,F,E,2020,8
Danubio,CA Fenix,2020-08-26,2,0,F,L,2020,8
Deportivo Maldonado,Torque FC,2020-08-26,0,3,F,V,2020,8
Defensor Sporting,CA Cerro,2020-08-27,1,1,F,E,2020,8
Montevideo Wanderers,Liverpool,2020-08-27,2,0,F,L,2020,8
Nacional,CA Progreso,2020-08-27,2,1,F,L,2020,8
CA Penarol,Cerro Largo FC,2020-08-28,2,0,F,L,2020,8
CA Fenix,Nacional,2020-08-29,1,2,F,V,2020,8
Plaza Colonia,Deportivo Maldonado,2020-08-29,1,2,F,V,2020,8
Torque FC,Rentistas,2020-08-29,1,3,F,V,2020,8
CA Cerro,Danubio,2020-08-30,1,2,F,V,2020,8
CA Progreso,Boston River,2020-08-30,1,2,F,V,2020,8
Cerro Largo FC,River Plate,2020-08-30,2,1,F,L,2020,8
Liverpool,Defensor Sporting,2020-08-30,1,2,F,V,2020,8
CA Penarol,Montevideo Wanderers,2020-08-31,0,2,F,V,2020,8
Cerro Largo FC,Torque FC,2020-09-04,1,1,F,E,2020,9
CA Penarol,Liverpool,2020-09-05,3,2,F,L,2020,9
Montevideo Wanderers,River Plate,2020-09-05,0,2,F,V,2020,9
Rentistas,Plaza Colonia,2020-09-05,2,1,F,L,2020,9
Boston River,CA Fenix,2020-09-06,0,0,F,E,2020,9
Danubio,Defensor Sporting,2020-09-06,0,0,F,E,2020,9
Deportivo Maldonado,CA Progreso,2020-09-06,1,0,F,L,2020,9
Nacional,CA Cerro,2020-09-07,5,1,F,L,2020,9
CA Progreso,Rentistas,2020-09-09,2,2,F,E,2020,9
Plaza Colonia,Cerro Largo FC,2020-09-09,1,3,F,V,2020,9
River Plate,CA Penarol,2020-09-09,0,0,F,E,2020,9
Torque FC,Montevideo Wanderers,2020-09-09,2,1,F,L,2020,9
CA Cerro,Boston River,2020-09-10,2,1,F,L,2020,9
CA Fenix,Deportivo Maldonado,2020-09-10,1,0,F,L,2020,9
Liverpool,Danubio,2020-09-10,2,1,F,L,2020,9
Defensor Sporting,Nacional,2020-09-11,1,1,F,E,2020,9
CA Progreso,Cerro Largo FC,2020-09-12,1,2,F,V,2020,9
Montevideo Wanderers,Plaza Colonia,2020-09-12,1,2,F,V,2020,9
Boston River,Defensor Sporting,2020-09-13,1,1,F,E,2020,9
CA Penarol,Torque FC,2020-09-13,0,0,F,E,2020,9
Deportivo Maldonado,CA Cerro,2020-09-13,1,0,F,L,2020,9
Rentistas,CA Fenix,2020-09-13,1,1,F,E,2020,9
River Plate,Liverpool,2020-09-13,1,2,F,V,2020,9
Nacional,Danubio,2020-09-14,2,0,F,L,2020,9
Rentistas,River Plate,2020-09-16,2,1,F,L,2020,9
Cerro Largo FC,CA Fenix,2020-09-19,0,0,F,E,2020,9
Plaza Colonia,CA Penarol,2020-09-19,1,3,F,V,2020,9
CA Cerro,Rentistas,2020-09-20,1,0,F,L,2020,9
CA Progreso,Montevideo Wanderers,2020-09-20,3,0,F,L,2020,9
Danubio,Boston River,2020-09-20,2,2,F,E,2020,9
Defensor Sporting,Deportivo Maldonado,2020-09-20,4,2,F,L,2020,9
Torque FC,River Plate,2020-09-21,1,0,F,L,2020,9
Liverpool,Nacional,2020-10-03,1,3,F,V,2020,10
CA Penarol,CA Progreso,2020-10-06,2,1,F,L,2020,10
Deportivo Maldonado,Danubio,2020-10-06,0,0,F,E,2020,10
River Plate,Plaza Colonia,2020-10-06,1,1,F,E,2020,10
Boston River,Nacional,2020-10-07,1,1,F,E,2020,10
Cerro Largo FC,CA Cerro,2020-10-07,2,1,F,L,2020,10
Montevideo Wanderers,CA Fenix,2020-10-07,1,2,F,V,2020,10
Rentistas,Defensor Sporting,2020-10-07,2,0,F,L,2020,10
Torque FC,Liverpool,2020-10-08,2,1,F,L,2020,10
CA Fenix,CA Penarol,2020-10-10,0,0,F,E,2020,10
CA Progreso,River Plate,2020-10-10,1,2,F,V,2020,10
CA Cerro,Montevideo Wanderers,2020-10-11,1,1,F,E,2020,10
Danubio,Rentistas,2020-10-11,1,1,F,E,2020,10
Defensor Sporting,Cerro Largo FC,2020-10-11,2,0,F,L,2020,10
Liverpool,Boston River,2020-10-11,3,2,F,L,2020,10
Nacional,Deportivo Maldonado,2020-10-11,1,1,F,E,2020,10
Plaza Colonia,Torque FC,2020-10-11,1,1,F,E,2020,10
Nacional,Rentistas,2020-10-15,0,1,E,V,2020,10
CA Penarol,River Plate,2020-10-17,1,2,F,V,2020,10
Plaza Colonia,Cerro Largo FC,2020-10-17,0,3,F,V,2020,10
Boston River,Deportivo Maldonado,2020-10-18,5,1,F,L,2020,10
Danubio,Defensor Sporting,2020-10-18,0,0,F,E,2020,10
Nacional,CA Fenix,2020-10-18,1,0,F,L,2020,10
Rentistas,Liverpool,2020-10-18,1,2,F,V,2020,10
Torque FC,CA Progreso,2020-10-18,1,2,F,V,2020,10
CA Cerro,Montevideo Wanderers,2020-10-19,1,0,F,L,2020,10
Cerro Largo FC,Torque FC,2020-10-23,2,1,F,L,2020,10
Liverpool,CA Cerro,2020-10-23,3,2,F,L,2020,10
River Plate,Danubio,2020-10-23,4,0,F,L,2020,10
CA Fenix,Boston River,2020-10-24,2,0,F,L,2020,10
CA Progreso,Plaza Colonia,2020-10-24,0,0,F,E,2020,10
Montevideo Wanderers,Rentistas,2020-10-25,2,2,F,E,2020,10
Deportivo Maldonado,Nacional,2020-10-31,1,2,F,V,2020,10
Defensor Sporting,CA Penarol,2020-11-01,2,1,F,L,2020,11
CA Cerro,CA Progreso,2020-11-06,2,2,F,E,2020,11
Rentistas,Cerro Largo FC,2020-11-06,0,0,F,E,2020,11
Nacional,Defensor Sporting,2020-11-07,3,0,F,L,2020,11
CA Penarol,Deportivo Maldonado,2020-11-08,4,1,F,L,2020,11
Danubio,CA Fenix,2020-11-08,1,0,F,L,2020,11
Torque FC,Montevideo Wanderers,2020-11-08,1,2,F,V,2020,11
Boston River,River Plate,2020-11-09,0,3,F,V,2020,11
Plaza Colonia,Liverpool,2020-11-09,2,2,F,E,2020,11
CA Progreso,Rentistas,2020-11-10,0,0,F,E,2020,11
Montevideo Wanderers,Cerro Largo FC,2020-11-10,1,0,F,L,2020,11
CA Fenix,CA Penarol,2020-11-11,1,0,F,L,2020,11
Danubio,Boston River,2020-11-11,0,0,F,E,2020,11
Deportivo Maldonado,Defensor Sporting,2020-11-11,3,1,F,L,2020,11
Liverpool,Torque FC,2020-11-12,2,2,F,E,2020,11
Plaza Colonia,CA Cerro,2020-11-12,3,0,F,L,2020,11
River Plate,Nacional,2020-11-12,0,2,F,V,2020,11
Deportivo Maldonado,River Plate,2020-11-21,2,1,F,L,2020,11
Nacional,Danubio,2020-11-21,0,2,F,V,2020,11
CA Penarol,Boston River,2020-11-22,2,0,F,L,2020,11
Defensor Sporting,CA Fenix,2020-11-22,0,1,F,V,2020,11
Cerro Largo FC,Liverpool,2020-11-23,1,1,F,E,2020,11
Torque FC,CA Cerro,2020-11-23,3,0,F,L,2020,11
Montevideo Wanderers,CA Progreso,2020-11-24,3,0,F,L,2020,11
Rentistas,Plaza Colonia,2020-11-26,1,0,F,L,2020,11
CA Fenix,Deportivo Maldonado,2020-11-28,1,1,F,E,2020,11
CA Progreso,Cerro Largo FC,2020-11-29,2,2,F,E,2020,11
River Plate,Defensor Sporting,2020-11-29,1,1,F,E,2020,11
Boston River,Nacional,2020-11-30,0,1,F,V,2020,11
CA Cerro,Rentistas,2020-11-30,0,2,F,V,2020,11
Liverpool,Montevideo Wanderers,2020-11-30,2,3,F,V,2020,11
Plaza Colonia,Torque FC,2020-11-30,1,3,F,V,2020,11
CA Progreso,Liverpool,2020-12-05,1,2,F,V,2020,12
Cerro Largo FC,CA Cerro,2020-12-05,0,0,F,E,2020,12
Montevideo Wanderers,Plaza Colonia,2020-12-06,2,2,F,E,2020,12
River Plate,CA Fenix,2020-12-11,3,2,F,L,2020,12
CA Penarol,Nacional,2020-12-13,3,2,F,L,2020,12
Deportivo Maldonado,Danubio,2020-12-14,1,1,F,E,2020,12
Danubio,CA Penarol,2020-12-19,1,4,F,V,2020,12
Defensor Sporting,Boston River,2021-01-13,1,1,F,E,2021,1
Torque FC,Rentistas,2021-01-14,2,1,F,L,2021,1
Nacional,Montevideo Wanderers,2021-01-15,0,0,P,E,2021,1
CA Cerro,CA Penarol,2021-01-16,1,1,F,E,2021,1
Danubio,Cerro Largo FC,2021-01-16,0,3,F,V,2021,1
CA Fenix,River Plate,2021-01-17,1,1,F,E,2021,1
CA Progreso,Torque FC,2021-01-17,0,0,F,E,2021,1
Nacional,Rentistas,2021-01-17,1,1,F,E,2021,1
Boston River,Deportivo Maldonado,2021-01-18,5,0,F,L,2021,1
Defensor Sporting,Montevideo Wanderers,2021-01-18,1,1,F,E,2021,1
Plaza Colonia,Liverpool,2021-01-18,0,0,F,E,2021,1
Cerro Largo FC,Nacional,2021-01-20,0,0,F,E,2021,1
River Plate,CA Cerro,2021-01-20,1,2,F,V,2021,1
Torque FC,CA Fenix,2021-01-20,3,0,F,L,2021,1
Deportivo Maldonado,Liverpool,2021-01-21,2,4,F,V,2021,1
Montevideo Wanderers,Danubio,2021-01-21,2,0,F,L,2021,1
Plaza Colonia,CA Progreso,2021-01-21,0,1,F,V,2021,1
Rentistas,Boston River,2021-01-22,0,1,F,V,2021,1
CA Penarol,Defensor Sporting,2021-01-28,1,2,F,V,2021,1
Boston River,Cerro Largo FC,2021-01-29,2,1,F,L,2021,1
CA Fenix,Plaza Colonia,2021-01-29,3,3,F,E,2021,1
CA Progreso,Liverpool,2021-01-30,0,4,F,V,2021,1
Deportivo Maldonado,Rentistas,2021-01-30,3,1,F,L,2021,1
CA Cerro,Torque FC,2021-01-31,1,3,F,V,2021,1
Danubio,CA Penarol,2021-01-31,0,1,F,V,2021,1
Nacional,Montevideo Wanderers,2021-01-31,2,1,F,L,2021,1
Defensor Sporting,River Plate,2021-02-01,0,2,F,V,2021,2
CA Progreso,CA Fenix,2021-02-02,0,1,F,V,2021,2
Cerro Largo FC,Deportivo Maldonado,2021-02-02,1,2,F,V,2021,2
CA Penarol,Nacional,2021-02-03,0,0,F,E,2021,2
Liverpool,Rentistas,2021-02-03,2,2,F,E,2021,2
Montevideo Wanderers,Boston River,2021-02-04,2,2,F,E,2021,2
Plaza Colonia,CA Cerro,2021-02-04,2,1,F,L,2021,2
River Plate,Danubio,2021-02-04,0,4,F,V,2021,2
Torque FC,Defensor Sporting,2021-02-04,0,0,F,E,2021,2
CA Fenix,Liverpool,2021-02-06,0,2,F,V,2021,2
Deportivo Maldonado,Montevideo Wanderers,2021-02-06,1,1,F,E,2021,2
Rentistas,Cerro Largo FC,2021-02-06,2,1,F,L,2021,2
Boston River,CA Penarol,2021-02-07,1,2,F,V,2021,2
CA Cerro,CA Progreso,2021-02-07,2,0,F,L,2021,2
Danubio,Torque FC,2021-02-07,0,4,F,V,2021,2
Defensor Sporting,Plaza Colonia,2021-02-07,3,2,F,L,2021,2
Nacional,River Plate,2021-02-08,3,0,F,L,2021,2
Liverpool,Cerro Largo FC,2021-02-10,3,2,F,L,2021,2
Montevideo Wanderers,Rentistas,2021-02-10,3,2,F,L,2021,2
Plaza Colonia,Danubio,2021-02-10,3,0,F,L,2021,2
CA Fenix,CA Cerro,2021-02-11,3,3,F,E,2021,2
CA Progreso,Defensor Sporting,2021-02-11,3,3,F,E,2021,2
River Plate,Boston River,2021-02-11,3,1,F,L,2021,2
Torque FC,Nacional,2021-02-11,1,2,F,V,2021,2
CA Penarol,Deportivo Maldonado,2021-02-12,1,1,F,E,2021,2
Cerro Largo FC,Montevideo Wanderers,2021-02-13,1,3,F,V,2021,2
CA Cerro,Liverpool,2021-02-14,1,1,F,E,2021,2
Deportivo Maldonado,River Plate,2021-02-14,1,2,F,V,2021,2
Nacional,Plaza Colonia,2021-02-14,1,1,F,E,2021,2
Rentistas,CA Penarol,2021-02-14,0,1,F,V,2021,2
Boston River,Torque FC,2021-02-15,0,3,F,V,2021,2
Danubio,CA Progreso,2021-02-15,0,1,F,V,2021,2
Defensor Sporting,CA Fenix,2021-02-15,2,2,F,E,2021,2
Cerro Largo FC,CA Penarol,2021-02-17,1,1,F,E,2021,2
Liverpool,Montevideo Wanderers,2021-02-17,2,1,F,L,2021,2
River Plate,Rentistas,2021-02-17,1,1,F,E,2021,2
CA Cerro,Defensor Sporting,2021-02-18,0,0,F,E,2021,2
CA Fenix,Danubio,2021-02-18,1,1,F,E,2021,2
CA Progreso,Nacional,2021-02-18,0,1,F,V,2021,2
Torque FC,Deportivo Maldonado,2021-02-18,1,1,F,E,2021,2
Plaza Colonia,Boston River,2021-02-19,3,0,F,L,2021,2
Defensor Sporting,Liverpool,2021-02-20,0,3,F,V,2021,2
River Plate,Cerro Largo FC,2021-02-20,2,0,F,L,2021,2
Montevideo Wanderers,CA Penarol,2021-02-21,0,1,F,V,2021,2
Rentistas,Torque FC,2021-02-21,1,2,F,V,2021,2
Danubio,CA Cerro,2021-02-22,2,1,F,L,2021,2
Deportivo Maldonado,Plaza Colonia,2021-02-22,1,1,F,E,2021,2
Nacional,CA Fenix,2021-02-22,2,2,F,E,2021,2
Boston River,CA Progreso,2021-02-23,2,3,F,V,2021,2
Liverpool,CA Penarol,2021-02-26,1,1,F,E,2021,2
CA Cerro,Nacional,2021-02-27,0,1,F,V,2021,2
River Plate,Montevideo Wanderers,2021-02-27,1,1,F,E,2021,2
CA Fenix,Boston River,2021-02-28,2,1,F,L,2021,2
Defensor Sporting,Danubio,2021-02-28,1,1,F,E,2021,2
Plaza Colonia,Rentistas,2021-03-01,5,0,F,L,2021,3
Torque FC,Cerro Largo FC,2021-03-01,0,0,F,E,2021,3
CA Progreso,Deportivo Maldonado,2021-03-02,1,1,F,E,2021,3
Boston River,CA Cerro,2021-03-06,2,0,F,L,2021,3
Montevideo Wanderers,Torque FC,2021-03-06,2,8,F,V,2021,3
CA Penarol,River Plate,2021-03-07,2,0,F,L,2021,3
Cerro Largo FC,Plaza Colonia,2021-03-07,3,1,F,L,2021,3
Danubio,Liverpool,2021-03-07,0,1,F,V,2021,3
Deportivo Maldonado,CA Fenix,2021-03-08,0,2,F,V,2021,3
Nacional,Defensor Sporting,2021-03-08,2,1,F,L,2021,3
Rentistas,CA Progreso,2021-03-08,1,3,F,V,2021,3
Defensor Sporting,Boston River,2021-03-12,1,2,F,V,2021,3
Plaza Colonia,Montevideo Wanderers,2021-03-12,3,0,F,L,2021,3
CA Cerro,Deportivo Maldonado,2021-03-13,2,3,F,V,2021,3
Danubio,Nacional,2021-03-13,2,1,F,L,2021,3
Cerro Largo FC,CA Progreso,2021-03-14,1,0,F,L,2021,3
Liverpool,River Plate,2021-03-14,3,2,F,L,2021,3
CA Fenix,Rentistas,2021-03-15,3,0,F,L,2021,3
Torque FC,CA Penarol,2021-03-15,1,2,F,V,2021,3
Deportivo Maldonado,Defensor Sporting,2021-03-18,2,1,F,L,2021,3
Boston River,Danubio,2021-03-19,1,5,F,V,2021,3
Rentistas,CA Cerro,2021-03-19,0,1,F,V,2021,3
CA Penarol,Plaza Colonia,2021-03-20,1,3,F,V,2021,3
River Plate,Torque FC,2021-03-20,1,1,F,E,2021,3
CA Fenix,Cerro Largo FC,2021-03-21,1,0,F,L,2021,3
Montevideo Wanderers,CA Progreso,2021-03-21,1,3,F,V,2021,3
Nacional,Liverpool,2021-03-22,0,4,F,V,2021,3
Danubio,Deportivo Maldonado,2021-03-23,2,2,F,E,2021,3
CA Cerro,Cerro Largo FC,2021-03-24,0,1,F,V,2021,3
Liverpool,Torque FC,2021-03-24,4,1,F,L,2021,3
CA Fenix,Montevideo Wanderers,2021-03-25,3,3,F,E,2021,3
CA Progreso,CA Penarol,2021-03-25,0,2,F,V,2021,3
Defensor Sporting,Rentistas,2021-03-25,0,0,F,E,2021,3
Nacional,Boston River,2021-03-25,1,2,F,V,2021,3
Plaza Colonia,River Plate,2021-03-26,1,0,F,L,2021,3
Boston River,Liverpool,2021-03-29,1,0,F,L,2021,3
Cerro Largo FC,Defensor Sporting,2021-03-29,0,0,F,E,2021,3
Deportivo Maldonado,Nacional,2021-03-29,1,2,F,V,2021,3
Montevideo Wanderers,CA Cerro,2021-03-29,1,1,F,E,2021,3
Rentistas,Danubio,2021-03-29,1,0,F,L,2021,3
River Plate,CA Progreso,2021-03-29,3,2,F,L,2021,3
Torque FC,Plaza Colonia,2021-03-29,2,0,F,L,2021,3
CA Penarol,CA Fenix,2021-03-30,3,1,F,L,2021,3
Rentistas,Liverpool,2021-04-01,1,1,P,E,2021,4
Nacional,Rentistas,2021-04-05,3,0,F,L,2021,4
Rentistas,Nacional,2021-04-07,0,1,F,V,2021,4
CSyd Villa Espanola,CA Progreso,2021-05-15,0,0,F,E,2021,5
Montevideo Wanderers,Boston River,2021-05-15,1,0,F,L,2021,5
Deportivo Maldonado,Liverpool,2021-05-16,2,4,F,V,2021,5
Rentistas,CA Fenix,2021-05-16,0,3,F,V,2021,5
Torque FC,Institucion Atletica Sud America,2021-05-16,0,1,F,V,2021,5
Club Sportivo Cerrito,River Plate,2021-05-17,3,1,F,L,2021,5
Boston River,Rentistas,2021-05-22,1,2,F,V,2021,5
CA Fenix,CA Penarol,2021-05-22,0,0,F,E,2021,5
Cerro Largo FC,Club Sportivo Cerrito,2021-05-22,3,1,F,L,2021,5
CA Progreso,Nacional,2021-05-23,1,3,F,V,2021,5
Montevideo Wanderers,Deportivo Maldonado,2021-05-23,0,0,F,E,2021,5
Plaza Colonia,Torque FC,2021-05-23,1,0,F,L,2021,5
Institucion Atletica Sud America,CSyd Villa Espanola,2021-05-24,2,1,F,L,2021,5
River Plate,Liverpool,2021-05-24,3,2,F,L,2021,5
CSyd Villa Espanola,Plaza Colonia,2021-05-29,1,3,F,V,2021,5
Club Sportivo Cerrito,CA Progreso,2021-05-29,0,0,F,E,2021,5
Liverpool,Cerro Largo FC,2021-05-29,3,0,F,L,2021,5
CA Penarol,Boston River,2021-05-30,5,2,F,L,2021,5
Deportivo Maldonado,River Plate,2021-05-30,0,0,F,E,2021,5
Nacional,Institucion Atletica Sud America,2021-05-31,1,0,F,L,2021,5
Rentistas,Montevideo Wanderers,2021-05-31,0,1,F,V,2021,5
Torque FC,CA Fenix,2021-05-31,2,0,F,L,2021,5
CA Penarol,Plaza Colonia,2021-06-02,0,0,F,E,2021,6
Nacional,Cerro Largo FC,2021-06-03,1,2,F,V,2021,6
CA Progreso,Liverpool,2021-06-04,1,3,F,V,2021,6
Institucion Atletica Sud America,Club Sportivo Cerrito,2021-06-05,0,0,F,E,2021,6
Plaza Colonia,Nacional,2021-06-05,1,2,F,V,2021,6
Boston River,Torque FC,2021-06-06,1,2,F,V,2021,6
Cerro Largo FC,River Plate,2021-06-06,2,4,F,V,2021,6
Rentistas,Deportivo Maldonado,2021-06-06,0,2,F,V,2021,6
CA Fenix,CSyd Villa Espanola,2021-06-07,1,0,F,L,2021,6
Montevideo Wanderers,CA Penarol,2021-06-07,0,0,F,E,2021,6
Liverpool,Institucion Atletica Sud America,2021-06-11,5,0,F,L,2021,6
Torque FC,Montevideo Wanderers,2021-06-11,2,1,F,L,2021,6
Club Sportivo Cerrito,Plaza Colonia,2021-06-12,1,2,F,V,2021,6
River Plate,CA Progreso,2021-06-12,4,0,F,L,2021,6
CA Penarol,Rentistas,2021-06-13,1,1,F,E,2021,6
Deportivo Maldonado,Cerro Largo FC,2021-06-13,2,1,F,L,2021,6
Nacional,CA Fenix,2021-06-13,3,1,F,L,2021,6
CSyd Villa Espanola,Boston River,2021-06-14,2,2,F,E,2021,6
Plaza Colonia,Liverpool,2021-06-17,2,1,F,L,2021,6
CA Fenix,Club Sportivo Cerrito,2021-06-18,1,3,F,V,2021,6
Rentistas,Torque FC,2021-06-18,0,2,F,V,2021,6
Boston River,Nacional,2021-06-19,1,1,F,E,2021,6
CA Progreso,Cerro Largo FC,2021-06-19,0,0,F,E,2021,6
Institucion Atletica Sud America,River Plate,2021-06-19,1,2,F,V,2021,6
Montevideo Wanderers,CSyd Villa Espanola,2021-06-19,3,0,F,L,2021,6
CA Penarol,Deportivo Maldonado,2021-06-20,4,0,F,L,2021,6
Cerro Largo FC,Institucion Atletica Sud America,2021-06-22,2,1,F,L,2021,6
Liverpool,CA Fenix,2021-06-22,5,2,F,L,2021,6
River Plate,Plaza Colonia,2021-06-22,0,1,F,V,2021,6
CSyd Villa Espanola,Rentistas,2021-06-23,0,1,F,V,2021,6
Club Sportivo Cerrito,Boston River,2021-06-23,1,0,F,L,2021,6
Torque FC,CA Penarol,2021-06-23,0,1,F,V,2021,6
Deportivo Maldonado,CA Progreso,2021-06-24,1,1,F,E,2021,6
Nacional,Montevideo Wanderers,2021-06-24,3,0,F,L,2021,6
CA Fenix,River Plate,2021-06-26,3,4,F,V,2021,6
CA Penarol,CSyd Villa Espanola,2021-06-26,1,1,F,E,2021,6
Boston River,Liverpool,2021-06-27,1,1,F,E,2021,6
Rentistas,Nacional,2021-06-27,1,1,F,E,2021,6
Plaza Colonia,Cerro Largo FC,2021-06-28,1,1,F,E,2021,6
Torque FC,Deportivo Maldonado,2021-06-28,2,3,F,V,2021,6
Institucion Atletica Sud America,CA Progreso,2021-06-29,2,4,F,V,2021,6
Montevideo Wanderers,Club Sportivo Cerrito,2021-06-29,1,0,F,L,2021,6
CSyd Villa Espanola,Torque FC,2021-07-03,2,3,F,V,2021,7
Cerro Largo FC,CA Fenix,2021-07-03,1,2,F,V,2021,7
River Plate,Boston River,2021-07-03,1,1,F,E,2021,7
Deportivo Maldonado,Institucion Atletica Sud America,2021-07-04,1,3,F,V,2021,7
Nacional,CA Penarol,2021-07-04,2,0,F,L,2021,7
CA Progreso,Plaza Colonia,2021-07-05,1,2,F,V,2021,7
Club Sportivo Cerrito,Rentistas,2021-07-05,0,1,F,V,2021,7
Liverpool,Montevideo Wanderers,2021-07-06,2,1,F,L,2021,7
CSyd Villa Espanola,Deportivo Maldonado,2021-07-10,2,0,F,L,2021,7
Montevideo Wanderers,River Plate,2021-07-10,1,2,F,V,2021,7
Plaza Colonia,Institucion Atletica Sud America,2021-07-10,1,0,F,L,2021,7
Boston River,Cerro Largo FC,2021-07-11,1,0,F,L,2021,7
CA Fenix,CA Progreso,2021-07-11,2,1,F,L,2021,7
Torque FC,Nacional,2021-07-11,3,0,F,L,2021,7
CA Penarol,Club Sportivo Cerrito,2021-07-12,2,0,F,L,2021,7
Rentistas,Liverpool,2021-07-12,2,1,F,L,2021,7
CA Progreso,Boston River,2021-07-16,1,0,F,L,2021,7
Cerro Largo FC,Montevideo Wanderers,2021-07-17,2,0,F,L,2021,7
Deportivo Maldonado,Plaza Colonia,2021-07-17,0,1,F,V,2021,7
River Plate,Rentistas,2021-07-17,0,0,F,E,2021,7
Institucion Atletica Sud America,CA Fenix,2021-07-24,1,1,F,E,2021,7
Liverpool,CA Penarol,2021-07-25,3,3,F,E,2021,7
Nacional,CSyd Villa Espanola,2021-07-25,3,0,F,L,2021,7
Torque FC,Club Sportivo Cerrito,2021-07-25,0,2,F,V,2021,7
Rentistas,Cerro Largo FC,2021-07-30,1,3,F,V,2021,7
Boston River,Institucion Atletica Sud America,2021-07-31,2,0,F,L,2021,7
Montevideo Wanderers,CA Progreso,2021-07-31,2,0,F,L,2021,7
CA Fenix,Plaza Colonia,2021-08-01,0,1,F,V,2021,8
CA Penarol,River Plate,2021-08-01,2,0,F,L,2021,8
Torque FC,Liverpool,2021-08-01,0,3,F,V,2021,8
CSyd Villa Espanola,Club Sportivo Cerrito,2021-08-02,1,1,F,E,2021,8
Nacional,Deportivo Maldonado,2021-08-02,2,0,F,L,2021,8
CA Progreso,Rentistas,2021-08-06,2,2,F,E,2021,8
Cerro Largo FC,CA Penarol,2021-08-06,0,1,F,V,2021,8
River Plate,Torque FC,2021-08-07,3,3,F,E,2021,8
Club Sportivo Cerrito,Nacional,2021-08-08,2,0,F,L,2021,8
Liverpool,CSyd Villa Espanola,2021-08-08,2,2,F,E,2021,8
Institucion Atletica Sud America,Montevideo Wanderers,2021-08-09,1,0,F,L,2021,8
Plaza Colonia,Boston River,2021-08-09,0,0,F,E,2021,8
Deportivo Maldonado,CA Fenix,2021-08-10,0,0,F,E,2021,8
Rentistas,Institucion Atletica Sud America,2021-08-14,1,2,F,V,2021,8
CA Penarol,CA Progreso,2021-08-15,1,0,F,L,2021,8
CSyd Villa Espanola,River Plate,2021-08-15,1,1,F,E,2021,8
Nacional,Liverpool,2021-08-15,1,0,F,L,2021,8
Torque FC,Cerro Largo FC,2021-08-15,3,0,F,L,2021,8
Boston River,CA Fenix,2021-08-16,0,2,F,V,2021,8
Club Sportivo Cerrito,Deportivo Maldonado,2021-08-16,0,0,F,E,2021,8
Montevideo Wanderers,Plaza Colonia,2021-08-16,0,2,F,V,2021,8
CA Fenix,Montevideo Wanderers,2021-08-20,2,1,F,L,2021,8
CA Progreso,Torque FC,2021-08-20,1,4,F,V,2021,8
Deportivo Maldonado,Boston River,2021-08-21,0,2,F,V,2021,8
Liverpool,Club Sportivo Cerrito,2021-08-21,3,0,F,L,2021,8
River Plate,Nacional,2021-08-21,2,0,F,L,2021,8
Cerro Largo FC,CSyd Villa Espanola,2021-08-22,3,1,F,L,2021,8
Institucion Atletica Sud America,CA Penarol,2021-08-22,1,1,F,E,2021,8
Plaza Colonia,Rentistas,2021-08-22,2,0,F,L,2021,8
Cerro Largo FC,Nacional,2021-09-11,1,1,F,E,2021,9
Institucion Atletica Sud America,Torque FC,2021-09-11,1,2,F,V,2021,9
River Plate,Club Sportivo Cerrito,2021-09-11,1,0,F,L,2021,9
Boston River,Montevideo Wanderers,2021-09-12,1,3,F,V,2021,9
CA Fenix,Rentistas,2021-09-12,3,1,F,L,2021,9
Plaza Colonia,CA Penarol,2021-09-12,1,2,F,V,2021,9
CA Progreso,CSyd Villa Espanola,2021-09-13,1,1,F,E,2021,9
Liverpool,Deportivo Maldonado,2021-09-13,1,0,F,L,2021,9
Rentistas,Boston River,2021-09-17,1,2,F,V,2021,9
CA Penarol,CA Fenix,2021-09-18,0,0,F,E,2021,9
CSyd Villa Espanola,Institucion Atletica Sud America,2021-09-18,1,2,F,V,2021,9
Club Sportivo Cerrito,Cerro Largo FC,2021-09-18,1,1,F,E,2021,9
Liverpool,River Plate,2021-09-19,3,1,F,L,2021,9
Nacional,CA Progreso,2021-09-19,0,1,F,V,2021,9
Torque FC,Plaza Colonia,2021-09-19,2,2,F,E,2021,9
Deportivo Maldonado,Montevideo Wanderers,2021-09-20,1,3,F,V,2021,9
Cerro Largo FC,Liverpool,2021-09-25,3,0,F,L,2021,9
Institucion Atletica Sud America,Nacional,2021-09-25,0,2,F,V,2021,9
Plaza Colonia,CSyd Villa Espanola,2021-09-25,4,0,F,L,2021,9
River Plate,Deportivo Maldonado,2021-09-25,1,2,F,V,2021,9
Boston River,CA Penarol,2021-09-26,2,5,F,V,2021,9
CA Fenix,Torque FC,2021-09-26,1,1,F,E,2021,9
CA Progreso,Club Sportivo Cerrito,2021-09-26,0,1,F,V,2021,9
Montevideo Wanderers,Rentistas,2021-09-26,2,1,F,L,2021,9
Deportivo Maldonado,Rentistas,2021-10-01,2,1,F,L,2021,10
CSyd Villa Espanola,CA Fenix,2021-10-02,1,2,F,V,2021,10
Club Sportivo Cerrito,Institucion Atletica Sud America,2021-10-02,2,0,F,L,2021,10
River Plate,Cerro Largo FC,2021-10-02,0,4,F,V,2021,10
Liverpool,CA Progreso,2021-10-03,0,1,F,V,2021,10
Nacional,Plaza Colonia,2021-10-03,2,1,F,L,2021,10
Torque FC,Boston River,2021-10-03,4,3,F,L,2021,10
CA Penarol,Montevideo Wanderers,2021-10-04,3,0,F,L,2021,10
CA Progreso,River Plate,2021-10-09,1,0,F,L,2021,10
Cerro Largo FC,Deportivo Maldonado,2021-10-09,1,1,F,E,2021,10
Montevideo Wanderers,Torque FC,2021-10-09,0,1,F,V,2021,10
Rentistas,CA Penarol,2021-10-09,0,1,F,V,2021,10
Boston River,CSyd Villa Espanola,2021-10-10,1,0,F,L,2021,10
CA Fenix,Nacional,2021-10-10,1,2,F,V,2021,10
Institucion Atletica Sud America,Liverpool,2021-10-10,0,1,F,V,2021,10
Plaza Colonia,Club Sportivo Cerrito,2021-10-11,3,3,F,E,2021,10
Liverpool,Plaza Colonia,2021-10-16,0,1,F,V,2021,10
Nacional,Boston River,2021-10-16,3,2,F,L,2021,10
River Plate,Institucion Atletica Sud America,2021-10-16,5,1,F,L,2021,10
Torque FC,Rentistas,2021-10-16,1,2,F,V,2021,10
CSyd Villa Espanola,Montevideo Wanderers,2021-10-17,2,2,F,E,2021,10
Cerro Largo FC,CA Progreso,2021-10-17,1,0,F,L,2021,10
Club Sportivo Cerrito,CA Fenix,2021-10-17,2,4,F,V,2021,10
Deportivo Maldonado,CA Penarol,2021-10-17,1,0,F,L,2021,10
CA Fenix,Liverpool,2021-10-20,1,1,F,E,2021,10
Plaza Colonia,River Plate,2021-10-20,0,0,F,E,2021,10
Rentistas,CSyd Villa Espanola,2021-10-20,3,1,F,L,2021,10
Boston River,Club Sportivo Cerrito,2021-10-21,3,2,F,L,2021,10
CA Penarol,Torque FC,2021-10-21,3,1,F,L,2021,10
CA Progreso,Deportivo Maldonado,2021-10-21,2,0,F,L,2021,10
Institucion Atletica Sud America,Cerro Largo FC,2021-10-21,0,0,F,E,2021,10
Montevideo Wanderers,Nacional,2021-10-22,1,0,F,L,2021,10
CSyd Villa Espanola,CA Penarol,2021-10-24,1,3,F,V,2021,10
Club Sportivo Cerrito,Montevideo Wanderers,2021-10-24,2,2,F,E,2021,10
Deportivo Maldonado,Torque FC,2021-10-24,2,1,F,L,2021,10
Liverpool,Boston River,2021-10-24,2,2,F,E,2021,10
CA Progreso,Institucion Atletica Sud America,2021-10-25,0,0,F,E,2021,10
Cerro Largo FC,Plaza Colonia,2021-10-25,1,0,F,L,2021,10
Nacional,Rentistas,2021-10-25,2,2,F,E,2021,10
River Plate,CA Fenix,2021-10-25,0,0,F,E,2021,10
Rentistas,Club Sportivo Cerrito,2021-10-29,1,2,F,V,2021,10
Boston River,River Plate,2021-10-30,1,2,F,V,2021,10
Institucion Atletica Sud America,Deportivo Maldonado,2021-10-30,1,1,F,E,2021,10
Montevideo Wanderers,Liverpool,2021-10-30,1,0,F,L,2021,10
Plaza Colonia,CA Progreso,2021-10-30,2,1,F,L,2021,10
CA Fenix,Cerro Largo FC,2021-10-31,1,4,F,V,2021,10
CA Penarol,Nacional,2021-10-31,0,0,F,E,2021,10
Torque FC,CSyd Villa Espanola,2021-10-31,5,0,F,L,2021,10
Deportivo Maldonado,CSyd Villa Espanola,2021-11-02,0,1,F,V,2021,11
Liverpool,Rentistas,2021-11-03,0,1,F,V,2021,11
River Plate,Montevideo Wanderers,2021-11-03,0,1,F,V,2021,11
CA Progreso,CA Fenix,2021-11-04,1,0,F,L,2021,11
Cerro Largo FC,Boston River,2021-11-04,1,1,F,E,2021,11
Institucion Atletica Sud America,Plaza Colonia,2021-11-04,1,1,F,E,2021,11
Nacional,Torque FC,2021-11-04,2,0,F,L,2021,11
Club Sportivo Cerrito,CA Penarol,2021-11-05,1,3,F,V,2021,11
Rentistas,River Plate,2021-11-06,1,0,F,L,2021,11
CA Penarol,Liverpool,2021-11-07,1,0,F,L,2021,11
CSyd Villa Espanola,Nacional,2021-11-07,1,2,F,V,2021,11
Club Sportivo Cerrito,Torque FC,2021-11-07,0,2,F,V,2021,11
Boston River,CA Progreso,2021-11-08,0,0,F,E,2021,11
CA Fenix,Institucion Atletica Sud America,2021-11-08,1,2,F,V,2021,11
Montevideo Wanderers,Cerro Largo FC,2021-11-08,1,2,F,V,2021,11
Plaza Colonia,Deportivo Maldonado,2021-11-09,1,0,F,L,2021,11
Club Sportivo Cerrito,CSyd Villa Espanola,2021-11-13,1,0,F,L,2021,11
Deportivo Maldonado,Nacional,2021-11-13,1,0,F,L,2021,11
Liverpool,Torque FC,2021-11-13,1,3,F,V,2021,11
Institucion Atletica Sud America,Boston River,2021-11-14,1,2,F,V,2021,11
Plaza Colonia,CA Fenix,2021-11-14,1,1,F,E,2021,11
River Plate,CA Penarol,2021-11-14,1,1,F,E,2021,11
CA Progreso,Montevideo Wanderers,2021-11-15,3,1,F,L,2021,11
Cerro Largo FC,Rentistas,2021-11-15,1,1,F,E,2021,11
CA Fenix,Deportivo Maldonado,2021-11-19,2,1,F,L,2021,11
CSyd Villa Espanola,Liverpool,2021-11-19,0,3,F,V,2021,11
Montevideo Wanderers,Institucion Atletica Sud America,2021-11-19,4,1,F,L,2021,11
Nacional,Club Sportivo Cerrito,2021-11-19,1,0,F,L,2021,11
Rentistas,CA Progreso,2021-11-21,0,1,F,V,2021,11
Boston River,Plaza Colonia,2021-11-22,2,0,F,L,2021,11
Torque FC,River Plate,2021-11-22,1,1,F,E,2021,11
CA Penarol,Cerro Largo FC,2021-11-23,2,2,F,E,2021,11
CA Progreso,CA Penarol,2021-11-25,0,0,F,E,2021,11
Deportivo Maldonado,Club Sportivo Cerrito,2021-11-25,0,1,F,V,2021,11
Institucion Atletica Sud America,Rentistas,2021-11-26,3,1,F,L,2021,11
Liverpool,Nacional,2021-11-26,2,2,F,E,2021,11
Plaza Colonia,Montevideo Wanderers,2021-11-26,0,1,F,V,2021,11
Cerro Largo FC,Torque FC,2021-11-29,1,1,F,E,2021,11
CA Fenix,Boston River,2021-11-30,0,0,F,E,2021,11
River Plate,CSyd Villa Espanola,2021-11-30,4,2,F,L,2021,11
Boston River,Deportivo Maldonado,2021-12-04,2,1,F,L,2021,12
CA Penarol,Institucion Atletica Sud America,2021-12-04,3,1,F,L,2021,12
Montevideo Wanderers,CA Fenix,2021-12-04,1,1,F,E,2021,12
Nacional,River Plate,2021-12-04,4,2,F,L,2021,12
Rentistas,Plaza Colonia,2021-12-04,2,3,F,V,2021,12
Torque FC,CA Progreso,2021-12-04,1,0,F,L,2021,12
CSyd Villa Espanola,Cerro Largo FC,2021-12-05,1,1,F,E,2021,12
Club Sportivo Cerrito,Liverpool,2021-12-06,2,1,F,L,2021,12
Plaza Colonia,CA Penarol,2021-12-08,1,1,P,E,2021,12
CA Fenix,CA Penarol,2022-02-05,1,0,F,L,2022,2
Defensor Sporting,Liverpool,2022-02-05,0,3,F,V,2022,2
Torque FC,Cerro Largo FC,2022-02-05,1,1,F,E,2022,2
Albion,Rentistas,2022-02-06,3,5,F,V,2022,2
Boston River,Plaza Colonia,2022-02-06,0,0,F,E,2022,2
Nacional,Deportivo Maldonado,2022-02-07,2,3,F,V,2022,2
River Plate,Montevideo Wanderers,2022-02-07,1,1,F,E,2022,2
Club Sportivo Cerrito,Danubio,2022-02-09,0,1,F,V,2022,2
Plaza Colonia,River Plate,2022-02-12,0,1,F,V,2022,2
Torque FC,CA Fenix,2022-02-12,1,2,F,V,2022,2
Boston River,Club Sportivo Cerrito,2022-02-13,0,1,F,V,2022,2
Liverpool,Albion,2022-02-13,4,0,F,L,2022,2
Rentistas,Nacional,2022-02-13,0,4,F,V,2022,2
CA Penarol,Defensor Sporting,2022-02-14,0,1,F,V,2022,2
Montevideo Wanderers,Cerro Largo FC,2022-02-14,1,0,F,L,2022,2
Deportivo Maldonado,Danubio,2022-02-15,1,2,F,V,2022,2
Cerro Largo FC,Plaza Colonia,2022-02-19,0,5,F,V,2022,2
Defensor Sporting,Torque FC,2022-02-19,1,3,F,V,2022,2
River Plate,Boston River,2022-02-19,1,2,F,V,2022,2
Albion,CA Penarol,2022-02-20,1,1,F,E,2022,2
CA Fenix,Montevideo Wanderers,2022-02-20,0,3,F,V,2022,2
Danubio,Rentistas,2022-02-20,0,1,F,V,2022,2
Club Sportivo Cerrito,Deportivo Maldonado,2022-02-21,0,3,F,V,2022,2
Nacional,Liverpool,2022-02-22,0,0,F,E,2022,2
Boston River,Cerro Largo FC,2022-02-25,3,0,F,L,2022,2
Plaza Colonia,CA Fenix,2022-02-25,1,1,F,E,2022,2
Liverpool,Danubio,2022-02-26,0,1,F,V,2022,2
Montevideo Wanderers,Defensor Sporting,2022-02-26,1,0,F,L,2022,2
Rentistas,Deportivo Maldonado,2022-02-26,1,2,F,V,2022,2
CA Penarol,Nacional,2022-02-27,1,0,F,L,2022,2
River Plate,Club Sportivo Cerrito,2022-02-28,3,1,F,L,2022,2
Torque FC,Albion,2022-02-28,1,2,F,V,2022,2
Danubio,CA Penarol,2022-03-05,0,1,F,V,2022,3
Deportivo Maldonado,Liverpool,2022-03-05,1,0,F,L,2022,3
River Plate,Cerro Largo FC,2022-03-05,1,1,F,E,2022,3
Club Sportivo Cerrito,Rentistas,2022-03-11,2,1,F,L,2022,3
CA Fenix,Boston River,2022-03-12,0,2,F,V,2022,3
Defensor Sporting,Plaza Colonia,2022-03-12,0,0,F,E,2022,3
Albion,Montevideo Wanderers,2022-03-13,1,1,F,E,2022,3
Nacional,Torque FC,2022-03-13,1,1,F,E,2022,3
CA Penarol,Deportivo Maldonado,2022-03-19,1,1,F,E,2022,3
Liverpool,Rentistas,2022-03-20,1,0,F,L,2022,3
Montevideo Wanderers,Nacional,2022-03-20,2,2,F,E,2022,3
Plaza Colonia,Albion,2022-03-20,1,1,F,E,2022,3
River Plate,CA Fenix,2022-03-20,3,1,F,L,2022,3
Boston River,Defensor Sporting,2022-03-21,1,1,F,E,2022,3
Cerro Largo FC,Club Sportivo Cerrito,2022-03-22,1,0,F,L,2022,3
Torque FC,Danubio,2022-03-22,1,1,F,E,2022,3
Albion,Boston River,2022-04-02,1,2,F,V,2022,4
Danubio,Montevideo Wanderers,2022-04-02,0,0,F,E,2022,4
Nacional,Plaza Colonia,2022-04-02,1,0,F,L,2022,4
Rentistas,CA Penarol,2022-04-02,0,0,F,E,2022,4
CA Fenix,Cerro Largo FC,2022-04-03,2,0,F,L,2022,4
Club Sportivo Cerrito,Liverpool,2022-04-03,0,1,F,V,2022,4
Defensor Sporting,River Plate,2022-04-03,3,2,F,L,2022,4
Deportivo Maldonado,Torque FC,2022-04-04,2,1,F,L,2022,4
CA Penarol,Liverpool,2022-04-09,2,1,F,L,2022,4
Cerro Largo FC,Defensor Sporting,2022-04-09,0,0,F,E,2022,4
Plaza Colonia,Danubio,2022-04-09,1,1,F,E,2022,4
Boston River,Nacional,2022-04-10,0,6,F,V,2022,4
CA Fenix,Club Sportivo Cerrito,2022-04-10,2,0,F,L,2022,4
River Plate,Albion,2022-04-10,4,1,F,L,2022,4
Montevideo Wanderers,Deportivo Maldonado,2022-04-12,0,1,F,V,2022,4
Torque FC,Rentistas,2022-04-12,2,0,F,L,2022,4
Danubio,Boston River,2022-04-15,0,0,F,E,2022,4
Albion,Cerro Largo FC,2022-04-16,2,1,F,L,2022,4
Defensor Sporting,CA Fenix,2022-04-16,2,1,F,L,2022,4
Liverpool,Torque FC,2022-04-16,2,0,F,L,2022,4
Club Sportivo Cerrito,CA Penarol,2022-04-17,0,0,F,E,2022,4
Deportivo Maldonado,Plaza Colonia,2022-04-17,3,1,F,L,2022,4
Nacional,River Plate,2022-04-17,1,1,F,E,2022,4
Rentistas,Montevideo Wanderers,2022-04-18,1,3,F,V,2022,4
Cerro Largo FC,Nacional,2022-04-23,0,2,F,V,2022,4
Montevideo Wanderers,Liverpool,2022-04-23,0,0,F,E,2022,4
River Plate,Danubio,2022-04-23,0,0,F,E,2022,4
Boston River,Deportivo Maldonado,2022-04-24,2,0,F,L,2022,4
CA Fenix,Albion,2022-04-24,2,1,F,L,2022,4
Torque FC,CA Penarol,2022-04-24,0,1,F,V,2022,4
Plaza Colonia,Rentistas,2022-04-25,0,3,F,V,2022,4
Defensor Sporting,Club Sportivo Cerrito,2022-04-26,0,0,F,E,2022,4
Albion,Defensor Sporting,2022-05-07,0,3,F,V,2022,5
Club Sportivo Cerrito,Torque FC,2022-05-07,2,2,F,E,2022,5
Deportivo Maldonado,River Plate,2022-05-07,2,1,F,L,2022,5
Liverpool,Plaza Colonia,2022-05-07,1,0,F,L,2022,5
Danubio,Cerro Largo FC,2022-05-08,2,0,F,L,2022,5
Rentistas,Boston River,2022-05-08,0,1,F,V,2022,5
CA Penarol,Montevideo Wanderers,2022-05-09,1,0,F,L,2022,5
Nacional,CA Fenix,2022-05-10,1,0,F,L,2022,5
River Plate,Rentistas,2022-05-13,1,0,F,L,2022,5
Defensor Sporting,Nacional,2022-05-14,0,2,F,V,2022,5
Plaza Colonia,CA Penarol,2022-05-14,0,1,F,V,2022,5
Albion,Club Sportivo Cerrito,2022-05-15,2,2,F,E,2022,5
CA Fenix,Danubio,2022-05-15,0,0,F,E,2022,5
Cerro Largo FC,Deportivo Maldonado,2022-05-15,1,0,F,L,2022,5
Montevideo Wanderers,Torque FC,2022-05-15,1,1,F,E,2022,5
Boston River,Liverpool,2022-05-16,2,3,F,V,2022,5
Deportivo Maldonado,CA Fenix,2022-05-21,0,1,F,V,2022,5
Nacional,Albion,2022-05-21,2,0,F,L,2022,5
Rentistas,Cerro Largo FC,2022-05-21,2,0,F,L,2022,5
CA Penarol,Boston River,2022-05-22,1,0,F,L,2022,5
Club Sportivo Cerrito,Montevideo Wanderers,2022-05-22,0,2,F,V,2022,5
Danubio,Defensor Sporting,2022-05-22,1,2,F,V,2022,5
Liverpool,River Plate,2022-05-22,2,1,F,L,2022,5
Torque FC,Plaza Colonia,2022-05-24,1,1,F,E,2022,5
Albion,Danubio,2022-05-27,1,2,F,V,2022,5
Boston River,Torque FC,2022-05-28,3,1,F,L,2022,5
Cerro Largo FC,Liverpool,2022-05-28,1,2,F,V,2022,5
Defensor Sporting,Deportivo Maldonado,2022-05-29,1,1,F,E,2022,5
Nacional,Club Sportivo Cerrito,2022-05-29,3,0,F,L,2022,5
Plaza Colonia,Montevideo Wanderers,2022-05-29,1,0,F,L,2022,5
River Plate,CA Penarol,2022-05-29,0,0,F,E,2022,5
CA Fenix,Rentistas,2022-05-30,2,1,F,L,2022,5
CA Penarol,Cerro Largo FC,2022-06-04,0,1,F,V,2022,6
Club Sportivo Cerrito,Plaza Colonia,2022-06-04,1,1,F,E,2022,6
Deportivo Maldonado,Albion,2022-06-04,0,0,F,E,2022,6
Torque FC,River Plate,2022-06-04,0,0,F,E,2022,6
Danubio,Nacional,2022-06-05,2,1,F,L,2022,6
Liverpool,CA Fenix,2022-06-05,1,0,F,L,2022,6
Rentistas,Defensor Sporting,2022-06-05,1,0,F,L,2022,6
Montevideo Wanderers,Boston River,2022-06-06,1,2,F,V,2022,6
Rentistas,Deportivo Maldonado,2022-06-10,1,1,F,E,2022,6
River Plate,Club Sportivo Cerrito,2022-06-10,3,0,F,L,2022,6
CA Penarol,Torque FC,2022-06-12,1,2,F,V,2022,6
Danubio,Cerro Largo FC,2022-06-12,1,1,F,E,2022,6
Montevideo Wanderers,Liverpool,2022-06-12,1,0,F,L,2022,6
CA Fenix,Albion,2022-06-13,0,1,F,V,2022,6
Defensor Sporting,Nacional,2022-06-14,0,1,F,V,2022,6
Plaza Colonia,Boston River,2022-06-14,0,0,F,E,2022,6
Albion,Montevideo Wanderers,2022-06-18,1,1,F,E,2022,6
Liverpool,CA Fenix,2022-06-18,2,2,F,E,2022,6
Nacional,River Plate,2022-06-18,3,0,F,L,2022,6
Deportivo Maldonado,CA Penarol,2022-06-19,1,3,F,V,2022,6
Torque FC,Rentistas,2022-06-19,3,1,F,L,2022,6
Boston River,Danubio,2022-06-20,2,0,F,L,2022,6
Cerro Largo FC,Plaza Colonia,2022-06-20,1,0,F,L,2022,6
Club Sportivo Cerrito,Defensor Sporting,2022-06-20,1,2,F,V,2022,6
CA Fenix,Deportivo Maldonado,2022-06-25,0,0,F,E,2022,6
Danubio,Nacional,2022-06-25,0,1,F,V,2022,6
Defensor Sporting,Cerro Largo FC,2022-06-25,1,0,F,L,2022,6
CA Penarol,Liverpool,2022-06-26,0,1,F,V,2022,6
Plaza Colonia,Club Sportivo Cerrito,2022-06-26,3,0,F,L,2022,6
River Plate,Boston River,2022-06-26,0,1,F,V,2022,6
Rentistas,Albion,2022-06-27,0,1,F,V,2022,6
Montevideo Wanderers,Torque FC,2022-06-28,1,0,F,L,2022,6
Albion,Torque FC,2022-07-08,1,0,F,L,2022,7
Deportivo Maldonado,Montevideo Wanderers,2022-07-09,1,2,F,V,2022,7
Liverpool,Rentistas,2022-07-09,2,0,F,L,2022,7
Boston River,Defensor Sporting,2022-07-10,2,3,F,V,2022,7
Danubio,River Plate,2022-07-10,1,3,F,V,2022,7
Nacional,Plaza Colonia,2022-07-10,3,1,F,L,2022,7
CA Penarol,CA Fenix,2022-07-11,0,0,F,E,2022,7
Club Sportivo Cerrito,Cerro Largo FC,2022-07-12,0,2,F,V,2022,7
Albion,Deportivo Maldonado,2022-07-15,2,3,F,V,2022,7
Torque FC,Liverpool,2022-07-15,2,3,F,V,2022,7
Boston River,Club Sportivo Cerrito,2022-07-16,1,0,F,L,2022,7
Plaza Colonia,River Plate,2022-07-16,0,0,F,E,2022,7
Rentistas,CA Fenix,2022-07-16,0,1,F,V,2022,7
Cerro Largo FC,Nacional,2022-07-17,0,0,F,E,2022,7
Defensor Sporting,Danubio,2022-07-17,2,1,F,L,2022,7
Montevideo Wanderers,CA Penarol,2022-07-17,3,3,F,E,2022,7
Liverpool,Albion,2022-07-19,0,0,F,E,2022,7
Boston River,Cerro Largo FC,2022-07-20,2,0,F,L,2022,7
CA Fenix,Montevideo Wanderers,2022-07-20,1,0,F,L,2022,7
Deportivo Maldonado,Torque FC,2022-07-20,1,1,F,E,2022,7
Danubio,Plaza Colonia,2022-07-21,2,0,F,L,2022,7
River Plate,Defensor Sporting,2022-07-21,1,1,F,E,2022,7
Nacional,Club Sportivo Cerrito,2022-07-22,5,0,F,L,2022,7
Albion,CA Penarol,2022-07-23,1,3,F,V,2022,7
Liverpool,Deportivo Maldonado,2022-07-23,3,1,F,L,2022,7
Montevideo Wanderers,Rentistas,2022-07-23,3,1,F,L,2022,7
Defensor Sporting,Plaza Colonia,2022-07-24,1,2,F,V,2022,7
Nacional,Boston River,2022-07-24,2,0,F,L,2022,7
Torque FC,CA Fenix,2022-07-24,2,0,F,L,2022,7
Cerro Largo FC,River Plate,2022-07-25,0,0,F,E,2022,7
Club Sportivo Cerrito,Danubio,2022-07-25,0,1,F,V,2022,7
CA Penarol,Rentistas,2022-07-27,2,0,F,L,2022,7
Liverpool,Nacional,2022-07-28,0,1,F,V,2022,7
Plaza Colonia,Boston River,2022-07-30,1,1,F,E,2022,7
Rentistas,Albion,2022-07-30,2,4,F,V,2022,7
Cerro Largo FC,Torque FC,2022-07-31,1,2,F,V,2022,7
Danubio,Club Sportivo Cerrito,2022-07-31,0,0,F,E,2022,7
Deportivo Maldonado,Nacional,2022-07-31,2,1,F,L,2022,7
Montevideo Wanderers,River Plate,2022-07-31,1,2,F,V,2022,7
Liverpool,Defensor Sporting,2022-08-01,1,3,F,V,2022,8
CA Penarol,CA Fenix,2022-08-02,0,1,F,V,2022,8
Cerro Largo FC,Montevideo Wanderers,2022-08-06,1,1,F,E,2022,8
Nacional,Rentistas,2022-08-06,3,0,F,L,2022,8
River Plate,Plaza Colonia,2022-08-06,2,0,F,L,2022,8
CA Fenix,Torque FC,2022-08-07,1,0,F,L,2022,8
Club Sportivo Cerrito,Boston River,2022-08-07,0,3,F,V,2022,8
Danubio,Deportivo Maldonado,2022-08-07,0,0,F,E,2022,8
Defensor Sporting,CA Penarol,2022-08-07,2,3,F,V,2022,8
Albion,Liverpool,2022-08-08,1,1,F,E,2022,8
Deportivo Maldonado,Club Sportivo Cerrito,2022-08-11,2,1,F,L,2022,8
Boston River,River Plate,2022-08-12,1,2,F,V,2022,8
Montevideo Wanderers,CA Fenix,2022-08-12,2,1,F,L,2022,8
CA Penarol,Albion,2022-08-13,2,0,F,L,2022,8
Plaza Colonia,Cerro Largo FC,2022-08-13,2,0,F,L,2022,8
Rentistas,Danubio,2022-08-13,0,1,F,V,2022,8
Liverpool,Nacional,2022-08-14,0,1,F,V,2022,8
Torque FC,Defensor Sporting,2022-08-14,0,2,F,V,2022,8
Danubio,Torque FC,2022-08-19,3,2,F,L,2022,8
CA Fenix,River Plate,2022-08-20,1,2,F,V,2022,8
Club Sportivo Cerrito,Cerro Largo FC,2022-08-20,0,0,F,E,2022,8
Nacional,Montevideo Wanderers,2022-08-20,2,0,F,L,2022,8
Rentistas,Liverpool,2022-08-20,0,2,F,V,2022,8
Defensor Sporting,Boston River,2022-08-21,0,1,F,V,2022,8
Albion,Plaza Colonia,2022-08-22,1,0,F,L,2022,8
Deportivo Maldonado,CA Penarol,2022-08-23,1,1,F,E,2022,8
Boston River,CA Fenix,2022-08-27,1,1,F,E,2022,8
Montevideo Wanderers,Albion,2022-08-27,0,0,F,E,2022,8
Rentistas,Club Sportivo Cerrito,2022-08-27,3,0,F,L,2022,8
Torque FC,Nacional,2022-08-27,0,3,F,V,2022,8
CA Penarol,Danubio,2022-08-28,1,1,F,E,2022,8
Liverpool,Deportivo Maldonado,2022-08-28,1,1,F,E,2022,8
Plaza Colonia,Defensor Sporting,2022-08-28,0,1,F,V,2022,8
Cerro Largo FC,River Plate,2022-08-29,0,5,F,V,2022,8
Deportivo Maldonado,Rentistas,2022-09-02,2,1,F,L,2022,9
Albion,Torque FC,2022-09-03,1,0,F,L,2022,9
Danubio,Liverpool,2022-09-03,1,1,F,E,2022,9
Defensor Sporting,Montevideo Wanderers,2022-09-03,1,0,F,L,2022,9
Cerro Largo FC,Boston River,2022-09-04,1,1,F,E,2022,9
Nacional,CA Penarol,2022-09-04,3,1,F,L,2022,9
CA Fenix,Plaza Colonia,2022-09-05,0,1,F,V,2022,9
Club Sportivo Cerrito,River Plate,2022-09-05,1,5,F,V,2022,9
Liverpool,Club Sportivo Cerrito,2022-09-09,3,0,F,L,2022,9
Torque FC,Deportivo Maldonado,2022-09-09,3,3,F,E,2022,9
Boston River,Albion,2022-09-10,1,0,F,L,2022,9
Montevideo Wanderers,Danubio,2022-09-10,0,3,F,V,2022,9
Plaza Colonia,Nacional,2022-09-10,1,3,F,V,2022,9
CA Penarol,Rentistas,2022-09-11,2,2,F,E,2022,9
Cerro Largo FC,CA Fenix,2022-09-11,1,0,F,L,2022,9
River Plate,Defensor Sporting,2022-09-11,0,1,F,V,2022,9
Danubio,Plaza Colonia,2022-09-13,1,1,F,E,2022,9
Deportivo Maldonado,Montevideo Wanderers,2022-09-13,1,0,F,L,2022,9
Albion,River Plate,2022-09-14,0,2,F,V,2022,9
Rentistas,Torque FC,2022-09-14,3,0,F,L,2022,9
Club Sportivo Cerrito,CA Fenix,2022-09-15,0,2,F,V,2022,9
Liverpool,CA Penarol,2022-09-15,0,1,F,V,2022,9
Nacional,Boston River,2022-09-15,1,0,F,L,2022,9
Defensor Sporting,Cerro Largo FC,2022-09-16,0,1,F,V,2022,9
Plaza Colonia,Deportivo Maldonado,2022-09-17,0,1,F,V,2022,9
River Plate,Nacional,2022-09-17,1,1,F,E,2022,9
Cerro Largo FC,Albion,2022-09-18,1,2,F,V,2022,9
Montevideo Wanderers,Rentistas,2022-09-18,1,0,F,L,2022,9
Boston River,Danubio,2022-09-19,0,1,F,V,2022,9
CA Penarol,Club Sportivo Cerrito,2022-09-19,3,1,F,L,2022,9
CA Fenix,Defensor Sporting,2022-09-20,0,0,F,E,2022,9
Torque FC,Liverpool,2022-09-20,0,2,F,V,2022,9
Danubio,River Plate,2022-09-24,3,0,F,L,2022,9
Deportivo Maldonado,Boston River,2022-09-24,2,1,F,L,2022,9
Liverpool,Montevideo Wanderers,2022-09-24,1,1,F,E,2022,9
CA Penarol,Torque FC,2022-09-25,0,1,F,V,2022,9
Nacional,Cerro Largo FC,2022-09-25,1,1,F,E,2022,9
Rentistas,Plaza Colonia,2022-09-25,0,1,F,V,2022,9
Albion,CA Fenix,2022-09-26,1,1,F,E,2022,9
Club Sportivo Cerrito,Defensor Sporting,2022-09-26,1,2,F,V,2022,9
Cerro Largo FC,Danubio,2022-09-30,1,0,F,L,2022,9
CA Fenix,Nacional,2022-10-01,1,1,F,E,2022,10
Plaza Colonia,Liverpool,2022-10-01,1,3,F,V,2022,10
Torque FC,Club Sportivo Cerrito,2022-10-01,0,1,F,V,2022,10
Boston River,Rentistas,2022-10-02,3,0,F,L,2022,10
Defensor Sporting,Albion,2022-10-02,2,0,F,L,2022,10
River Plate,Deportivo Maldonado,2022-10-02,0,0,F,E,2022,10
Montevideo Wanderers,CA Penarol,2022-10-03,0,2,F,V,2022,10
Deportivo Maldonado,Cerro Largo FC,2022-10-07,0,1,F,V,2022,10
Club Sportivo Cerrito,Albion,2022-10-08,0,0,F,E,2022,10
Danubio,CA Fenix,2022-10-08,1,1,F,E,2022,10
Rentistas,River Plate,2022-10-08,0,5,F,V,2022,10
Liverpool,Boston River,2022-10-09,3,2,F,L,2022,10
Nacional,Defensor Sporting,2022-10-09,1,1,F,E,2022,10
Torque FC,Montevideo Wanderers,2022-10-09,1,0,F,L,2022,10
CA Penarol,Plaza Colonia,2022-10-10,0,1,F,V,2022,10
CA Fenix,Deportivo Maldonado,2022-10-11,0,1,F,V,2022,10
Cerro Largo FC,Rentistas,2022-10-11,2,1,F,L,2022,10
Plaza Colonia,Torque FC,2022-10-12,0,2,F,V,2022,10
Boston River,CA Penarol,2022-10-13,2,1,F,L,2022,10
Defensor Sporting,Danubio,2022-10-13,1,1,F,E,2022,10
River Plate,Liverpool,2022-10-13,0,1,F,V,2022,10
Albion,Nacional,2022-10-14,0,1,F,V,2022,10
Montevideo Wanderers,Club Sportivo Cerrito,2022-10-14,2,1,F,L,2022,10
Deportivo Maldonado,Defensor Sporting,2022-10-15,0,0,F,E,2022,10
Rentistas,CA Fenix,2022-10-15,1,3,F,V,2022,10
CA Penarol,River Plate,2022-10-16,1,1,F,E,2022,10
Danubio,Albion,2022-10-16,3,0,F,L,2022,10
Liverpool,Cerro Largo FC,2022-10-16,1,0,F,L,2022,10
Montevideo Wanderers,Plaza Colonia,2022-10-17,2,1,F,L,2022,10
Torque FC,Boston River,2022-10-17,0,2,F,V,2022,10
Club Sportivo Cerrito,Nacional,2022-10-18,1,2,F,V,2022,10
River Plate,Torque FC,2022-10-21,2,1,F,L,2022,10
Defensor Sporting,Rentistas,2022-10-22,2,3,F,V,2022,10
CA Fenix,Liverpool,2022-10-23,0,3,F,V,2022,10
Cerro Largo FC,CA Penarol,2022-10-23,0,2,F,V,2022,10
Plaza Colonia,Club Sportivo Cerrito,2022-10-23,1,3,F,V,2022,10
Albion,Deportivo Maldonado,2022-10-24,1,3,F,V,2022,10
Boston River,Montevideo Wanderers,2022-10-24,2,2,F,E,2022,10
Nacional,Danubio,2022-10-24,2,0,F,L,2022,10
Liverpool,Nacional,2022-10-30,1,4,E,V,2022,10
CA Penarol,CA Cerro,2023-02-04,2,0,F,L,2023,2
Cerro Largo FC,River Plate,2023-02-04,2,1,F,L,2023,2
Racing Club,Boston River,2023-02-04,0,2,F,V,2023,2
La Luz Football Club,Montevideo Wanderers,2023-02-05,1,3,F,V,2023,2
Torque FC,Danubio,2023-02-05,1,1,F,E,2023,2
Nacional,Liverpool,2023-02-06,2,1,F,L,2023,2
Plaza Colonia,Deportivo Maldonado,2023-02-06,0,1,F,V,2023,2
Defensor Sporting,CA Fenix,2023-02-07,1,3,F,V,2023,2
CA Fenix,Torque FC,2023-02-11,1,2,F,V,2023,2
Deportivo Maldonado,Racing Club,2023-02-11,1,1,F,E,2023,2
Nacional,Cerro Largo FC,2023-02-11,0,0,F,E,2023,2
River Plate,Plaza Colonia,2023-02-11,2,0,F,L,2023,2
Boston River,CA Cerro,2023-02-12,0,3,F,V,2023,2
Danubio,Liverpool,2023-02-12,1,1,F,E,2023,2
Montevideo Wanderers,Defensor Sporting,2023-02-13,1,1,F,E,2023,2
La Luz Football Club,CA Penarol,2023-02-14,3,4,F,V,2023,2
CA Cerro,Deportivo Maldonado,2023-02-18,0,0,F,E,2023,2
Cerro Largo FC,Danubio,2023-02-18,1,0,F,L,2023,2
Plaza Colonia,Nacional,2023-02-18,2,1,F,L,2023,2
Defensor Sporting,La Luz Football Club,2023-02-19,1,0,F,L,2023,2
Racing Club,River Plate,2023-02-19,0,0,F,E,2023,2
CA Penarol,Boston River,2023-02-20,1,0,F,L,2023,2
Liverpool,CA Fenix,2023-02-20,3,1,F,L,2023,2
Torque FC,Montevideo Wanderers,2023-02-21,0,1,F,V,2023,2
CA Fenix,Cerro Largo FC,2023-02-25,0,0,F,E,2023,2
River Plate,CA Cerro,2023-02-25,3,2,F,L,2023,2
Danubio,Plaza Colonia,2023-02-26,5,0,F,L,2023,2
Defensor Sporting,CA Penarol,2023-02-26,2,2,F,E,2023,2
Deportivo Maldonado,Boston River,2023-02-26,3,2,F,L,2023,2
La Luz Football Club,Torque FC,2023-02-27,1,1,F,E,2023,2
Nacional,Racing Club,2023-02-27,3,1,F,L,2023,2
Montevideo Wanderers,Liverpool,2023-02-28,1,1,F,E,2023,2
Boston River,River Plate,2023-03-04,0,0,F,E,2023,3
CA Cerro,Nacional,2023-03-04,2,2,F,E,2023,3
Racing Club,Danubio,2023-03-04,1,1,F,E,2023,3
Torque FC,Defensor Sporting,2023-03-04,0,3,F,V,2023,3
CA Penarol,Deportivo Maldonado,2023-03-05,2,1,F,L,2023,3
Cerro Largo FC,Montevideo Wanderers,2023-03-05,0,0,F,E,2023,3
Liverpool,La Luz Football Club,2023-03-05,2,3,F,V,2023,3
Plaza Colonia,CA Fenix,2023-03-06,3,1,F,L,2023,3
La Luz Football Club,Cerro Largo FC,2023-03-10,0,3,F,V,2023,3
Montevideo Wanderers,Plaza Colonia,2023-03-11,0,1,F,V,2023,3
Nacional,Boston River,2023-03-11,3,1,F,L,2023,3
CA Fenix,Racing Club,2023-03-12,0,1,F,V,2023,3
Danubio,CA Cerro,2023-03-12,1,0,F,L,2023,3
CA Penarol,Torque FC,2023-03-13,2,2,F,E,2023,3
Defensor Sporting,Liverpool,2023-03-13,2,2,F,E,2023,3
River Plate,Deportivo Maldonado,2023-03-13,3,1,F,L,2023,3
Plaza Colonia,La Luz Football Club,2023-03-17,1,1,F,E,2023,3
CA Penarol,River Plate,2023-03-18,1,0,F,L,2023,3
Deportivo Maldonado,Nacional,2023-03-18,0,0,F,E,2023,3
Liverpool,Torque FC,2023-03-18,1,0,F,L,2023,3
Boston River,Danubio,2023-03-19,3,3,F,E,2023,3
Cerro Largo FC,Defensor Sporting,2023-03-19,0,3,F,V,2023,3
CA Cerro,CA Fenix,2023-03-20,2,0,F,L,2023,3
Racing Club,Montevideo Wanderers,2023-03-20,1,1,F,E,2023,3
Danubio,Deportivo Maldonado,2023-03-25,4,0,F,L,2023,3
Defensor Sporting,Plaza Colonia,2023-03-25,4,0,F,L,2023,3
Liverpool,CA Penarol,2023-03-25,1,0,F,L,2023,3
Montevideo Wanderers,CA Cerro,2023-03-25,3,0,F,L,2023,3
CA Fenix,Boston River,2023-03-26,0,0,F,E,2023,3
Nacional,River Plate,2023-03-26,3,0,F,L,2023,3
La Luz Football Club,Racing Club,2023-03-27,1,3,F,V,2023,3
Torque FC,Cerro Largo FC,2023-03-28,1,2,F,V,2023,3
River Plate,Danubio,2023-03-31,2,1,F,L,2023,3
CA Penarol,Nacional,2023-04-01,2,0,F,L,2023,4
Cerro Largo FC,Liverpool,2023-04-01,1,0,F,L,2023,4
Boston River,Montevideo Wanderers,2023-04-02,0,1,F,V,2023,4
CA Cerro,La Luz Football Club,2023-04-02,0,0,F,E,2023,4
Deportivo Maldonado,CA Fenix,2023-04-02,2,0,F,L,2023,4
Racing Club,Defensor Sporting,2023-04-03,0,1,F,V,2023,4
Plaza Colonia,Torque FC,2023-04-04,1,2,F,V,2023,4
CA Fenix,River Plate,2023-04-08,0,0,F,E,2023,4
Defensor Sporting,CA Cerro,2023-04-08,1,1,F,E,2023,4
Montevideo Wanderers,Deportivo Maldonado,2023-04-08,0,1,F,V,2023,4
Torque FC,Racing Club,2023-04-08,0,2,F,V,2023,4
Cerro Largo FC,CA Penarol,2023-04-09,0,0,F,E,2023,4
Danubio,Nacional,2023-04-09,0,0,F,E,2023,4
Liverpool,Plaza Colonia,2023-04-10,3,1,F,L,2023,4
La Luz Football Club,Boston River,2023-04-11,2,1,F,L,2023,4
CA Penarol,Danubio,2023-04-15,2,0,F,L,2023,4
Nacional,CA Fenix,2023-04-15,4,0,F,L,2023,4
Racing Club,Liverpool,2023-04-15,1,1,F,E,2023,4
Boston River,Defensor Sporting,2023-04-16,1,0,F,L,2023,4
Plaza Colonia,Cerro Largo FC,2023-04-16,2,0,F,L,2023,4
River Plate,Montevideo Wanderers,2023-04-16,1,2,F,V,2023,4
CA Cerro,Torque FC,2023-04-17,0,2,F,V,2023,4
La Luz Football Club,Deportivo Maldonado,2023-04-18,4,2,F,L,2023,4
Cerro Largo FC,Racing Club,2023-04-22,2,1,F,L,2023,4
La Luz Football Club,River Plate,2023-04-22,2,2,F,E,2023,4
Torque FC,Boston River,2023-04-22,1,1,F,E,2023,4
CA Fenix,Danubio,2023-04-23,2,1,F,L,2023,4
Defensor Sporting,Deportivo Maldonado,2023-04-23,1,1,F,E,2023,4
Plaza Colonia,CA Penarol,2023-04-23,1,2,F,V,2023,4
Liverpool,CA Cerro,2023-04-24,1,1,F,E,2023,4
Montevideo Wanderers,Nacional,2023-04-25,0,1,F,V,2023,4
Boston River,Liverpool,2023-04-28,1,3,F,V,2023,4
CA Cerro,Cerro Largo FC,2023-04-29,0,0,F,E,2023,4
CA Penarol,CA Fenix,2023-04-29,2,0,F,L,2023,4
Danubio,Montevideo Wanderers,2023-04-29,0,2,F,V,2023,4
Deportivo Maldonado,Torque FC,2023-04-30,3,2,F,L,2023,4
Nacional,La Luz Football Club,2023-04-30,3,0,F,L,2023,4
River Plate,Defensor Sporting,2023-04-30,0,4,F,V,2023,4
Racing Club,Plaza Colonia,2023-05-03,1,1,F,E,2023,5
Cerro Largo FC,Boston River,2023-05-06,2,2,F,E,2023,5
Montevideo Wanderers,CA Fenix,2023-05-06,0,3,F,V,2023,5
Defensor Sporting,Nacional,2023-05-07,2,2,F,E,2023,5
La Luz Football Club,Danubio,2023-05-07,3,1,F,L,2023,5
Liverpool,Deportivo Maldonado,2023-05-07,4,2,F,L,2023,5
Plaza Colonia,CA Cerro,2023-05-08,1,1,F,E,2023,5
Torque FC,River Plate,2023-05-08,1,1,F,E,2023,5
Racing Club,CA Penarol,2023-05-09,0,2,F,V,2023,5
CA Penarol,Montevideo Wanderers,2023-05-13,1,1,F,E,2023,5
Deportivo Maldonado,Cerro Largo FC,2023-05-13,0,0,F,E,2023,5
River Plate,Liverpool,2023-05-13,2,0,F,L,2023,5
CA Fenix,La Luz Football Club,2023-05-14,0,2,F,V,2023,5
Danubio,Defensor Sporting,2023-05-14,1,1,F,E,2023,5
Torque FC,Nacional,2023-05-14,0,4,F,V,2023,5
Boston River,Plaza Colonia,2023-05-15,1,1,F,E,2023,5
CA Cerro,Racing Club,2023-05-16,1,0,F,L,2023,5
Liverpool,Racing Club,2023-06-02,3,2,F,L,2023,6
CA Cerro,Nacional,2023-06-03,1,1,F,E,2023,6
La Luz Football Club,CA Penarol,2023-06-03,3,2,F,L,2023,6
Montevideo Wanderers,Danubio,2023-06-03,1,1,F,E,2023,6
Plaza Colonia,Cerro Largo FC,2023-06-04,3,3,F,E,2023,6
River Plate,Boston River,2023-06-04,0,1,F,V,2023,6
Deportivo Maldonado,CA Fenix,2023-06-05,1,1,F,E,2023,6
Torque FC,Defensor Sporting,2023-06-06,1,1,F,E,2023,6
Danubio,Torque FC,2023-06-16,1,0,F,L,2023,6
Boston River,La Luz Football Club,2023-06-17,4,0,F,L,2023,6
CA Fenix,CA Cerro,2023-06-17,0,0,F,E,2023,6
Cerro Largo FC,Liverpool,2023-06-17,1,3,F,V,2023,6
Nacional,Deportivo Maldonado,2023-06-17,4,0,F,L,2023,6
CA Penarol,River Plate,2023-06-18,1,3,F,V,2023,6
Defensor Sporting,Montevideo Wanderers,2023-06-18,2,0,F,L,2023,6
Racing Club,Plaza Colonia,2023-06-18,4,1,F,L,2023,6
Liverpool,Nacional,2023-06-23,3,0,F,L,2023,6
La Luz Football Club,Danubio,2023-06-24,0,2,F,V,2023,6
Montevideo Wanderers,CA Penarol,2023-06-24,0,0,F,E,2023,6
Plaza Colonia,CA Fenix,2023-06-24,1,1,F,E,2023,6
River Plate,Defensor Sporting,2023-06-24,1,1,F,E,2023,6
CA Cerro,Racing Club,2023-06-25,1,2,F,V,2023,6
Deportivo Maldonado,Cerro Largo FC,2023-06-25,0,0,F,E,2023,6
Torque FC,Boston River,2023-06-25,3,1,F,L,2023,6
Defensor Sporting,La Luz Football Club,2023-07-01,3,0,F,L,2023,7
Boston River,Danubio,2023-07-02,1,0,F,L,2023,7
CA Fenix,Racing Club,2023-07-02,3,0,F,L,2023,7
Cerro Largo FC,CA Cerro,2023-07-02,0,1,F,V,2023,7
Montevideo Wanderers,River Plate,2023-07-02,4,0,F,L,2023,7
Liverpool,Deportivo Maldonado,2023-07-03,3,2,F,L,2023,7
CA Penarol,Torque FC,2023-07-04,2,0,F,L,2023,7
Nacional,Plaza Colonia,2023-07-06,4,1,F,L,2023,7
CA Cerro,Liverpool,2023-07-08,1,0,F,L,2023,7
Cerro Largo FC,CA Fenix,2023-07-08,2,1,F,L,2023,7
Danubio,CA Penarol,2023-07-08,1,0,F,L,2023,7
La Luz Football Club,Montevideo Wanderers,2023-07-08,2,3,F,V,2023,7
Boston River,Defensor Sporting,2023-07-09,0,1,F,V,2023,7
Plaza Colonia,Deportivo Maldonado,2023-07-09,1,3,F,V,2023,7
Racing Club,Nacional,2023-07-09,2,2,F,E,2023,7
Torque FC,River Plate,2023-07-11,0,1,F,V,2023,7
Cerro Largo FC,Racing Club,2023-07-15,2,0,F,L,2023,7
Defensor Sporting,Danubio,2023-07-15,2,1,F,L,2023,7
Liverpool,Plaza Colonia,2023-07-15,2,2,F,E,2023,7
CA Penarol,Boston River,2023-07-16,2,1,F,L,2023,7
Montevideo Wanderers,Torque FC,2023-07-16,1,1,F,E,2023,7
Nacional,CA Fenix,2023-07-16,0,1,F,V,2023,7
River Plate,La Luz Football Club,2023-07-16,0,0,F,E,2023,7
Deportivo Maldonado,CA Cerro,2023-07-18,1,2,F,V,2023,7
CA Fenix,Liverpool,2023-07-21,0,1,F,V,2023,7
Danubio,River Plate,2023-07-22,0,0,F,E,2023,7
La Luz Football Club,Torque FC,2023-07-22,1,3,F,V,2023,7
Racing Club,Deportivo Maldonado,2023-07-22,2,0,F,L,2023,7
Boston River,Montevideo Wanderers,2023-07-23,0,1,F,V,2023,7
CA Penarol,Defensor Sporting,2023-07-23,2,1,F,L,2023,7
Nacional,Cerro Largo FC,2023-07-23,1,0,F,L,2023,7
CA Cerro,Plaza Colonia,2023-07-25,0,0,F,E,2023,7
Defensor Sporting,Liverpool,2023-07-30,0,1,F,V,2023,7
CA Cerro,CA Penarol,2023-08-19,1,1,F,E,2023,8
CA Fenix,Defensor Sporting,2023-08-19,1,1,F,E,2023,8
Deportivo Maldonado,Plaza Colonia,2023-08-19,0,0,F,E,2023,8
Montevideo Wanderers,La Luz Football Club,2023-08-19,0,1,F,V,2023,8
River Plate,Cerro Largo FC,2023-08-19,0,0,F,E,2023,8
Boston River,Racing Club,2023-08-20,1,0,F,L,2023,8
Danubio,Torque FC,2023-08-20,0,1,F,V,2023,8
Liverpool,Nacional,2023-08-20,0,0,F,E,2023,8
Defensor Sporting,Montevideo Wanderers,2023-08-25,3,0,F,L,2023,8
Torque FC,CA Fenix,2023-08-25,1,1,F,E,2023,8
Cerro Largo FC,Nacional,2023-08-26,2,2,F,E,2023,8
Liverpool,Danubio,2023-08-26,1,0,F,L,2023,8
Plaza Colonia,River Plate,2023-08-26,0,1,F,V,2023,8
CA Cerro,Boston River,2023-08-27,1,2,F,V,2023,8
CA Penarol,La Luz Football Club,2023-08-27,2,2,F,E,2023,8
Racing Club,Deportivo Maldonado,2023-08-27,1,1,F,E,2023,8
Boston River,CA Penarol,2023-09-02,0,1,F,V,2023,9
Danubio,Cerro Largo FC,2023-09-02,2,0,F,L,2023,9
Montevideo Wanderers,Torque FC,2023-09-02,2,1,F,L,2023,9
CA Fenix,Liverpool,2023-09-03,1,0,F,L,2023,9
La Luz Football Club,Defensor Sporting,2023-09-03,1,1,F,E,2023,9
Nacional,Plaza Colonia,2023-09-03,0,0,F,E,2023,9
River Plate,Racing Club,2023-09-03,0,0,F,E,2023,9
Deportivo Maldonado,CA Cerro,2023-09-04,2,1,F,L,2023,9
Racing Club,Nacional,2023-10-06,1,2,F,V,2023,10
CA Penarol,Defensor Sporting,2023-10-07,2,1,F,L,2023,10
Cerro Largo FC,CA Fenix,2023-10-07,1,0,F,L,2023,10
Liverpool,Montevideo Wanderers,2023-10-07,2,1,F,L,2023,10
Torque FC,La Luz Football Club,2023-10-07,1,0,F,L,2023,10
Boston River,Deportivo Maldonado,2023-10-08,2,0,F,L,2023,10
CA Cerro,River Plate,2023-10-08,1,0,F,L,2023,10
Plaza Colonia,Danubio,2023-10-08,1,0,F,L,2023,10
CA Fenix,Plaza Colonia,2023-10-13,1,4,F,V,2023,10
Defensor Sporting,Torque FC,2023-10-13,2,0,F,L,2023,10
Danubio,Racing Club,2023-10-14,0,2,F,V,2023,10
Deportivo Maldonado,CA Penarol,2023-10-14,0,1,F,V,2023,10
La Luz Football Club,Liverpool,2023-10-14,0,2,F,V,2023,10
Montevideo Wanderers,Cerro Largo FC,2023-10-15,1,1,F,E,2023,10
Nacional,CA Cerro,2023-10-15,2,1,F,L,2023,10
River Plate,Boston River,2023-10-15,2,1,F,L,2023,10
Cerro Largo FC,La Luz Football Club,2023-10-18,1,3,F,V,2023,10
Liverpool,Defensor Sporting,2023-10-18,2,0,F,L,2023,10
Plaza Colonia,Montevideo Wanderers,2023-10-18,1,0,F,L,2023,10
CA Cerro,Danubio,2023-10-19,1,1,F,E,2023,10
Deportivo Maldonado,River Plate,2023-10-19,0,0,F,E,2023,10
Racing Club,CA Fenix,2023-10-19,2,0,F,L,2023,10
Torque FC,CA Penarol,2023-10-19,2,3,F,V,2023,10
Boston River,Nacional,2023-10-20,2,0,F,L,2023,10
CA Fenix,CA Cerro,2023-10-22,1,1,F,E,2023,10
Defensor Sporting,Cerro Largo FC,2023-10-22,2,0,F,L,2023,10
River Plate,CA Penarol,2023-10-22,0,3,F,V,2023,10
La Luz Football Club,Plaza Colonia,2023-10-23,1,1,F,E,2023,10
Torque FC,Liverpool,2023-10-23,2,3,F,V,2023,10
Danubio,Boston River,2023-10-24,1,1,F,E,2023,10
Nacional,Deportivo Maldonado,2023-10-24,1,3,F,V,2023,10
Montevideo Wanderers,Racing Club,2023-10-25,1,2,F,V,2023,10
CA Cerro,Montevideo Wanderers,2023-11-03,0,1,F,V,2023,11
Boston River,CA Fenix,2023-11-04,1,1,F,E,2023,11
Cerro Largo FC,Torque FC,2023-11-04,1,2,F,V,2023,11
Plaza Colonia,Defensor Sporting,2023-11-05,0,2,F,V,2023,11
Racing Club,La Luz Football Club,2023-11-05,1,1,F,E,2023,11
River Plate,Nacional,2023-11-05,0,3,F,V,2023,11
CA Penarol,Liverpool,2023-11-06,0,1,F,V,2023,11
Deportivo Maldonado,Danubio,2023-11-06,1,2,F,V,2023,11
Liverpool,Cerro Largo FC,2023-11-10,3,0,F,L,2023,11
Torque FC,Plaza Colonia,2023-11-10,2,2,F,E,2023,11
Danubio,River Plate,2023-11-11,0,0,F,E,2023,11
Defensor Sporting,Racing Club,2023-11-11,3,0,F,L,2023,11
La Luz Football Club,CA Cerro,2023-11-11,1,2,F,V,2023,11
Nacional,CA Penarol,2023-11-11,2,2,F,E,2023,11
CA Fenix,Deportivo Maldonado,2023-11-12,1,0,F,L,2023,11
Montevideo Wanderers,Boston River,2023-11-12,0,2,F,V,2023,11
Plaza Colonia,Liverpool,2023-11-14,0,0,F,E,2023,11
Racing Club,Torque FC,2023-11-14,1,0,F,L,2023,11
CA Cerro,Defensor Sporting,2023-11-15,1,1,F,E,2023,11
CA Penarol,Cerro Largo FC,2023-11-15,1,1,F,E,2023,11
Deportivo Maldonado,Montevideo Wanderers,2023-11-15,3,0,F,L,2023,11
Boston River,La Luz Football Club,2023-11-16,1,2,F,V,2023,11
Nacional,Danubio,2023-11-16,1,3,F,V,2023,11
River Plate,CA Fenix,2023-11-16,1,0,F,L,2023,11
Cerro Largo FC,Plaza Colonia,2023-11-18,4,0,F,L,2023,11
Torque FC,CA Cerro,2023-11-18,1,0,F,L,2023,11
Danubio,CA Penarol,2023-11-19,2,1,F,L,2023,11
Deportivo Maldonado,La Luz Football Club,2023-11-19,1,0,F,L,2023,11
Liverpool,Racing Club,2023-11-19,2,3,F,V,2023,11
CA Fenix,Nacional,2023-11-20,1,1,F,E,2023,11
Defensor Sporting,Boston River,2023-11-20,2,0,F,L,2023,11
Montevideo Wanderers,River Plate,2023-11-20,2,1,F,L,2023,11
Boston River,Torque FC,2023-11-24,2,0,F,L,2023,11
CA Cerro,Liverpool,2023-11-24,0,1,F,V,2023,11
CA Penarol,Plaza Colonia,2023-11-25,0,0,F,E,2023,11
Danubio,CA Fenix,2023-11-25,0,0,F,E,2023,11
Deportivo Maldonado,Defensor Sporting,2023-11-25,2,1,F,L,2023,11
Racing Club,Cerro Largo FC,2023-11-25,1,0,F,L,2023,11
Nacional,Montevideo Wanderers,2023-11-26,3,1,F,L,2023,11
River Plate,La Luz Football Club,2023-11-26,1,0,F,L,2023,11
CA Fenix,CA Penarol,2023-11-28,0,1,F,V,2023,11
Plaza Colonia,Racing Club,2023-11-28,0,1,F,V,2023,11
Liverpool,Boston River,2023-11-29,2,0,F,L,2023,11
Montevideo Wanderers,Danubio,2023-11-29,3,0,F,L,2023,11
Torque FC,Deportivo Maldonado,2023-11-29,5,1,F,L,2023,11
Cerro Largo FC,CA Cerro,2023-11-30,0,0,F,E,2023,11
Defensor Sporting,River Plate,2023-11-30,0,1,F,V,2023,11
La Luz Football Club,Nacional,2023-12-01,0,1,F,V,2023,12
CA Fenix,Montevideo Wanderers,2023-12-02,1,1,F,E,2023,12
CA Penarol,Racing Club,2023-12-02,1,1,F,E,2023,12
River Plate,Torque FC,2023-12-02,1,2,F,V,2023,12
Boston River,Cerro Largo FC,2023-12-03,0,1,F,V,2023,12
Danubio,La Luz Football Club,2023-12-03,2,1,F,L,2023,12
Deportivo Maldonado,Liverpool,2023-12-03,0,2,F,V,2023,12
CA Cerro,Plaza Colonia,2023-12-04,1,1,F,E,2023,12
Nacional,Defensor Sporting,2023-12-05,1,0,F,L,2023,12
Cerro Largo FC,Deportivo Maldonado,2023-12-06,2,0,F,L,2023,12
Liverpool,River Plate,2023-12-06,2,1,F,L,2023,12
Montevideo Wanderers,CA Penarol,2023-12-06,0,0,F,E,2023,12
Defensor Sporting,Danubio,2023-12-07,0,2,F,V,2023,12
La Luz Football Club,CA Fenix,2023-12-07,0,2,F,V,2023,12
Nacional,Torque FC,2023-12-07,1,1,F,E,2023,12
Racing Club,CA Cerro,2023-12-07,0,1,F,V,2023,12
Plaza Colonia,Boston River,2023-12-08,3,2,F,L,2023,12
Liverpool,CA Penarol,2023-12-09,0,1,F,V,2023,12
Liverpool,CA Penarol,2023-12-13,2,0,F,L,2023,12
CA Penarol,Liverpool,2023-12-16,0,1,F,V,2023,12
