date,home,away,winner,model,joint_log_E,log_probability_E,joint_log_L,log_probability_L,joint_log_V,log_probability_V
2024-02-17,CA Fenix,Danubio,V,NB propio,-11.891996086515782,-1.5677271107220871,-12.726818909878425,-2.40254993408473,-10.679524223665483,-0.3552552478717885
2024-02-17,Miramar Misiones,CA Progreso,V,NB propio,-12.238749012391773,-1.375532424117667,-12.501786845190008,-1.6385702569159015,-11.455546229702207,-0.5923296414281012
2024-02-17,Nacional,River Plate,L,NB propio,-12.937073718546056,-2.421669511695441,-10.62909625686277,-0.11369205001215477,-14.494959792775598,-3.9795555859249827
2024-02-18,CA Cerro,Montevideo Wanderers,E,NB propio,-11.86161900768113,-1.186936665699946,-11.741762529995766,-1.0670801880145824,-11.722124802173383,-1.0474424601921992
2024-02-18,Deportivo Maldonado,Boston River,V,NB propio,-12.492574364760952,-1.143259508031326,-12.086587938487305,-0.7372730817576798,-12.944825248651718,-1.595510391922092
2024-02-18,Racing Club,Liverpool,E,NB propio,-12.533277099423065,-1.525061268175909,-12.035045766834147,-1.0268299355869903,-11.865643999623103,-0.8574281683759466
2024-02-19,Cerro Largo FC,CA Penarol,V,NB propio,-12.18230381856382,-1.4920318422535654,-11.079946426636507,-0.38967445032625214,-13.015026247402497,-2.3247542710922424
2024-02-23,River Plate,Deportivo Maldonado,L,NB propio,-12.318211534272637,-0.9674207233466969,-12.167434563768952,-0.8166437528430119,-13.076618704706274,-1.725827893780334
2024-02-24,Boston River,Danubio,E,NB propio,-12.363490110751183,-1.5320535867525802,-13.00351011216938,-2.172073588170777,-11.23196267934176,-0.40052615534315805
2024-02-24,Montevideo Wanderers,Racing Club,V,NB propio,-11.639852428881188,-0.9141251592027153,-12.043981271341838,-1.318254001663366,-11.829762118482991,-1.1040348488045186
2024-02-25,CA Penarol,Miramar Misiones,L,NB propio,-12.671952726526648,-1.7798077189375583,-11.116425831259289,-0.22428082367019897,-14.326731934941,-3.4345869273519103
2024-02-25,Cerro Largo FC,CA Fenix,E,NB propio,-11.980566863478401,-1.060025277251766,-11.508613309675987,-0.5880717234493513,-13.241741517824389,-2.3211999315977536
2024-02-25,Defensor Sporting,CA Cerro,L,NB propio,-11.963362172504638,-1.2155428596208395,-11.246269250093647,-0.4984499372098483,-13.091440334425625,-2.3436210215418267
2024-02-25,Liverpool,Nacional,E,NB propio,-12.544886861394849,-1.6109988441242233,-12.725303254120385,-1.79141523684976,-11.390244562297976,-0.4563565450273508
2024-03-01,CA Cerro,CA Progreso,V,NB propio,-11.90742204294122,-1.7649283778522395,-13.206194883157796,-3.0637012180688146,-10.3882836240726,-0.2457899589836181
2024-03-01,Miramar Misiones,Cerro Largo FC,V,NB propio,-12.245776155582282,-1.2186122496722298,-12.780281370574464,-1.7531174646644114,-11.659918416192202,-0.6327545102821492
2024-03-02,Racing Club,Defensor Sporting,V,NB propio,-12.184527004055653,-1.1889834682684857,-11.806415004129537,-0.8108714683423699,-12.377850765081478,-1.3823072292943106
2024-03-02,River Plate,Danubio,L,NB propio,-12.21114019371462,-1.1646037091532584,-12.457988434893885,-1.4114519503325234,-11.858096447955036,-0.811559963393675
2024-03-03,CA Fenix,Boston River,V,NB propio,-11.942595800053214,-1.0978652133865694,-12.434203143499083,-1.5894725568324386,-11.616089395632613,-0.7713588089659691
2024-03-03,Liverpool,Deportivo Maldonado,V,NB propio,-12.303694618067192,-1.4708867865136064,-11.160889933744011,-0.3280821021904252,-13.829051425759953,-2.9962435942063674
2024-03-03,Nacional,Montevideo Wanderers,L,NB propio,-12.4926916185019,-2.5790482487202446,-10.004898147643532,-0.0912547778618773,-14.390532940791743,-4.476889571010089
2024-03-04,Rampla Juniors Futbol Club,CA Penarol,V,NB propio,-12.297962588373537,-1.32379744438283,-12.79714603996663,-1.822980895975924,-11.532198179289859,-0.558033035299152
2024-03-09,CA Penarol,CA Cerro,L,NB propio,-12.65806041490867,-2.9347240618729966,-9.782286758389196,-0.058950405353522584,-15.219837778292316,-5.496501425256643
2024-03-09,Miramar Misiones,CA Fenix,E,NB propio,-11.860196717848499,-0.9979391834231865,-12.66619934913911,-1.8039418147137969,-11.624298194461156,-0.7620406600358436
2024-03-09,River Plate,Boston River,V,NB propio,-12.383404085538288,-1.0654302889863345,-12.386592654204637,-1.0686188576526838,-12.482925081884032,-1.1649512853320783
2024-03-10,CA Progreso,Racing Club,L,NB propio,-12.090375183265714,-1.613099344201455,-10.770432217098087,-0.293156378033828,-13.380876451008506,-2.9036006119442472
2024-03-10,Defensor Sporting,Nacional,E,NB propio,-12.6899774623459,-1.5875403208707581,-12.382441324159307,-1.2800041826841664,-11.761113251756392,-0.6586761102812506
2024-03-10,Liverpool,Danubio,V,NB propio,-12.224965957791492,-1.2661118059477285,-12.366463231641875,-1.407609079798112,-11.706781506956698,-0.7479273551129353
2024-03-11,Cerro Largo FC,Rampla Juniors Futbol Club,L,NB propio,-12.271555644651336,-1.4698048373496295,-11.147452790919388,-0.34570198361768156,-13.577444043927068,-2.7756932366253615
2024-03-11,Montevideo Wanderers,Deportivo Maldonado,E,NB propio,-12.165100018130067,-0.8962566312524576,-12.662904918405955,-1.3940615315283456,-12.336422759595315,-1.0675793727177059
2024-03-15,Boston River,Liverpool,E,NB propio,-12.130658178644214,-1.7568485454148757,-10.610057183948172,-0.23624755071883285,-13.648544369568866,-3.2747347363395267
2024-03-16,CA Fenix,River Plate,E,NB propio,-11.967752473371043,-1.2813409612470075,-12.873729478532674,-2.1873179664086386,-11.18051445765161,-0.4941029455275743
2024-03-16,Racing Club,CA Penarol,V,NB propio,-11.887433421144292,-2.3351848335085172,-13.522947561243274,-3.970698973607499,-9.675154161698519,-0.12290557406274338
2024-03-23,Nacional,CA Progreso,E,NB propio,-12.711006634403423,-1.7448720395510726,-11.391806445839796,-0.4256718509874453,-12.726383971618318,-1.7602493767659677
2024-03-23,Rampla Juniors Futbol Club,Miramar Misiones,E,NB propio,-12.118560618849653,-0.8756356678577717,-12.163372280183296,-0.9204473291914148,-12.929988946820856,-1.687063995828975
2024-03-24,CA Cerro,Cerro Largo FC,E,NB propio,-12.197288116249704,-2.1968829843383837,-13.88482385982233,-3.88441872791101,-10.141633324463491,-0.14122819255217145
2024-03-24,Danubio,Montevideo Wanderers,V,NB propio,-12.475844474304287,-2.166323732660894,-10.446387720065106,-0.13686697842171291,-14.628336853263384,-4.3188161116199915
2024-03-24,Deportivo Maldonado,Defensor Sporting,L,NB propio,-12.041674348471894,-1.4675167160835656,-13.045551722594793,-2.4713940902064646,-10.952441793027475,-0.37828416063914716
2024-03-27,CA Progreso,Rampla Juniors Futbol Club,L,NB propio,-12.628194391340847,-1.8546002872950673,-10.991909397340605,-0.21831529329482535,-14.002203084650105,-3.228608980604326
2024-03-29,CA Penarol,Nacional,E,NB propio,-12.583188212761586,-1.87005757633076,-10.97733234475025,-0.26420170831942436,-13.263324078566267,-2.5501934421354413
2024-03-29,Cerro Largo FC,Racing Club,V,NB propio,-11.89672627004941,-1.3800488774501236,-10.892457560450428,-0.37578016785114166,-13.302465545179833,-2.7857881525805475
2024-03-30,Defensor Sporting,Danubio,L,NB propio,-12.596123642885178,-1.6267580747721162,-11.26089111270377,-0.29152554459070856,-13.846226017572393,-2.876860449459331
2024-03-30,Liverpool,River Plate,E,NB propio,-11.947812471967215,-0.8492998387406043,-12.490958496180543,-1.3924458629539327,-12.226083630209887,-1.1275709969832768
2024-03-30,Rampla Juniors Futbol Club,CA Fenix,L,NB propio,-12.091244205395558,-0.9412595978994389,-11.913896084784724,-0.7639114772886053,-13.08776579718736,-1.9377811896912416
2024-03-31,CA Progreso,Deportivo Maldonado,L,NB propio,-12.526245674621261,-1.5906629888486155,-11.252653160451356,-0.31707047467870986,-13.624858496773923,-2.689275811001277
2024-03-31,Miramar Misiones,CA Cerro,E,NB propio,-12.270910535886213,-0.9604716624731893,-12.708893957458791,-1.398455084045768,-12.303855178207577,-0.9934163047945539
2024-04-01,Montevideo Wanderers,Boston River,V,NB propio,-11.751800218119454,-1.6523345891901027,-12.93387973097154,-2.8344141020421887,-10.387621164002994,-0.288155535073642
2024-04-06,Boston River,Defensor Sporting,E,NB propio,-12.620099494081982,-1.6533568381287775,-12.374203371906892,-1.4074607159536878,-11.539745730957922,-0.573003075004717
2024-04-06,Danubio,CA Progreso,E,NB propio,-11.890705328929497,-1.8171925639004485,-13.249741036154035,-3.1762282711249856,-10.301950390381403,-0.22843762535235435
2024-04-06,Nacional,Cerro Largo FC,L,NB propio,-11.83680715052295,-1.1913873310444174,-11.637765431209257,-0.9923456117307232,-11.76782996064444,-1.122410141165906
2024-04-06,Racing Club,Miramar Misiones,E,NB propio,-12.077156269330073,-1.0389023789047993,-11.738715812303406,-0.7004619218781318,-12.936700270676088,-1.8984463802508138
2024-04-06,River Plate,Montevideo Wanderers,L,NB propio,-12.083934225405903,-1.5238298621500377,-10.864964715148462,-0.3048603518925965,-13.663470223012684,-3.103365859756819
2024-04-07,CA Cerro,Rampla Juniors Futbol Club,L,NB propio,-12.118560618849653,-0.8756356678577717,-12.163372280183296,-0.9204473291914148,-12.929988946820856,-1.687063995828975
2024-04-07,CA Fenix,Liverpool,V,NB propio,-11.928080755707953,-0.9443264321604712,-12.464071650574503,-1.4803173270270218,-11.94218804030512,-0.9584337167576393
2024-04-07,Deportivo Maldonado,CA Penarol,V,NB propio,-12.155883766730126,-2.165199477018099,-13.460167391942441,-3.4694831022304147,-10.148344648318723,-0.15766035860669625
2024-04-13,CA Cerro,CA Fenix,E,NB propio,-11.919786657280715,-1.1445726455840433,-11.274616715704713,-0.4994027040080411,-13.368860045894532,-2.59364603419786
2024-04-13,CA Progreso,Boston River,L,NB propio,-12.533277099423065,-1.525061268175909,-12.035045766834147,-1.0268299355869903,-11.865643999623103,-0.8574281683759466
2024-04-14,CA Penarol,Danubio,L,NB propio,-12.841283282211391,-2.890762341187811,-10.012849245160757,-0.062328304137176715,-15.270722165645527,-5.320201224621947
2024-04-14,Defensor Sporting,River Plate,L,NB propio,-12.29637801319455,-1.4151765529382931,-11.42724939641888,-0.5460479361626227,-12.607831790279771,-1.7266303300235144
2024-04-14,Deportivo Maldonado,Cerro Largo FC,V,NB propio,-12.148852341928322,-1.0515674149227419,-12.677774785559656,-1.5804898585540759,-11.907559145469547,-0.8102742184639666
2024-04-14,Rampla Juniors Futbol Club,Racing Club,V,NB propio,-11.89106966811466,-0.8305858115064808,-12.351240158635175,-1.2907563020269954,-12.301316350427646,-1.2408324938194664
2024-04-16,Montevideo Wanderers,Liverpool,V,NB propio,-11.70784680081194,-0.8078222348714288,-12.120677671863614,-1.2206531059231036,-12.250431963074432,-1.350407397133921
2024-04-17,Miramar Misiones,Nacional,V,NB propio,-11.976802188138533,-1.6953782748680304,-13.284467897311405,-3.003043984040902,-10.546908240697704,-0.26548432742720074
2024-04-19,Liverpool,Defensor Sporting,E,NB propio,-11.9942423065471,-1.1967504923001062,-11.694455939903388,-0.8969641256563943,-12.035298470351213,-1.237806656104219
2024-04-19,Racing Club,CA Cerro,E,NB propio,-11.666442451292358,-0.926159216112115,-11.696021203983722,-0.9557379688034793,-12.257143286929663,-1.5168600517494202
2024-04-20,Boston River,CA Penarol,V,NB propio,-12.457634748154378,-1.7012469488405149,-12.531241631169555,-1.7748538318556921,-11.190196972062537,-0.43380917274867414
2024-04-20,Danubio,Cerro Largo FC,E,NB propio,-11.883673904127694,-0.8734723001578928,-12.46734842977125,-1.4571468258014484,-12.061164887532223,-1.0509632835624227
2024-04-20,Nacional,Rampla Juniors Futbol Club,L,NB propio,-12.719101531662288,-2.7792978860361046,-10.009512471273508,-0.06970882564732506,-15.188841325310502,-5.249037679684319
2024-04-21,CA Fenix,Montevideo Wanderers,V,NB propio,-12.270910535886213,-0.9604716624731893,-12.708893957458791,-1.398455084045768,-12.303855178207577,-0.9934163047945539
2024-04-21,Deportivo Maldonado,Miramar Misiones,V,NB propio,-11.937011335111912,-0.9644678626300962,-11.824334938391928,-0.8517914659101127,-12.621949094491994,-1.6494056220101783
2024-04-21,River Plate,CA Progreso,E,NB propio,-11.532039825458165,-1.6168268023120635,-12.637954512375991,-2.7227414892298896,-10.222039961255724,-0.3068269381096229
2024-04-24,Rampla Juniors Futbol Club,Defensor Sporting,L,NB propio,-12.028868699990852,-1.2384720843513684,-12.99286350493822,-2.202466889298737,-11.301817194159382,-0.511420578519898
2024-04-27,Cerro Largo FC,Boston River,L,NB propio,-11.17596030395973,-0.865002833823663,-11.712498567712679,-1.4015410975766116,-11.411374143975948,-1.1004166738398808
2024-04-27,Rampla Juniors Futbol Club,Deportivo Maldonado,E,NB propio,-12.546902506337883,-1.1981578710576333,-11.823623070181924,-0.47487843490167414,-13.921960961640416,-2.573216326360166
2024-04-28,CA Cerro,Nacional,V,NB propio,-11.9629680664178,-1.8391876508000866,-12.98015854363832,-2.856378128020607,-10.36766642472892,-0.2438860091112076
2024-04-28,CA Progreso,Liverpool,L,NB propio,-12.529990863793435,-1.4719018007332387,-11.679423456229559,-0.6213343931693629,-12.5135865257702,-1.4554974627100048
2024-04-28,Miramar Misiones,Danubio,V,NB propio,-11.912245032414882,-0.9413423097668048,-12.097107433680748,-1.1262047110326705,-12.223944749081898,-1.2530420264338211
2024-04-29,Defensor Sporting,Montevideo Wanderers,E,NB propio,-12.230575706467512,-1.3673143630628264,-11.280425375234294,-0.4171640318296088,-13.313223458383723,-2.449962114979037
2024-04-29,Racing Club,CA Fenix,L,NB propio,-12.149461747783546,-1.4436810772179651,-11.071328787351211,-0.3655481167856305,-13.363234723064586,-2.6574540524990056
2024-04-30,CA Penarol,River Plate,L,NB propio,-12.430569464173676,-2.5513905012336693,-9.970154636841073,-0.09097567390106676,-14.591165181899106,-4.711986218959099
2024-05-03,Danubio,Rampla Juniors Futbol Club,E,NB propio,-11.54013472271703,-0.973611954791826,-11.255660537809703,-0.6891377698844998,-12.684497314947908,-2.1179745470227047
2024-05-03,Liverpool,CA Penarol,E,NB propio,-12.382422115467241,-1.6923481864615812,-12.882341513383048,-2.1922675843773884,-11.040695803402592,-0.35062187439693204
2024-05-04,Boston River,Miramar Misiones,L,NB propio,-11.553613930528293,-0.8813137413016747,-12.031116525470814,-1.358816336244196,-11.784615260379065,-1.1123150711524463
2024-05-04,Montevideo Wanderers,CA Progreso,L,NB propio,-12.270357263493183,-1.6053706815947422,-13.268697214049045,-2.6037106321506034,-10.986313121328024,-0.3213265394295828
2024-05-04,Nacional,Racing Club,L,NB propio,-12.802837617314195,-1.983243091803427,-11.058047509908706,-0.23845298439793794,-13.416120165402631,-2.5965256398918637
2024-05-05,CA Fenix,Defensor Sporting,V,NB propio,-11.733091327811081,-0.9251278366970759,-12.487416777216275,-1.6794532861022695,-11.682528544565974,-0.8745650534519687
2024-05-05,Deportivo Maldonado,CA Cerro,L,NB propio,-11.9551050240417,-0.994602374841838,-12.245191247318195,-1.2846885981183327,-12.000677831657967,-1.0401751824581051
2024-05-05,River Plate,Cerro Largo FC,V,NB propio,-11.684899942558758,-0.9379514190315561,-11.578592865292666,-0.8316443417654646,-12.500035986605903,-1.7530874630787014
2024-05-11,CA Cerro,Danubio,L,NB propio,-11.308898301962103,-0.8107341034650979,-11.669266181235482,-1.1711019827384774,-11.902853615388397,-1.404689416891392
2024-05-11,CA Penarol,Montevideo Wanderers,L,NB propio,-12.866439955529223,-2.5111381655587213,-10.452375580194346,-0.09707379022384366,-14.835147227664526,-4.479845437694024
2024-05-11,Miramar Misiones,River Plate,E,NB propio,-12.143805145848795,-0.9096537136903855,-12.530111385535957,-1.2959599533775474,-12.362085528312395,-1.1279340961539859
2024-05-11,Nacional,CA Fenix,V,NB propio,-12.881566277589892,-3.0795503133048943,-9.852474212010845,-0.05045824772584773,-15.538390084205886,-5.736374119920889
2024-05-11,Racing Club,Deportivo Maldonado,V,NB propio,-11.95751688531152,-1.2090384081075172,-11.275106417508521,-0.5266279403045182,-12.947400125479623,-2.19892164827562
2024-05-12,CA Progreso,Defensor Sporting,V,NB propio,-12.202897668847902,-1.3249053914446147,-12.289715541048102,-1.4117232636448147,-11.590426318923349,-0.7124340415200621
2024-05-12,Liverpool,Cerro Largo FC,L,NB propio,-12.384857499693888,-1.25740862537703,-12.08949419094134,-0.9620453166244811,-12.225563035156053,-1.098114160839195
2024-05-12,Rampla Juniors Futbol Club,Boston River,V,NB propio,-11.875233944821584,-0.8710424940530466,-11.98427594174142,-0.9800844909728816,-12.583073059204423,-1.5788816084358857
2024-05-18,CA Fenix,CA Progreso,L,NB propio,-12.271181712718187,-1.0804004051335934,-12.846550399749749,-1.6557690921651549,-11.946665373205711,-0.7558840656211174
2024-05-18,Defensor Sporting,CA Penarol,V,NB propio,-12.637937487159943,-1.6110078762412474,-12.007933091613081,-0.981003480694385,-11.881704174753786,-0.8547745638350897
2024-05-18,River Plate,Rampla Juniors Futbol Club,V,NB propio,-11.762116758166057,-0.8700184468494552,-12.136417213038845,-1.2443189017222434,-12.119957169494835,-1.2278588581782337
2024-05-19,Boston River,CA Cerro,L,NB propio,-11.982710348922055,-1.0301708021759328,-11.773640073235779,-0.8211005264896567,-12.546562889619802,-1.5940233428736796
2024-05-19,Danubio,Racing Club,V,NB propio,-11.684899942558758,-0.9379514190315561,-11.578592865292666,-0.8316443417654646,-12.500035986605903,-1.7530874630787014
2024-05-19,Montevideo Wanderers,Cerro Largo FC,L,NB propio,-12.092791628579127,-1.1863297759868718,-12.460955997297983,-1.5544941447057283,-11.633447380020286,-0.726985527428031
2024-05-20,Liverpool,Miramar Misiones,L,NB propio,-11.959588771766475,-1.2460359549728803,-11.157843507554428,-0.44429069076083394,-13.357526693621576,-2.6439738768279817
2024-05-21,Deportivo Maldonado,Nacional,V,NB propio,-12.280229220369554,-2.030841980937703,-13.167288599536475,-2.917901360104624,-10.45428817770983,-0.20490093827798006
2024-05-24,CA Penarol,CA Progreso,L,NB propio,-12.911917045228224,-2.7941565275052564,-10.18956992182918,-0.07180940410621339,-14.930534730756598,-4.812774213033631
2024-05-24,Racing Club,Boston River,V,NB propio,-12.134044607780403,-1.7720771968065154,-13.265048847990073,-2.9030814370161853,-10.616644807986445,-0.2546773970125571
2024-05-25,Liverpool,Rampla Juniors Futbol Club,V,NB propio,-11.861385244219063,-1.1014948502798045,-11.845357566443386,-1.0854671725041278,-11.868910134741672,-1.1090197408024132
2024-05-25,Miramar Misiones,Montevideo Wanderers,L,NB propio,-12.192181875610514,-2.15714637939314,-13.914467255356655,-3.8794317591392815,-10.181585259404322,-0.14654976318694857
2024-05-25,Nacional,Danubio,L,NB propio,-12.470852459552177,-2.734591516204107,-9.809779603691162,-0.07351866034309218,-14.858833100459465,-5.122572157111396
2024-05-26,CA Cerro,River Plate,L,NB propio,-12.118560618849653,-0.8756356678577717,-12.163372280183296,-0.9204473291914148,-12.929988946820856,-1.687063995828975
2024-05-26,Defensor Sporting,Cerro Largo FC,L,NB propio,-12.756015184787575,-1.9577319552138412,-10.983922072003235,-0.18563884242950124,-14.365007545771748,-3.566724316198014
2024-05-26,Deportivo Maldonado,CA Fenix,V,NB propio,-12.189135337306823,-1.0058308471182507,-12.517399752409744,-1.3340952622211724,-12.175227064029906,-0.9919225738413342
2024-06-01,Montevideo Wanderers,Rampla Juniors Futbol Club,L,NB propio,-11.873142224026518,-1.1258722754493924,-12.380240832139526,-1.6329708835624004,-11.480651293183918,-0.7333813446067925
2024-06-02,CA Fenix,CA Penarol,V,NB propio,-12.486068930133063,-1.9405767946050503,-13.2245461187291,-2.6790539832010865,-10.78406553295877,-0.23857339743075734
2024-06-02,Defensor Sporting,Miramar Misiones,L,NB propio,-12.881566277589892,-3.0795503133048943,-9.852474212010845,-0.05045824772584773,-15.538390084205886,-5.736374119920889
2024-06-02,River Plate,Racing Club,E,NB propio,-12.103434296788983,-0.8758529845203658,-12.763273648366798,-1.5356923360981813,-12.226746090279493,-0.9991647780108757
2024-06-03,Danubio,Deportivo Maldonado,E,NB propio,-12.034634866626131,-0.9536908914155333,-12.830116101253289,-1.7491721260426907,-11.90018536154471,-0.8192413863341113
2024-06-03,Liverpool,CA Cerro,V,NB propio,-12.223993375626753,-0.9983777543858601,-11.944385229832278,-0.7187696085913853,-13.162365510476032,-1.9367498892351396
2024-06-04,CA Progreso,Cerro Largo FC,V,NB propio,-12.265469324135033,-1.049134106950012,-12.751331371226051,-1.5349961540410302,-12.05034899027426,-0.8340137730892394
2024-06-05,Boston River,Nacional,V,NB propio,-12.620099494081982,-1.6533568381287775,-12.374203371906892,-1.4074607159536878,-11.539745730957922,-0.573003075004717
2024-06-08,Liverpool,Miramar Misiones,V,NB propio,-12.171520288854827,-1.3096102745758316,-11.25538269940012,-0.39347268512112343,-13.75571729882354,-2.893807284544545
2024-06-08,Montevideo Wanderers,CA Penarol,L,NB propio,-12.200781015094131,-1.6482170867014716,-12.722256827930801,-2.1696928995381413,-10.9187198301596,-0.36615590176693935
2024-06-08,Racing Club,CA Fenix,L,NB propio,-11.925882083668808,-1.6159987078089646,-13.119009398538449,-2.809126022678605,-10.60957024388259,-0.29968686802274647
2024-06-09,CA Cerro,Nacional,L,NB propio,-12.200781015094131,-1.6482170867014716,-12.722256827930801,-2.1696928995381413,-10.9187198301596,-0.36615590176693935
2024-06-09,CA Progreso,River Plate,L,NB propio,-12.353664793439183,-1.268309115439127,-11.535303357269267,-0.4499476792692114,-13.598271643680157,-2.512915965680101
2024-06-09,Cerro Largo FC,Danubio,E,NB propio,-12.01162874695243,-1.0676629051724227,-11.532351740100657,-0.5883858983206487,-13.236935770624186,-2.292969928844178
2024-06-09,Deportivo Maldonado,Defensor Sporting,V,NB propio,-12.069061372071209,-1.836842935451834,-13.121009786869696,-2.8887913502503206,-10.4742429169839,-0.24202448036452573
2024-06-11,Rampla Juniors Futbol Club,Boston River,E,NB propio,-12.003533849693566,-1.5727897787381018,-12.914645714666946,-2.483901643711482,-10.774478416932002,-0.3437343459765376
2024-06-15,Miramar Misiones,CA Cerro,L,NB propio,-12.305010396374582,-1.8704570557630316,-13.579371933869563,-3.1448185932580124,-10.65411328595492,-0.2195599453433701
2024-06-15,Nacional,Liverpool,L,NB propio,-12.96958545262479,-2.5072044782519356,-10.557386494148432,-0.0950055197755777,-15.157876294666629,-4.695495320293775
2024-06-15,River Plate,Deportivo Maldonado,E,NB propio,-12.205383013508568,-0.8813355657006436,-12.502529885256042,-1.1784824374481175,-12.604090678155675,-1.2800432303477507
2024-06-16,CA Fenix,Montevideo Wanderers,L,NB propio,-12.517941461805936,-1.3394319571457949,-12.559828105702337,-1.3813186010421958,-11.898496656906525,-0.7199871522463841
2024-06-16,CA Penarol,Racing Club,E,NB propio,-12.866439955529223,-2.5111381655587213,-10.452375580194346,-0.09707379022384366,-14.835147227664526,-4.479845437694024
2024-06-16,Danubio,Rampla Juniors Futbol Club,L,NB propio,-12.143717292167484,-0.8484391947852146,-12.602898615216887,-1.3076205178346179,-12.494414008839852,-1.1991359114575832
2024-06-16,Defensor Sporting,CA Progreso,E,NB propio,-12.752025503325827,-2.3997715792996317,-10.46653896252972,-0.11428503850352456,-14.411753202557243,-4.059499278531048
2024-06-17,Boston River,Cerro Largo FC,V,NB propio,-12.660980543205826,-2.2532141215233192,-10.536157784717231,-0.12839136303472465,-14.579214962954282,-4.171448541271776
2024-06-22,CA Cerro,Danubio,E,NB propio,-11.835685153295792,-1.4922477644934666,-10.665231847566115,-0.3217944587637902,-13.333461998161647,-2.990024609359322
2024-06-22,CA Progreso,CA Penarol,V,NB propio,-12.272500748936837,-2.144286943774155,-13.533723977608837,-3.4055101724461547,-10.29113449312344,-0.16292068796075831
2024-06-22,Deportivo Maldonado,CA Fenix,V,NB propio,-12.232464870989014,-1.969527363870446,-13.754092222206744,-3.491154715088175,-10.449253177964682,-0.18631567084611333
2024-06-22,Racing Club,Defensor Sporting,V,NB propio,-12.10384379154417,-2.03329151750485,-13.085659159396213,-3.015106885356893,-10.268935571316117,-0.1983832972767967
2024-06-23,Cerro Largo FC,Nacional,V,NB propio,-12.09035624435248,-1.8682174757148484,-13.253803319739692,-3.031664551102061,-10.44858014826682,-0.22644137962918975
2024-06-23,Liverpool,Boston River,L,NB propio,-12.174068059805816,-1.0289071053518342,-12.939994325035222,-1.794833370581241,-11.886558655390564,-0.7413977009365826
2024-06-23,Montevideo Wanderers,River Plate,V,NB propio,-12.208875912352996,-1.3067021274374824,-11.339962853364513,-0.4377890684489998,-13.381177183851783,-2.4790033989362694
2024-06-23,Rampla Juniors Futbol Club,Miramar Misiones,V,NB propio,-12.171104315766797,-1.0187304768878107,-12.678356679491788,-1.5259828406128015,-12.016215132796278,-0.8638412939172913
2024-07-06,Boston River,CA Cerro,L,NB propio,-11.885599088290308,-1.780024266880254,-13.27938443168836,-3.1738096102783064,-10.34190232532223,-0.23632750391217705
2024-07-06,CA Penarol,Deportivo Maldonado,E,NB propio,-12.881566277589892,-3.0795503133048943,-9.852474212010845,-0.05045824772584773,-15.538390084205886,-5.736374119920889
2024-07-06,Cerro Largo FC,Liverpool,L,NB propio,-12.126967576395696,-0.957895597824205,-11.965041925436825,-0.7959699468653341,-12.969930312133432,-1.8008583335619406
2024-07-07,CA Fenix,River Plate,L,NB propio,-11.988035070332351,-1.298185978880321,-11.210753524841614,-0.5209044333895836,-12.707328229548372,-2.0174791380963413
2024-07-07,CA Progreso,Racing Club,L,NB propio,-11.513330935149792,-0.9178654249821001,-12.191491558620726,-1.5960260484530338,-11.516947341818705,-0.9214818316510129
2024-07-07,Defensor Sporting,Montevideo Wanderers,E,NB propio,-12.89375636898332,-2.314541041601224,-10.701851775592916,-0.12263644821081954,-14.677370377298022,-4.098155049915926
2024-07-07,Nacional,Rampla Juniors Futbol Club,E,NB propio,-12.881566277589892,-3.0795503133048943,-9.852474212010845,-0.05045824772584773,-15.538390084205886,-5.736374119920889
2024-07-08,Miramar Misiones,Danubio,V,NB propio,-11.988035070332351,-1.298185978880321,-11.210753524841614,-0.5209044333895836,-12.707328229548372,-2.0174791380963413
2024-07-13,Boston River,Miramar Misiones,L,NB propio,-12.293379969592262,-1.0975844521890732,-12.385383078064848,-1.1895875606616588,-12.21196980310498,-1.0161742857017906
2024-07-13,Danubio,Nacional,V,NB propio,-12.162661722805952,-1.6636365120905658,-12.5864162947875,-2.087391084072113,-10.875114600655323,-0.3760893899399367
2024-07-13,Deportivo Maldonado,Racing Club,E,NB propio,-11.733091327811081,-0.9251278366970759,-12.487416777216275,-1.6794532861022695,-11.682528544565974,-0.8745650534519687
2024-07-13,Rampla Juniors Futbol Club,Liverpool,L,NB propio,-12.118560618849653,-0.8756356678577717,-12.163372280183296,-0.9204473291914148,-12.929988946820856,-1.687063995828975
2024-07-14,CA Cerro,Cerro Largo FC,V,NB propio,-12.122228776025352,-1.2167724906653046,-12.589085306712931,-1.6836290213528837,-11.56301127221458,-0.6575549868545316
2024-07-14,CA Fenix,Defensor Sporting,V,NB propio,-12.303831596452289,-1.584111800631737,-12.29658450265484,-1.5768647068342876,-11.250326128267787,-0.5306063324472348
2024-07-14,Montevideo Wanderers,CA Progreso,L,NB propio,-12.227027729810992,-1.0405863818614218,-12.032004744252045,-0.8455633963024756,-12.712287007393252,-1.5258456594436822
2024-07-14,River Plate,CA Penarol,V,NB propio,-11.757025591178436,-1.3210173350504366,-12.720234586232923,-2.2842263301049233,-10.896008496368525,-0.4600002402405252
2024-07-20,Cerro Largo FC,Rampla Juniors Futbol Club,V,NB propio,-11.87123124155876,-1.498432870489049,-10.681141599271548,-0.3083432282018368,-13.546299996969895,-3.173501625900183
2024-07-20,Defensor Sporting,River Plate,V,NB propio,-12.534466780331002,-2.4763527620856856,-10.156936098013347,-0.09882207976803059,-14.65860387817368,-4.600489859928365
2024-07-20,Nacional,Miramar Misiones,L,NB propio,-12.821281453742973,-2.26017924082001,-10.702553932806424,-0.14145171988346128,-14.152088243630713,-3.59098603070775
2024-07-20,Racing Club,Montevideo Wanderers,V,NB propio,-11.67735831769292,-1.0526224715169992,-12.4010835832687,-1.7763477370927792,-11.355120689793269,-0.7303848436173475
2024-07-21,Boston River,Danubio,V,NB propio,-12.460589435819129,-1.130004318809105,-12.28123735119008,-0.9506522341800565,-12.566808151986887,-1.236223034976863
2024-07-21,CA Penarol,CA Fenix,L,NB propio,-12.64037287138659,-1.7599313583480196,-11.215085769171369,-0.3346442561327976,-13.066571406507247,-2.186129893468676
2024-07-21,CA Progreso,Deportivo Maldonado,V,NB propio,-12.23704781123247,-1.2432719345039,-11.461746771602868,-0.46797089487429844,-13.455481798875443,-2.461705922146873
2024-07-21,Liverpool,CA Cerro,V,NB propio,-11.711592270831872,-0.8472181479539724,-11.894939906889714,-1.0305657840118148,-12.403403066240736,-1.5390289433628368
2024-07-27,CA Fenix,CA Progreso,E,NB propio,-12.271643498332653,-1.5302625885808627,-11.074665561238463,-0.3332846514866734,-13.445115563399611,-2.703734653647821
2024-07-27,CA Penarol,Defensor Sporting,L,NB propio,-12.791874358731093,-2.25908353829327,-10.681965436765768,-0.1491746163279455,-13.910218331544415,-3.3774275111065926
2024-07-27,Miramar Misiones,Cerro Largo FC,E,NB propio,-12.351970667587711,-1.3475015174218132,-13.317410937030704,-2.3129417868648066,-11.448974174357426,-0.44450502419152826
2024-07-27,Montevideo Wanderers,Deportivo Maldonado,L,NB propio,-11.687737323573632,-0.8956769488253951,-11.828814736853722,-1.0367543621054853,-12.231480518212583,-1.4394201434643463
2024-07-28,CA Cerro,Rampla Juniors Futbol Club,L,NB propio,-11.883673904127694,-0.8734723001578928,-12.46734842977125,-1.4571468258014484,-12.061164887532223,-1.0509632835624227
2024-07-28,Danubio,Liverpool,L,NB propio,-12.122053517694079,-1.4524625661344235,-11.000805248291766,-0.3312142967321101,-13.70707545251696,-3.037484500957305
2024-07-28,Nacional,Boston River,L,NB propio,-12.937073718546056,-2.421669511695441,-10.62909625686277,-0.11369205001215477,-14.494959792775598,-3.9795555859249827
2024-07-29,River Plate,Racing Club,E,NB propio,-12.191106144235219,-0.9607180329470442,-11.988651991846117,-0.7582638805579425,-13.134849054811095,-1.9044609435229205
2024-08-04,Nacional,CA Penarol,E,NB propio,-12.71357983842863,-1.7039418688771217,-11.511737227277669,-0.5020992577261598,-12.557151202314348,-1.5475132327628387
2024-08-17,CA Penarol,Cerro Largo FC,E,NB propio,-13.053647910885717,-2.706315992591719,-10.42488273489238,-0.07755081659838226,-15.196151905497377,-4.848819987203379
2024-08-17,Liverpool,Racing Club,E,NB propio,-12.078277623471152,-0.8501406890465724,-12.323747313333207,-1.0956103789086278,-12.662321028260497,-1.434184093835917
2024-08-17,Montevideo Wanderers,CA Cerro,L,NB propio,-12.231272649272839,-1.3501627768572995,-11.3078278240693,-0.42671795165376025,-13.309776125366708,-2.428666252951169
2024-08-18,Boston River,Deportivo Maldonado,L,NB propio,-12.055779496165535,-1.3132876417851946,-11.157513427462494,-0.4150215730821536,-13.391242686484334,-2.6487508321039943
2024-08-18,CA Progreso,Miramar Misiones,E,NB propio,-12.051150143224923,-0.9604883766256123,-12.412968738863244,-1.3223069722639327,-12.138273975460308,-1.047612208860997
2024-08-18,Danubio,CA Fenix,L,NB propio,-12.266818737535804,-1.348782115674922,-11.323737575774732,-0.4057009539138505,-13.522614124174956,-2.604577502314074
2024-08-18,River Plate,Nacional,E,NB propio,-12.310116637013769,-1.9082599205372137,-13.549728538335241,-3.1478718218586863,-10.61416135101409,-0.212304634537535
2024-08-19,Defensor Sporting,Rampla Juniors Futbol Club,V,NB propio,-12.631669731148147,-1.6324092246949888,-11.276800864409203,-0.27754035795604537,-14.05906401638064,-3.059803509927482
2024-09-07,CA Cerro,Defensor Sporting,E,NB propio,-11.941593953893186,-1.0095324685012539,-12.236097900293707,-1.3040364149017751,-11.942177470676869,-1.010115985284937
2024-09-07,Miramar Misiones,CA Penarol,V,NB propio,-12.262815638627346,-2.5195085433730604,-14.091187932025079,-4.347880836770793,-9.841397824515393,-0.09809072926110751
2024-09-07,Racing Club,Montevideo Wanderers,V,NB propio,-11.81679965812746,-1.9844622850777114,-13.34622688457485,-3.513889511525102,-10.015341596587447,-0.18300422353769896
2024-09-08,CA Fenix,Cerro Largo FC,L,NB propio,-11.804002066690373,-1.1850967294471815,-12.726581681876997,-2.1076763446338056,-11.176187926352943,-0.5572825891097519
2024-09-08,Danubio,Boston River,L,NB propio,-12.200781015094131,-1.6482170867014716,-12.722256827930801,-2.1696928995381413,-10.9187198301596,-0.36615590176693935
2024-09-08,Deportivo Maldonado,River Plate,V,NB propio,-11.41470881971825,-0.8647849555207845,-11.715255220288316,-1.1653313560908511,-11.870286034000655,-1.3203621698031895
2024-09-08,Nacional,Liverpool,L,NB propio,-12.881566277589892,-3.0795503133048943,-9.852474212010845,-0.05045824772584773,-15.538390084205886,-5.736374119920889
2024-09-08,Rampla Juniors Futbol Club,CA Progreso,L,NB propio,-11.671056704277863,-1.1230893548193794,-11.118485673121995,-0.5705183236635119,-12.75985055021018,-2.2118832007516964
2024-09-14,CA Progreso,CA Cerro,V,NB propio,-11.97104058545506,-1.2173469959074747,-12.868831045926367,-2.115137456378781,-11.292629227916404,-0.5389356383688177
2024-09-14,Cerro Largo FC,Miramar Misiones,V,NB propio,-11.626957117375946,-0.9217873528982512,-11.594818142882449,-0.889648378404754,-12.35859904628273,-1.6534292818050353
2024-09-14,Defensor Sporting,Racing Club,V,NB propio,-12.191137752266489,-1.673278069724379,-10.767172510828502,-0.24931282828639212,-13.928111708468949,-3.410252025926839
2024-09-15,CA Penarol,Rampla Juniors Futbol Club,L,NB propio,-12.802837617314195,-1.983243091803427,-11.058047509908706,-0.23845298439793794,-13.416120165402631,-2.5965256398918637
2024-09-15,Danubio,River Plate,L,NB propio,-12.002010831196944,-1.1529514585721437,-11.493200763228355,-0.6441413906035542,-12.686759053304778,-1.837699680679977
2024-09-15,Deportivo Maldonado,Liverpool,V,NB propio,-12.115288711064446,-0.9376243797477013,-12.436578805272536,-1.258914473955791,-12.303192718137971,-1.1255283868212267
2024-09-16,Montevideo Wanderers,Nacional,V,NB propio,-12.55457197170434,-1.5075188325757534,-12.167839299704143,-1.1207861605755571,-11.839981230906023,-0.7929280917774371
2024-09-17,Boston River,CA Fenix,L,NB propio,-12.35314117158127,-1.0996052640783898,-11.976709714705372,-0.7231738072024925,-12.958451954805863,-1.7049160473029836
2024-09-21,Deportivo Maldonado,Montevideo Wanderers,V,NB propio,-12.105359480951597,-1.8200974712639528,-13.57530965028391,-3.2900476405962653,-10.5074835280695,-0.2222215183818559
2024-09-21,Racing Club,CA Progreso,L,NB propio,-11.725270791618572,-1.0524053449395385,-11.345430602461827,-0.6725651557827934,-12.635375424638806,-1.9625099779597726
2024-09-21,Rampla Juniors Futbol Club,Cerro Largo FC,L,NB propio,-12.324214741796261,-1.1599664569090713,-11.772653038700682,-0.6084047538134918,-13.114171725361029,-1.9499234404738388
2024-09-22,Boston River,River Plate,L,NB propio,-12.273381480462636,-1.1102715443637052,-12.308730196492046,-1.145620260393116,-12.205803474154036,-1.0426935380551061
2024-09-22,CA Fenix,Miramar Misiones,E,NB propio,-11.900713427787181,-0.9768477226085857,-11.726654639468311,-0.8027889342897154,-12.66440146641127,-1.7405357612326746
2024-09-22,Danubio,Liverpool,L,NB propio,-12.246398971333507,-1.76273914134506,-10.707926455885799,-0.2242666258973518,-14.013018981908068,-3.5293591519196212
2024-09-22,Nacional,Defensor Sporting,E,NB propio,-12.841283282211391,-2.890762341187811,-10.012849245160757,-0.062328304137176715,-15.270722165645527,-5.320201224621947
2024-09-23,CA Cerro,CA Penarol,V,NB propio,-12.32512646873356,-1.590572312952709,-12.429378035524836,-1.6948238797439856,-11.224663359550707,-0.49010920376985645
2024-09-28,Cerro Largo FC,CA Cerro,L,NB propio,-12.04356544603009,-0.8954003069140697,-12.190379389070714,-1.042214249954693,-12.579946415731579,-1.431781276615558
2024-09-28,Miramar Misiones,Rampla Juniors Futbol Club,E,NB propio,-11.811677213189459,-1.55501473106513,-13.107562187626243,-2.8508997055019147,-10.569974989946365,-0.3133125078220367
2024-09-29,Defensor Sporting,Deportivo Maldonado,L,NB propio,-12.304522029473969,-1.4006800058075566,-11.273533553533484,-0.36969152986707243,-13.674460975016089,-2.770618951349677
2024-09-29,Liverpool,Boston River,E,NB propio,-12.110465721590787,-1.8576073317154425,-13.545666254749584,-3.2928078648742396,-10.467531593128669,-0.21467320325332473
2024-09-29,Montevideo Wanderers,Danubio,E,NB propio,-12.483938208687503,-1.3842627815212083,-11.99111862303572,-0.8914431958694244,-12.180168665794948,-1.0804932386286534
2024-09-29,River Plate,CA Fenix,L,NB propio,-11.551342521442788,-0.8986426592225065,-12.280738938494483,-1.6280390762742023,-11.577617806792821,-0.92491794457254
2024-09-30,CA Progreso,Nacional,V,NB propio,-11.983297383315845,-2.1044673335416206,-13.437578507570539,-3.558748457796314,-10.041802063131115,-0.1629720133568906
2024-10-01,CA Penarol,Racing Club,E,NB propio,-12.72124059571426,-2.3405794223645735,-10.505244760097344,-0.1245835867476579,-14.250405766433344,-3.8697445930836576
2024-10-04,River Plate,Liverpool,E,NB propio,-11.756536753736484,-0.8933220294714346,-11.761972283967228,-0.8987575597021795,-12.55804124694737,-1.6948265226823214
2024-10-05,Boston River,Montevideo Wanderers,L,NB propio,-12.54946573106515,-1.475954166222735,-12.197482695238469,-1.123971130396054,-11.87993316584685,-0.8064216010044358
2024-10-05,CA Cerro,Miramar Misiones,V,NB propio,-11.48808640815065,-0.817458887453677,-11.824752453268065,-1.1541249325710918,-12.084850760327166,-1.4142232396301928
2024-10-05,Danubio,Defensor Sporting,E,NB propio,-11.882224552576208,-1.2451254120484574,-11.164764485788776,-0.5276653452610258,-12.73989581093611,-2.1027966704083596
2024-10-05,Racing Club,Cerro Largo FC,E,NB propio,-11.797625343409123,-1.0333222376358204,-11.552075458209057,-0.7877723524357538,-12.428618597280268,-1.6643154915069651
2024-10-06,CA Fenix,Rampla Juniors Futbol Club,L,NB propio,-12.023651471242982,-1.2412052514159875,-12.807296847035452,-2.0248506272084583,-11.328984013189308,-0.5465377933623135
2024-10-06,Deportivo Maldonado,CA Progreso,E,NB propio,-12.303696687751192,-0.9606286906053914,-12.253142344835421,-0.9100743476896209,-12.88086705651175,-1.53779905936595
2024-10-06,Nacional,CA Penarol,L,NB propio,-12.71357983842863,-1.7039418688771217,-11.511737227277669,-0.5020992577261598,-12.557151202314348,-1.5475132327628387
2024-10-11,Liverpool,CA Fenix,V,NB propio,-11.74476879331765,-0.8479124094074955,-12.151487124588751,-1.2546307406785964,-12.146835661153814,-1.2499792772436589
2024-10-12,CA Penarol,Deportivo Maldonado,L,NB propio,-12.881566277589892,-3.0795503133048943,-9.852474212010845,-0.05045824772584773,-15.538390084205886,-5.736374119920889
2024-10-12,CA Progreso,Danubio,E,NB propio,-11.885599088290308,-1.780024266880254,-13.27938443168836,-3.1738096102783064,-10.34190232532223,-0.23632750391217705
2024-10-12,Defensor Sporting,Boston River,V,NB propio,-11.777870086841377,-1.565575644794455,-12.321010045022264,-2.1087156029753427,-10.613311663998871,-0.40101722195194967
2024-10-12,Rampla Juniors Futbol Club,CA Cerro,E,NB propio,-11.97134575157393,-0.9895220317119797,-11.69272677325057,-0.7109030533886198,-12.969267852063826,-1.987444132201876
2024-10-13,Cerro Largo FC,Nacional,V,NB propio,-11.82190589876665,-2.023138731683561,-13.316583489040525,-3.5178163219574365,-9.975389661646616,-0.17662249456352797
2024-10-13,Miramar Misiones,Racing Club,E,NB propio,-11.9516130069274,-1.2028518457135515,-12.356135732916425,-1.607374571702577,-11.443408607235755,-0.6946474460219072
2024-10-13,Montevideo Wanderers,River Plate,V,NB propio,-12.31081577028567,-0.9627232062864248,-12.283542834905026,-0.9354502709057808,-12.836467241810855,-1.4883746778116098
2024-10-15,Liverpool,Montevideo Wanderers,E,NB propio,-11.532404164643324,-0.839434069424355,-11.739453634857131,-1.046483539638162,-12.221405921301967,-1.5284358260829976
2024-10-16,Boston River,CA Progreso,L,NB propio,-12.587911395962346,-1.708375411259972,-11.152284430490516,-0.2727484457881424,-13.734535166089746,-2.854999181387372
2024-10-16,Danubio,CA Penarol,V,NB propio,-12.162661722805952,-1.6636365120905658,-12.5864162947875,-2.087391084072113,-10.875114600655323,-0.3760893899399367
2024-10-16,Racing Club,Rampla Juniors Futbol Club,L,NB propio,-11.885672889723823,-1.2450462607108435,-11.161516366879477,-0.5208897378664972,-12.777014498590656,-2.1363878695776766
2024-10-17,CA Fenix,CA Cerro,V,NB propio,-12.036873273951572,-0.9855066512223871,-11.899090845453319,-0.8477242227241337,-12.669032352115728,-1.6176657293865428
2024-10-17,Cerro Largo FC,Deportivo Maldonado,L,NB propio,-11.743178401366597,-0.9242419921503444,-11.595131909401491,-0.7761955001852385,-12.763745284003981,-1.9448088747877286
2024-10-17,River Plate,Defensor Sporting,V,NB propio,-11.803076153016896,-0.9095596771473904,-12.26150492218989,-1.3679884463203837,-11.96447505972183,-1.070958583852324
2024-10-18,Nacional,Miramar Misiones,L,NB propio,-12.783362750042484,-2.3708906191376258,-10.5399882708998,-0.12751613999494182,-14.049773525325982,-3.637301394421124
2024-10-19,CA Progreso,River Plate,L,NB propio,-12.149375963786238,-0.9510183287927081,-12.236368428123548,-1.0380107931300184,-12.54737883434384,-1.349021199350311
2024-10-20,CA Cerro,Racing Club,E,NB propio,-11.76031370326245,-1.2546029201390478,-12.715336153626616,-2.2096253705032147,-11.00812326663332,-0.502412483509918
2024-10-20,CA Penarol,Boston River,L,NB propio,-12.873471380331027,-1.9409272747128146,-11.234768186577133,-0.3022240809589203,-13.075932730513703,-2.14338862489549
2024-10-20,Cerro Largo FC,Danubio,E,NB propio,-11.560631933536214,-0.8741480994854722,-11.650032164930888,-0.9635483308801458,-12.289710868317405,-1.6032270342666628
2024-10-20,Rampla Juniors Futbol Club,Nacional,L,NB propio,-11.618862220117082,-1.9252484976187478,-12.977112117448737,-3.283498394950403,-9.896141692590547,-0.20252797009221268
2024-10-21,Miramar Misiones,Deportivo Maldonado,L,NB propio,-11.981044462577731,-0.9233861040858589,-12.030264980794255,-0.9726066223023828,-12.550505477816685,-1.4928471193248125
2024-10-21,Montevideo Wanderers,CA Fenix,V,NB propio,-11.611830795315278,-0.9225477375720725,-12.194719511065951,-1.505436453322746,-11.655356189741367,-0.9660731319981615
2024-10-22,Defensor Sporting,Liverpool,L,NB propio,-12.142556531432618,-1.7925017847120195,-10.575513093096703,-0.2254583463761044,-13.69373724792298,-3.343682501202382
2024-11-01,Deportivo Maldonado,Rampla Juniors Futbol Club,E,NB propio,-11.892982869713478,-0.901244969052529,-12.21044773651574,-1.2187098358547903,-12.20131007276533,-1.2095721721043802
2024-11-02,Danubio,Miramar Misiones,L,NB propio,-11.78302725677186,-0.952481261790254,-11.810558383637542,-0.9800123886559362,-12.26221041299115,-1.4316644180095448
2024-11-02,Nacional,CA Cerro,L,NB propio,-12.430569464173676,-2.5513905012336693,-9.970154636841073,-0.09097567390106676,-14.591165181899106,-4.711986218959099
2024-11-03,Boston River,Cerro Largo FC,L,NB propio,-12.43843156201899,-1.440159513654148,-11.516550636012155,-0.5182785876473144,-12.784654874683266,-1.786382826318425
2024-11-03,CA Fenix,Racing Club,V,NB propio,-11.73658422665551,-1.096848343637241,-11.324849745324745,-0.6851138623064763,-12.459615050262082,-1.8198791672438137
2024-11-03,Liverpool,CA Progreso,L,NB propio,-11.51194198061167,-0.8035160812108195,-12.00873755282727,-1.3003116534264194,-11.982101584444466,-1.2736756850436155
2024-11-03,River Plate,CA Penarol,V,NB propio,-12.09035624435248,-1.8682174757148484,-13.253803319739692,-3.031664551102061,-10.44858014826682,-0.22644137962918975
2024-11-04,Montevideo Wanderers,Defensor Sporting,E,NB propio,-11.90689396057158,-1.8130174520612954,-13.412177964558357,-3.318301456048072,-10.31623955660515,-0.2223630480948664
2024-11-08,CA Cerro,Deportivo Maldonado,E,NB propio,-11.626957117375946,-0.9217873528982512,-11.594818142882449,-0.889648378404754,-12.35859904628273,-1.6534292818050353
2024-11-09,CA Penarol,Liverpool,L,NB propio,-12.470852459552177,-2.734591516204107,-9.809779603691162,-0.07351866034309218,-14.858833100459465,-5.122572157111396
2024-11-09,Cerro Largo FC,River Plate,L,NB propio,-11.782578942197713,-0.9085329522940206,-11.867133295068705,-0.9930873051650124,-12.359261506352336,-1.485215516448644
2024-11-09,Racing Club,Nacional,V,NB propio,-12.228189245183598,-1.9158686488879333,-12.792780366990248,-2.4804597706945835,-10.574879100707225,-0.2625585044115599
2024-11-09,Rampla Juniors Futbol Club,Danubio,V,NB propio,-11.089137909300817,-0.8222588569626481,-11.373340962639933,-1.106461910301764,-11.737272412641127,-1.4703933603029586
2024-11-10,CA Progreso,Montevideo Wanderers,E,NB propio,-11.652201644375092,-0.9572745930922704,-11.96155724823511,-1.2666301969522884,-11.790695627774273,-1.0957685764914515
2024-11-10,Defensor Sporting,CA Fenix,L,NB propio,-12.104851213924263,-1.1934972343578245,-11.851353794146199,-0.9399998145797603,-12.09482863722919,-1.1834746576627513
2024-11-10,Miramar Misiones,Boston River,L,NB propio,-12.224683196892975,-1.9550274662174907,-13.393324939055951,-3.1236692083804662,-10.474905377053506,-0.20524964637802157
2024-11-12,Deportivo Maldonado,Racing Club,V,NB propio,-12.023762459351662,-1.2078127837773067,-13.022506900472546,-2.206557224898191,-11.341769129100213,-0.5258194535258571
2024-11-13,CA Fenix,Nacional,V,NB propio,-12.311505591551892,-2.295994163053278,-13.732482544128697,-3.7169711156300824,-10.149007108388329,-0.13349567988971422
2024-11-13,Cerro Largo FC,Liverpool,E,NB propio,-12.01162874695243,-1.0676629051724227,-11.532351740100657,-0.5883858983206487,-13.236935770624186,-2.292969928844178
2024-11-13,River Plate,Miramar Misiones,E,NB propio,-12.450533794047871,-0.9205535758650232,-12.458811762364293,-0.9288315441814454,-13.106532296311698,-1.5765520781288505
2024-11-14,Boston River,Rampla Juniors Futbol Club,L,NB propio,-12.090375183265714,-1.613099344201455,-10.770432217098087,-0.293156378033828,-13.380876451008506,-2.9036006119442472
2024-11-14,Danubio,CA Cerro,E,NB propio,-11.632937411989687,-1.1800616374434423,-10.982645139978693,-0.5297693654324487,-12.716245320705903,-2.263369546159659
2024-11-14,Defensor Sporting,CA Progreso,L,NB propio,-12.270677922271279,-2.166786312285943,-10.247123677541609,-0.14323206755627282,-14.07238365369975,-3.9684920437144147
2024-11-14,Montevideo Wanderers,CA Penarol,V,NB propio,-11.82190589876665,-2.023138731683561,-13.316583489040525,-3.5178163219574365,-9.975389661646616,-0.17662249456352797
2024-11-16,Nacional,Deportivo Maldonado,L,NB propio,-12.881566277589892,-3.0795503133048943,-9.852474212010845,-0.05045824772584773,-15.538390084205886,-5.736374119920889
2024-11-17,CA Penarol,Defensor Sporting,L,NB propio,-12.873471380331027,-1.9409272747128146,-11.234768186577133,-0.3022240809589203,-13.075932730513703,-2.14338862489549
2024-11-17,Miramar Misiones,Liverpool,E,NB propio,-11.822064276114126,-0.9205645987386504,-11.968336356169978,-1.0668366787945018,-12.257805746999269,-1.356306069623793
2024-11-17,Racing Club,Danubio,E,NB propio,-12.17343997078524,-1.3220195026258548,-11.762179620127418,-0.9107591519680316,-11.956499004519706,-1.1050785363603204
2024-11-18,CA Cerro,Boston River,E,NB propio,-11.532039825458165,-1.6168268023120635,-12.637954512375991,-2.7227414892298896,-10.222039961255724,-0.3068269381096229
2024-11-18,CA Progreso,CA Fenix,E,NB propio,-12.010867147846422,-1.0007680137533121,-12.573343772013157,-1.5632446379200466,-11.870606056899952,-0.8605069228068416
2024-11-19,Cerro Largo FC,Montevideo Wanderers,L,NB propio,-12.006128171046887,-1.0598641710889716,-11.65737614577709,-0.7111121458191736,-12.763960506396039,-1.8176965064381232
2024-11-19,Rampla Juniors Futbol Club,River Plate,V,NB propio,-11.898800226188364,-0.8971673138936715,-11.867447061587747,-0.8658141492930547,-12.764407744073587,-1.762774831778895
2024-11-26,Montevideo Wanderers,Miramar Misiones,L,NB propio,-11.778757539691227,-0.9534189715458741,-12.359842576524336,-1.534504008378983,-11.7440913448614,-0.9187527767160475
2024-11-26,Rampla Juniors Futbol Club,Liverpool,V,NB propio,-11.48808640815065,-0.817458887453677,-11.824752453268065,-1.1541249325710918,-12.084850760327166,-1.4142232396301928
2024-11-26,River Plate,CA Cerro,L,NB propio,-11.555970446010104,-0.8604888433775528,-11.622624754703459,-0.9271431520709079,-12.40274060617113,-1.7072590035385797
2024-11-27,Boston River,Racing Club,V,NB propio,-12.306167632327615,-1.1613312804976381,-11.852978583868676,-0.7081422320386999,-12.782815352458213,-1.6379790006282366
2024-11-27,CA Fenix,Deportivo Maldonado,V,NB propio,-11.964327748566006,-0.9174588658479799,-12.073811133790496,-1.0269422510724695,-12.46417224412549,-1.4173033614074626
2024-11-27,CA Progreso,CA Penarol,V,NB propio,-11.684389742494728,-2.2295840042631507,-13.183476189651486,-3.7286704514199087,-9.595906192642449,-0.14110045441087138
2024-11-27,Cerro Largo FC,Defensor Sporting,L,NB propio,-12.09202795978912,-1.418486534567469,-12.409695618119075,-1.7361541928974251,-11.215302035544251,-0.5417606103226014
2024-11-28,Danubio,Nacional,E,NB propio,-12.162661722805952,-1.6636365120905658,-12.5864162947875,-2.087391084072113,-10.875114600655323,-0.3760893899399367
2024-11-30,CA Cerro,Liverpool,V,NB propio,-11.938649081593624,-0.9511874256687314,-12.082873535823797,-1.0954118798989043,-12.262872873060756,-1.2754112171358631
2024-11-30,Cerro Largo FC,CA Progreso,L,NB propio,-12.206115975955006,-1.6144754421332426,-10.868301489035714,-0.2766609552139503,-13.745351063347709,-3.153710529525945
2024-11-30,Miramar Misiones,Defensor Sporting,E,NB propio,-11.67735831769292,-1.0526224715169992,-12.4010835832687,-1.7763477370927792,-11.355120689793269,-0.7303848436173475
2024-11-30,Rampla Juniors Futbol Club,Montevideo Wanderers,E,NB propio,-11.635011368128641,-0.8351444219941602,-11.95763464111601,-1.1577676949815299,-12.178187519599657,-1.3783205734651762
2024-12-01,CA Penarol,CA Fenix,L,NB propio,-12.841283282211391,-2.890762341187811,-10.012849245160757,-0.062328304137176715,-15.270722165645527,-5.320201224621947
2024-12-01,Nacional,Boston River,L,NB propio,-12.958912877495779,-2.2822064297449263,-10.82421480081514,-0.14750835306428733,-14.026659633107876,-3.3499531853570232
2024-12-01,Racing Club,River Plate,L,NB propio,-12.318639330600204,-1.2918822294028072,-11.709310440224419,-0.682553339027022,-12.541240465750889,-1.5144833645534916
2024-12-02,Deportivo Maldonado,Danubio,L,NB propio,-11.929380334310734,-1.720327329518133,-13.217311677905872,-3.0082586731132714,-10.46832273171124,-0.2592697269186388
2025-01-31,Cerro Largo FC,CA Juventud,E,NB propio,-12.666086783845016,-2.2845296226303073,-10.506514389182906,-0.12495722796819742,-14.539263028013451,-4.157705866798743
2025-02-01,Danubio,Liverpool,E,NB propio,-11.67988830682901,-1.0558457305012041,-11.823613026743935,-1.1995704504161289,-11.67164343364175,-1.0476008573139435
2025-02-01,Defensor Sporting,Boston River,L,NB propio,-12.51725527894475,-1.5550580196472374,-11.290964246744576,-0.3287669874470627,-13.63566999127336,-2.6734727319758473
2025-02-02,CA Progreso,CA Penarol,V,NB propio,-12.272500748936837,-2.144286943774155,-13.533723977608837,-3.4055101724461547,-10.29113449312344,-0.16292068796075831
2025-02-02,Miramar Misiones,Plaza Colonia,V,NB propio,-11.728775047681482,-1.0670673874887928,-11.806551735461193,-1.1448440752685034,-11.747273758327086,-1.0855660981343966
2025-02-02,Torque FC,Nacional,L,NB propio,-12.620099494081982,-1.6533568381287775,-12.374203371906892,-1.4074607159536878,-11.539745730957922,-0.573003075004717
2025-02-03,CA Cerro,River Plate,E,NB propio,-12.183753170115306,-0.985165542245344,-12.38253037061898,-1.183942742749018,-12.33629532399861,-1.1377076961286487
2025-02-03,Montevideo Wanderers,Racing Club,E,NB propio,-11.91710715325071,-1.4868451007193286,-12.648730928741553,-2.2184688762101725,-10.838020292680643,-0.40775824014926165
2025-02-07,Cerro Largo FC,CA Progreso,L,NB propio,-12.626050905897193,-2.0549380012997176,-10.726882633780813,-0.1557697291833371,-14.697381712854693,-4.126268808257217
2025-02-08,Liverpool,Miramar Misiones,L,NB propio,-12.303694618067192,-1.4708867865136064,-11.160889933744011,-0.3280821021904252,-13.829051425759953,-2.9962435942063674
2025-02-08,Plaza Colonia,Montevideo Wanderers,L,NB propio,-12.031055934433676,-1.381468906147779,-11.032481390314835,-0.3828943620289387,-13.35405675911522,-2.7044697308293237
2025-02-08,Racing Club,CA Cerro,V,NB propio,-12.531686886372443,-1.611243375032677,-11.210215746684097,-0.2897722353443317,-13.87836468470724,-2.957921173367474
2025-02-08,River Plate,Defensor Sporting,V,NB propio,-12.44602445368227,-1.1540266252884468,-12.276669583668685,-0.9846717552748618,-12.459722865664483,-1.1677250372706602
2025-02-09,Boston River,Torque FC,E,NB propio,-12.175993243968431,-2.158760112026396,-13.752030326952333,-3.734797195010298,-10.167296093180571,-0.15006296123853602
2025-02-09,CA Juventud,Danubio,E,NB propio,-12.083702580529721,-0.9827900958926357,-12.736386802760759,-1.6354743181236735,-11.942850500374727,-0.8419380157376413
2025-02-09,Nacional,CA Penarol,E,NB propio,-12.703894728119144,-1.5480220872949157,-12.069201181693911,-0.9133285408696832,-12.1074145337063,-0.9515418928820729
2025-02-14,CA Cerro,Plaza Colonia,V,NB propio,-11.921376870331342,-1.280030568202891,-12.099446735854759,-1.4581004337263082,-11.356139360810392,-0.7147930586819413
2025-02-15,CA Penarol,Boston River,E,NB propio,-12.881566277589892,-3.0795503133048943,-9.852474212010845,-0.05045824772584773,-15.538390084205886,-5.736374119920889
2025-02-15,Danubio,Cerro Largo FC,E,NB propio,-11.954843896769022,-1.7397032212941728,-13.273351102563328,-3.058210427088479,-10.466869133059063,-0.251728457584214
2025-02-15,Montevideo Wanderers,Liverpool,E,NB propio,-11.90742204294122,-1.7649283778522395,-13.206194883157796,-3.0637012180688146,-10.3882836240726,-0.2457899589836181
2025-02-16,CA Progreso,Nacional,V,NB propio,-12.1727070083388,-1.644898038071343,-13.396408016347749,-2.8685990460802913,-10.815238619327669,-0.2874296490602113
2025-02-16,Defensor Sporting,Racing Club,L,NB propio,-12.548592525661403,-1.558624461487435,-11.364413555114657,-0.3744454909406887,-13.273690314042096,-2.283722249868127
2025-02-16,Miramar Misiones,CA Juventud,V,NB propio,-11.860196717848499,-0.9979391834231865,-12.66619934913911,-1.8039418147137969,-11.624298194461156,-0.7620406600358436
2025-02-17,Torque FC,River Plate,L,NB propio,-12.653351064658676,-1.5675505211517997,-11.43143573237419,-0.34563518886731437,-13.566628146669105,-2.480827603162229
2025-02-21,Racing Club,Torque FC,L,NB propio,-12.288821764732498,-1.87570325281078,-13.416935005465241,-3.003816493543523,-10.63982411973117,-0.2267056078094516
2025-02-22,Boston River,Nacional,V,NB propio,-12.1324240129603,-1.811437639141424,-13.55678304949766,-3.2357966756787846,-10.54757070076731,-0.22658432694843356
2025-02-22,Cerro Largo FC,Miramar Misiones,L,NB propio,-12.333221365992424,-1.5845328678744544,-11.047084060958548,-0.2983955628405788,-13.68712071324289,-2.938432215124921
2025-02-22,Liverpool,CA Cerro,L,NB propio,-12.206115975955006,-1.6144754421332426,-10.868301489035714,-0.2766609552139503,-13.745351063347709,-3.153710529525945
2025-02-23,CA Juventud,Montevideo Wanderers,L,NB propio,-11.437392646537642,-0.9601446366223492,-12.030802758951772,-1.5535547490364792,-11.379469022657814,-0.9022210127425208
2025-02-23,Danubio,CA Progreso,E,NB propio,-11.962938794027886,-0.8981198618903132,-11.89105712799704,-0.8262381958594673,-12.92932648675125,-1.8645075546136773
2025-02-23,Plaza Colonia,Defensor Sporting,V,NB propio,-12.620099494081982,-1.6533568381287775,-12.374203371906892,-1.4074607159536878,-11.539745730957922,-0.573003075004717
2025-02-24,River Plate,CA Penarol,E,NB propio,-12.126654353232869,-1.8540806461115498,-13.708103183153906,-3.4355294760325865,-10.48182075935242,-0.20924705223110074
2025-03-07,Defensor Sporting,Liverpool,V,NB propio,-12.71357983842863,-1.7039418688771217,-11.511737227277669,-0.5020992577261598,-12.557151202314348,-1.5475132327628387
2025-03-07,Torque FC,Plaza Colonia,E,NB propio,-12.33328929451495,-1.7700460390486352,-12.82412042357552,-2.2608771681092055,-10.88425344267143,-0.32101018720511476
2025-03-08,CA Cerro,CA Juventud,L,NB propio,-11.96899984923196,-1.1005690012709994,-12.419969245642136,-1.5515383976811759,-11.655017519611468,-0.7865866716505074
2025-03-09,CA Penarol,Racing Club,V,NB propio,-12.514812702009337,-1.984114152936069,-10.710577542127787,-0.17987899305451904,-14.137948515974186,-3.607249966900918
2025-03-09,CA Progreso,Boston River,E,NB propio,-12.343979683129692,-1.005352291782124,-12.092767311685508,-0.7541399203379395,-13.14853497507211,-1.8099075837245415
2025-03-09,Nacional,River Plate,E,NB propio,-12.881566277589892,-3.0795503133048943,-9.852474212010845,-0.05045824772584773,-15.538390084205886,-5.736374119920889
2025-03-10,Miramar Misiones,Danubio,L,NB propio,-12.083702580529721,-0.9827900958926357,-12.736386802760759,-1.6354743181236735,-11.942850500374727,-0.8419380157376413
2025-03-11,Montevideo Wanderers,Cerro Largo FC,L,NB propio,-12.270357263493183,-1.6053706815947422,-13.268697214049045,-2.6037106321506034,-10.986313121328024,-0.3213265394295828
2025-03-15,Liverpool,Torque FC,L,NB propio,-12.475410334331048,-1.8678594286294032,-10.82218922745107,-0.21463832174942432,-13.859134063690194,-3.2515831579885486
2025-03-15,Plaza Colonia,CA Penarol,L,NB propio,-12.217480573303131,-1.5863409574839924,-10.949214789020921,-0.31807517320178214,-13.322646100903684,-2.6915064850845454
2025-03-16,CA Juventud,Defensor Sporting,L,NB propio,-12.10384379154417,-2.03329151750485,-13.085659159396213,-3.015106885356893,-10.268935571316117,-0.1983832972767967
2025-03-16,Danubio,Montevideo Wanderers,E,NB propio,-11.552224975990171,-0.8071413968737744,-11.848362519677359,-1.103278940560962,-12.249769503004826,-1.5046859238884291
2025-03-16,Miramar Misiones,CA Progreso,E,NB propio,-12.184088141227296,-0.9046082774317838,-12.369736352386045,-1.0902564885905335,-12.629753446872755,-1.350273583077243
2025-03-16,Racing Club,Nacional,V,NB propio,-12.025492141063078,-1.5329011128280996,-12.925762509415023,-2.433171481180045,-10.854517524570642,-0.36192649633566454
2025-03-17,Cerro Largo FC,CA Cerro,E,NB propio,-12.1043539916082,-1.1659725449321687,-11.480775835037395,-0.5423943883613642,-13.173065365279571,-2.2346839186035403
2025-03-18,River Plate,Boston River,V,NB propio,-12.049761188686803,-0.8795144831401824,-12.230214733069786,-1.0599680275231655,-12.60342821808607,-1.4331815125394485
2025-03-20,Torque FC,CA Juventud,V,NB propio,-11.753189172657576,-2.014125242261848,-13.116633736764996,-3.3775698063692676,-9.922466921377232,-0.18340299098150403
2025-03-21,CA Penarol,Liverpool,V,NB propio,-12.516187524876393,-1.56219981777876,-12.95175274669532,-1.9977650395976863,-11.377584824071175,-0.4235971169735411
2025-03-22,Boston River,Racing Club,V,NB propio,-11.810296315695293,-0.9332302383637536,-12.3578511967915,-1.480785119459961,-11.846600161205716,-0.9695340838741764
2025-03-22,Nacional,Plaza Colonia,E,NB propio,-12.873471380331027,-1.9409272747128146,-11.234768186577133,-0.3022240809589203,-13.075932730513703,-2.14338862489549
2025-03-23,CA Cerro,Danubio,E,NB propio,-11.824420791595937,-0.9754227932047446,-11.559844585402622,-0.7108465870114298,-12.875931092791335,-2.0269330944001425
2025-03-23,CA Progreso,River Plate,L,NB propio,-12.343979683129692,-1.005352291782124,-12.092767311685508,-0.7541399203379395,-13.14853497507211,-1.8099075837245415
2025-03-23,Defensor Sporting,Cerro Largo FC,E,NB propio,-12.72124059571426,-2.3405794223645735,-10.505244760097344,-0.1245835867476579,-14.250405766433344,-3.8697445930836576
2025-03-24,Montevideo Wanderers,Miramar Misiones,V,NB propio,-11.572687160021825,-0.8727945661041012,-11.579078601707216,-0.8791860077894924,-12.489073839862327,-1.7891812459446026
2025-03-26,Cerro Largo FC,Torque FC,E,NB propio,-11.586674121997445,-0.89562641086947,-11.75519317603236,-1.064145464904385,-12.09093112772237,-1.3998834165943954
2025-03-26,Liverpool,Nacional,E,NB propio,-12.483938208687503,-1.3842627815212083,-11.99111862303572,-0.8914431958694244,-12.180168665794948,-1.0804932386286534
2025-03-26,Plaza Colonia,Boston River,V,NB propio,-11.843847979077182,-1.254711924685754,-11.059974235616803,-0.4708381812253748,-12.99305208128237,-2.4039160268909416
2025-03-26,Racing Club,River Plate,L,NB propio,-12.311926493711153,-1.6661982079146345,-10.914290528088548,-0.2685622422920293,-13.71278348195997,-3.0670551961634516
2025-03-27,CA Juventud,CA Penarol,V,NB propio,-12.628194391340847,-1.8546002872950673,-10.991909397340605,-0.21831529329482535,-14.002203084650105,-3.228608980604326
2025-03-27,Danubio,Defensor Sporting,E,NB propio,-12.105268629642964,-1.141354965520737,-13.006836777921713,-2.0429231137994854,-11.55999792665578,-0.5960842625335534
2025-03-27,Montevideo Wanderers,CA Progreso,E,NB propio,-11.696280794599494,-1.0624805691145607,-11.204429262083064,-0.570629036598131,-13.050307739980962,-2.416507514496029
2025-03-28,Miramar Misiones,CA Cerro,E,NB propio,-11.712981850572774,-0.9812689483534367,-12.195553842206383,-1.4638409399870458,-11.663577099704126,-0.9318641974847885
2025-03-29,Boston River,Liverpool,V,NB propio,-12.155883766730126,-2.165199477018099,-13.460167391942441,-3.4694831022304147,-10.148344648318723,-0.15766035860669625
2025-03-29,River Plate,Plaza Colonia,V,NB propio,-11.738197568450271,-0.9506151251602173,-12.45777338168195,-1.6701909383918956,-11.642576609625147,-0.8549941663350928
2025-03-30,CA Progreso,Racing Club,V,NB propio,-11.977219282399497,-1.6774277227833387,-12.86327476247375,-2.563483202857592,-10.606167192254247,-0.30637563263808865
2025-03-30,Nacional,CA Juventud,V,NB propio,-12.459721972482921,-1.5281379596842637,-11.458226637708119,-0.5266426249094618,-12.579366259930724,-1.6477822471320671
2025-03-30,Torque FC,Danubio,E,NB propio,-11.863942187868432,-0.9754612867622967,-12.44046158416521,-1.5519806830590746,-11.777269297627457,-0.8887883965213224
2025-03-31,CA Penarol,Cerro Largo FC,V,NB propio,-11.893808211436255,-1.185722979355262,-11.2308389452138,-0.5227537131328077,-12.994903991269668,-2.286818759188675
2025-04-01,CA Cerro,Montevideo Wanderers,L,NB propio,-11.289312446581711,-0.9987134729290226,-10.935996888789482,-0.6453979151367939,-12.523721859400842,-2.2331228857481538
2025-04-01,Defensor Sporting,Miramar Misiones,L,NB propio,-12.055259342476283,-1.5085263875572998,-10.892603808871336,-0.34587085395235206,-13.18955201803354,-2.6428190631145565
2025-04-05,CA Juventud,Boston River,L,NB propio,-12.529005611019247,-1.3129454623270025,-11.724314524780159,-0.5082543760879137,-13.260684617277997,-2.044624468585752
2025-04-05,Danubio,CA Penarol,V,NB propio,-12.049761188686803,-0.8795144831401824,-12.230214733069786,-1.0599680275231655,-12.60342821808607,-1.4331815125394485
2025-04-05,Plaza Colonia,Racing Club,V,NB propio,-12.33328929451495,-1.7700460390486352,-12.82412042357552,-2.2608771681092055,-10.88425344267143,-0.32101018720511476
2025-04-06,CA Cerro,CA Progreso,E,NB propio,-11.760042802027101,-1.1715504425433743,-11.161427711901528,-0.5729353524178009,-12.658014970601085,-2.0695226111173586
2025-04-06,Cerro Largo FC,Nacional,V,NB propio,-11.17596030395973,-0.865002833823663,-11.712498567712679,-1.4015410975766116,-11.411374143975948,-1.1004166738398808
2025-04-06,Liverpool,River Plate,E,NB propio,-12.475844474304287,-2.166323732660894,-10.446387720065106,-0.13686697842171291,-14.628336853263384,-4.3188161116199915
2025-04-07,Miramar Misiones,Torque FC,V,NB propio,-12.244876686805407,-1.1539193974486324,-11.660132798352727,-0.5691755089959525,-13.222872396420748,-2.131915107063973
2025-04-07,Montevideo Wanderers,Defensor Sporting,E,NB propio,-11.466354459637852,-1.009934552284765,-12.185144462976652,-1.7287245556235646,-11.236767911834288,-0.7803480044812012
2025-04-12,CA Penarol,Miramar Misiones,L,NB propio,-12.162258557022088,-1.379649026337404,-11.168058775912968,-0.3854492452282834,-13.468094477889872,-2.685484947205188
2025-04-12,CA Progreso,Plaza Colonia,E,NB propio,-11.967752473371043,-1.2813409612470075,-12.873729478532674,-2.1873179664086386,-11.18051445765161,-0.4941029455275743
2025-04-12,Montevideo Wanderers,Torque FC,E,NB propio,-11.699149935968164,-0.8239177819992118,-11.981244707525303,-1.1060125535563508,-12.343106262277317,-1.467874108308365
2025-04-13,Boston River,Cerro Largo FC,L,NB propio,-12.161433215299311,-0.9603142412469357,-12.147667567214903,-0.946548593162527,-12.674500559385534,-1.4733815853331578
2025-04-13,Nacional,Danubio,L,NB propio,-12.302448073335015,-2.147804314744409,-10.298544052396167,-0.14390029380556157,-14.212518776122335,-4.05787501753173
2025-04-14,Defensor Sporting,CA Cerro,L,NB propio,-11.564413673654805,-1.2430749485854982,-10.794857759465515,-0.4735190343962081,-12.74386198673959,-2.4225232616702836
2025-04-14,Racing Club,Liverpool,E,NB propio,-12.533277099423065,-1.525061268175909,-12.035045766834147,-1.0268299355869903,-11.865643999623103,-0.8574281683759466
2025-04-14,River Plate,CA Juventud,L,NB propio,-12.270357263493183,-1.6053706815947422,-13.268697214049045,-2.6037106321506034,-10.986313121328024,-0.3213265394295828
2025-04-18,Cerro Largo FC,River Plate,L,NB propio,-11.595370986841221,-0.8795265844521705,-11.894626140370672,-1.1787817379816214,-11.998256828519485,-1.2824124261304348
2025-04-18,Danubio,Boston River,V,NB propio,-12.377464646804391,-0.963327658064717,-13.074938408137577,-1.6608014193979024,-12.261852499447166,-0.8477155107074914
2025-04-18,Miramar Misiones,Nacional,V,NB propio,-12.1324240129603,-1.811437639141424,-13.55678304949766,-3.2357966756787846,-10.54757070076731,-0.22658432694843356
2025-04-19,CA Juventud,Racing Club,L,NB propio,-12.620099494081982,-1.6533568381287775,-12.374203371906892,-1.4074607159536878,-11.539745730957922,-0.573003075004717
2025-04-19,Montevideo Wanderers,CA Penarol,V,NB propio,-11.94919336946138,-1.384399087929685,-13.240669487015282,-2.675875205483587,-10.949458458950536,-0.3846641774188413
2025-04-20,CA Cerro,Torque FC,V,NB propio,-11.17596030395973,-0.865002833823663,-11.712498567712679,-1.4015410975766116,-11.411374143975948,-1.1004166738398808
2025-04-20,Liverpool,Plaza Colonia,L,NB propio,-12.02227445686286,-1.7928660773385374,-10.444137363457461,-0.21472898393313855,-13.850344720260575,-3.620936340736252
2025-04-21,Defensor Sporting,CA Progreso,V,NB propio,-12.148496171722176,-2.0638142467426572,-10.24378690365436,-0.15910497867484175,-13.990502813364726,-3.9058208883852075
2025-04-26,Plaza Colonia,CA Juventud,E,NB propio,-11.960502568387772,-1.7248512542715773,-12.906820915469993,-2.6711696013537978,-10.519833958563051,-0.28418264444685626
2025-04-26,River Plate,Danubio,L,NB propio,-11.962938794027886,-0.8981198618903132,-11.89105712799704,-0.8262381958594673,-12.92932648675125,-1.8645075546136773
2025-04-27,Boston River,Miramar Misiones,L,NB propio,-12.347472581974122,-1.673765361556347,-10.93020027979398,-0.25649305937620426,-13.925621480768218,-3.2519142603504427
2025-04-27,CA Penarol,CA Cerro,L,NB propio,-12.2414069565814,-2.2919396779679175,-10.071318339511855,-0.12185106089837205,-14.243515229104153,-4.29404795049067
2025-04-27,CA Progreso,Liverpool,V,NB propio,-11.844392272505802,-1.9236840406537947,-13.12171720238804,-3.2010089705360336,-10.127472836752705,-0.20676460490069815
2025-04-27,Nacional,Montevideo Wanderers,L,NB propio,-12.694358322233398,-2.8773150703440784,-9.879967057312811,-0.06292380542349107,-15.177385406373036,-5.360342154483716
2025-04-27,Torque FC,Defensor Sporting,V,NB propio,-12.168431382533383,-1.644582066660421,-12.435096161131254,-1.911246845258292,-10.940864542070212,-0.4170152261972504
2025-04-28,Racing Club,Cerro Largo FC,E,NB propio,-12.526245674621261,-1.5906629888486155,-11.252653160451356,-0.31707047467870986,-13.624858496773923,-2.689275811001277
2025-05-03,Boston River,Montevideo Wanderers,L,NB propio,-12.274403434730639,-1.2577487382908963,-11.546326925567262,-0.5296722291275202,-13.080941683903685,-2.0642869874639427
2025-05-03,Danubio,Racing Club,E,NB propio,-12.118126478876412,-0.9611097807142439,-12.539173787569258,-1.3821570894070891,-12.160786157247665,-1.0037694590854969
2025-05-03,Defensor Sporting,CA Penarol,V,NB propio,-12.729768470070715,-1.6184438443226838,-11.67417415568199,-0.5628495299339598,-12.571440368538099,-1.4601157427900677
2025-05-03,Nacional,CA Cerro,L,NB propio,-12.881566277589892,-3.0795503133048943,-9.852474212010845,-0.05045824772584773,-15.538390084205886,-5.736374119920889
2025-05-04,CA Juventud,Liverpool,L,NB propio,-12.693168641325462,-1.5911028713953268,-11.758076726133607,-0.6560109562034722,-12.384425527822458,-1.2823597578923227
2025-05-04,Cerro Largo FC,Plaza Colonia,L,NB propio,-11.720523475438611,-1.0124617257272188,-11.373063124230349,-0.6650013745189565,-12.80849239651676,-2.1004306468053677
2025-05-04,Torque FC,CA Progreso,V,NB propio,-11.70122487076532,-1.0100161863748998,-11.660670576510242,-0.9694618921198224,-12.05183594126188,-1.3606272568714601
2025-05-05,Miramar Misiones,River Plate,L,NB propio,-12.296067209204043,-1.0852803648399139,-13.148420292492382,-1.9376334481282527,-11.868280240226573,-0.6574933958624438
2025-05-17,River Plate,Montevideo Wanderers,V,NB propio,-12.23138913961372,-1.0319352530020076,-11.828276958696204,-0.6288230720844918,-13.402516973371455,-2.2030630867597427
2025-05-18,CA Penarol,Torque FC,L,NB propio,-12.79337080828574,-1.933527146129089,-11.068502225967627,-0.20865856381097636,-13.99046743079999,-3.130623768643339
2025-05-18,CA Progreso,CA Juventud,V,NB propio,-12.32360418420546,-2.0744901737339827,-13.381584377991762,-3.132470367520286,-10.434516774063383,-0.185402763591906
2025-05-18,Liverpool,Cerro Largo FC,L,NB propio,-12.645352903574901,-1.9312434611420795,-10.898865461508768,-0.1847560190759463,-14.455331443858842,-3.7412220014260207
2025-05-18,Nacional,Defensor Sporting,L,NB propio,-12.937073718546056,-2.421669511695441,-10.62909625686277,-0.11369205001215477,-14.494959792775598,-3.9795555859249827
2025-05-19,Plaza Colonia,Danubio,V,NB propio,-12.051150143224923,-0.9604883766256123,-12.412968738863244,-1.3223069722639327,-12.138273975460308,-1.047612208860997
2025-05-19,Racing Club,Miramar Misiones,E,NB propio,-11.605662245094676,-0.9606957224302697,-11.462024610012453,-0.8170580873480464,-12.38426181499981,-1.7392952923354041
2025-05-20,Boston River,CA Cerro,E,NB propio,-12.311926493711153,-1.6661982079146345,-10.914290528088548,-0.2685622422920293,-13.71278348195997,-3.0670551961634516
2025-05-23,Racing Club,Boston River,L,NB propio,-11.81679965812746,-1.9844622850777114,-13.34622688457485,-3.513889511525102,-10.015341596587447,-0.18300422353769896
2025-05-24,CA Juventud,Torque FC,L,NB propio,-12.354164041325436,-1.8767639176250235,-10.680244637569821,-0.20284451386940816,-13.967096675482436,-3.489696551782023
2025-05-24,CA Penarol,Plaza Colonia,L,NB propio,-12.681391740308994,-2.4896284746563175,-10.289818285861292,-0.09805502020861567,-14.751940637446172,-4.560177371793495
2025-05-24,Nacional,CA Progreso,L,NB propio,-12.906722950907724,-2.6929135471609555,-10.292000547044431,-0.07819114329766208,-15.102815146224886,-4.889005742478117
2025-05-25,Danubio,Miramar Misiones,L,NB propio,-12.27845216075205,-1.0261413314926422,-11.886403239482759,-0.6340924102233512,-13.448770475020211,-2.196459645760804
2025-05-25,Defensor Sporting,Cerro Largo FC,L,NB propio,-12.631669731148147,-1.6324092246949888,-11.276800864409203,-0.27754035795604537,-14.05906401638064,-3.059803509927482
2025-05-25,Liverpool,CA Cerro,E,NB propio,-12.475844474304287,-2.166323732660894,-10.446387720065106,-0.13686697842171291,-14.628336853263384,-4.3188161116199915
2025-05-25,Montevideo Wanderers,River Plate,L,NB propio,-12.417747642182892,-0.9173751527529781,-12.914563374987665,-1.4141908855577512,-12.529520418007525,-1.0291479285776113
2025-05-31,CA Progreso,Danubio,V,NB propio,-12.408895729968112,-1.0071607168232326,-12.81332497100529,-1.4115899578604107,-12.340808266777172,-0.9390732536322925
2025-05-31,Plaza Colonia,Liverpool,E,NB propio,-12.043055245966057,-2.4715920929536583,-13.79526271342953,-4.223799560417131,-9.675816621768124,-0.10435346875572549
2025-06-01,CA Cerro,Montevideo Wanderers,V,NB propio,-12.30360883406988,-0.9041266317548793,-12.325929574516348,-0.9264473722013467,-13.013195537039207,-1.6137133347242063
2025-06-01,Cerro Largo FC,CA Penarol,E,NB propio,-12.09035624435248,-1.8682174757148484,-13.253803319739692,-3.031664551102061,-10.44858014826682,-0.22644137962918975
2025-06-01,River Plate,Defensor Sporting,V,NB propio,-12.260890454464732,-1.2165252266486828,-13.279151930107968,-2.2347867022919186,-11.560660386725386,-0.5162951589093367
2025-06-01,Torque FC,Nacional,V,NB propio,-12.043055245966057,-2.4715920929536583,-13.79526271342953,-4.223799560417131,-9.675816621768124,-0.10435346875572549
2025-06-02,Boston River,CA Juventud,L,NB propio,-12.463723138354686,-1.5177692593622485,-12.0196154619543,-1.0736615829618632,-11.769107656467142,-0.8231537774747046
2025-06-06,CA Cerro,River Plate,L,NB propio,-12.118560618849653,-0.8756356678577717,-12.163372280183296,-0.9204473291914148,-12.929988946820856,-1.687063995828975
2025-06-07,CA Penarol,Defensor Sporting,L,NB propio,-12.851632221381305,-2.031149951210665,-11.039649642624763,-0.2191673724541232,-13.544232890181425,-2.723750620010785
2025-06-07,Danubio,Torque FC,L,NB propio,-12.626050905897193,-2.0549380012997176,-10.726882633780813,-0.1557697291833371,-14.697381712854693,-4.126268808257217
2025-06-07,Liverpool,Cerro Largo FC,L,NB propio,-12.02227445686286,-1.7928660773385374,-10.444137363457461,-0.21472898393313855,-13.850344720260575,-3.620936340736252
2025-06-07,Montevideo Wanderers,Plaza Colonia,E,NB propio,-12.388353309635784,-1.1687961602951535,-11.796263105109974,-0.5767059557693432,-13.279090468038692,-2.0595333186980618
2025-06-08,CA Juventud,Racing Club,L,NB propio,-12.090375183265714,-1.613099344201455,-10.770432217098087,-0.293156378033828,-13.380876451008506,-2.9036006119442472
2025-06-08,CA Progreso,Miramar Misiones,L,NB propio,-12.270910535886213,-0.9604716624731893,-12.708893957458791,-1.398455084045768,-12.303855178207577,-0.9934163047945539
2025-06-08,Nacional,Boston River,L,NB propio,-12.802837617314195,-1.983243091803427,-11.058047509908706,-0.23845298439793794,-13.416120165402631,-2.5965256398918637
2025-06-12,Cerro Largo FC,Montevideo Wanderers,E,NB propio,-11.791555131128314,-1.537441954456277,-12.97948777922219,-2.7253746025501524,-10.583245015095905,-0.3291318384238675
2025-06-13,Plaza Colonia,CA Cerro,E,NB propio,-11.827644280543701,-0.9575757811885222,-12.342781285241594,-1.472712785886415,-11.819721669546738,-0.9496531701915583
2025-06-13,Torque FC,CA Progreso,L,NB propio,-12.296067209204043,-1.0852803648399139,-13.148420292492382,-1.9376334481282527,-11.868280240226573,-0.6574933958624438
2025-06-14,Boston River,Danubio,E,NB propio,-12.125532999091794,-1.6679921959766961,-13.123071682124102,-2.6655308790090047,-10.756200001768011,-0.29865919865291346
2025-06-14,Defensor Sporting,Liverpool,L,NB propio,-12.552834417269384,-1.276149550297358,-12.055674913867417,-0.778990046895391,-12.61601605213078,-1.3393311851587537
2025-06-14,Miramar Misiones,CA Juventud,V,NB propio,-12.107193813805582,-2.381926976982127,-13.818872779838824,-4.093605943015369,-9.840735364445788,-0.11546852762233328
2025-06-14,Racing Club,Nacional,V,NB propio,-11.684389742494728,-2.2295840042631507,-13.183476189651486,-3.7286704514199087,-9.595906192642449,-0.14110045441087138
2025-06-15,River Plate,CA Penarol,V,NB propio,-12.197288116249704,-2.1968829843383837,-13.88482385982233,-3.88441872791101,-10.141633324463491,-0.14122819255217145
2025-06-17,Montevideo Wanderers,Defensor Sporting,E,NB propio,-12.523047702445126,-1.3702698293733615,-12.530184710168015,-1.3774068370962507,-11.858544721965698,-0.7057668488939335
2025-06-18,Danubio,Racing Club,V,NB propio,-12.175054092480977,-1.607413214956738,-10.84456305861104,-0.27692218108680144,-13.750156810547912,-3.182515933023673
2025-06-18,Nacional,CA Juventud,L,NB propio,-12.873471380331027,-1.9409272747128146,-11.234768186577133,-0.3022240809589203,-13.075932730513703,-2.14338862489549
2025-06-18,Torque FC,Miramar Misiones,E,NB propio,-11.621497968387747,-0.8882126771546677,-11.828988826906208,-1.0957035356731293,-12.102505106223033,-1.369219814989954
2025-06-19,CA Cerro,Cerro Largo FC,L,NB propio,-11.846717510037235,-0.9021241634878585,-11.890743361477998,-0.9461500149286213,-12.52418024903,-1.5795869024806226
2025-06-19,CA Progreso,Boston River,L,NB propio,-11.733091327811081,-0.9251278366970759,-12.487416777216275,-1.6794532861022695,-11.682528544565974,-0.8745650534519687
2025-06-19,Liverpool,CA Penarol,L,NB propio,-12.267761772137304,-1.5388061307293146,-12.61775635137277,-1.8888007099647819,-11.184488942619527,-0.45553330121153834
2025-06-19,Plaza Colonia,River Plate,E,NB propio,-12.051150143224923,-0.9604883766256123,-12.412968738863244,-1.3223069722639327,-12.138273975460308,-1.047612208860997
2025-06-21,CA Juventud,Danubio,L,NB propio,-12.465403272804222,-1.3890201593561873,-12.32998645449452,-1.2536033410464853,-11.841657555016102,-0.7652744415680672
2025-06-21,Miramar Misiones,Nacional,V,NB propio,-12.262815638627346,-2.5195085433730604,-14.091187932025079,-4.347880836770793,-9.841397824515393,-0.09809072926110751
2025-06-22,CA Penarol,Montevideo Wanderers,L,NB propio,-12.783362750042484,-2.3708906191376258,-10.5399882708998,-0.12751613999494182,-14.049773525325982,-3.637301394421124
2025-06-22,Defensor Sporting,CA Cerro,L,NB propio,-12.477286595550936,-1.8029396720845536,-10.914717560053937,-0.24037063658755464,-13.69334862740324,-3.0190017039368584
2025-06-22,Racing Club,CA Progreso,L,NB propio,-12.262204484550303,-1.0658849410068392,-11.90127310663646,-0.704953563092996,-13.019906860894439,-1.8235873173509756
2025-06-22,River Plate,Liverpool,L,NB propio,-12.028868699990852,-1.2384720843513684,-12.99286350493822,-2.202466889298737,-11.301817194159382,-0.511420578519898
2025-06-23,Boston River,Torque FC,L,NB propio,-11.863942187868432,-0.9754612867622967,-12.44046158416521,-1.5519806830590746,-11.777269297627457,-0.8887883965213224
2025-06-23,Cerro Largo FC,Plaza Colonia,V,NB propio,-11.871483812734269,-0.9701107646818556,-11.617970866189179,-0.7165978181367656,-12.922184594440091,-2.0208115463876783
2025-06-28,Boston River,Miramar Misiones,V,NB propio,-12.23704781123247,-1.2432719345039,-11.461746771602868,-0.46797089487429844,-13.455481798875443,-2.461705922146873
2025-06-28,CA Penarol,CA Cerro,L,NB propio,-12.906722950907724,-2.6929135471609555,-10.292000547044431,-0.07819114329766208,-15.102815146224886,-4.889005742478117
2025-06-28,Defensor Sporting,Plaza Colonia,E,NB propio,-12.14633246863185,-1.8217003909098697,-10.540002469947577,-0.21537039222559606,-13.766440124308643,-3.4418080465866616
2025-06-28,Liverpool,Montevideo Wanderers,V,NB propio,-11.830360431885495,-1.1273433345354178,-11.22811839596028,-0.5251012986102026,-13.172696658233077,-2.469679560883
2025-06-29,CA Juventud,CA Progreso,L,NB propio,-12.629391171716827,-1.575803640721583,-11.357664074405445,-0.30407654341020063,-13.947587563776025,-2.894000032780781
2025-06-29,Nacional,Danubio,L,NB propio,-12.906722950907724,-2.6929135471609555,-10.292000547044431,-0.07819114329766208,-15.102815146224886,-4.889005742478117
2025-06-29,Racing Club,Torque FC,E,NB propio,-12.284610080257057,-1.8336707022367165,-10.664814332689978,-0.21387495466963813,-13.870560332326475,-3.4196209543061347
2025-06-30,Cerro Largo FC,River Plate,E,NB propio,-12.205383013508568,-0.8813355657006436,-12.502529885256042,-1.1784824374481175,-12.604090678155675,-1.2800432303477507
2024-02-17,CA Fenix,Danubio,V,CategoricalNB,-11.891996086515784,-1.567727110722089,-12.726818909878423,-2.4025499340847283,-10.679524223665481,-0.35525524787178675
2024-02-17,Miramar Misiones,CA Progreso,V,CategoricalNB,-12.238749012391775,-1.3755324241176687,-12.501786845190008,-1.6385702569159015,-11.455546229702206,-0.5923296414280994
2024-02-17,Nacional,River Plate,L,CategoricalNB,-12.937073718546058,-2.4216695116954448,-10.629096256862768,-0.11369205001215477,-14.494959792775596,-3.9795555859249827
2024-02-18,CA Cerro,Montevideo Wanderers,E,CategoricalNB,-11.861619007681128,-1.1869366656999425,-11.741762529995768,-1.0670801880145824,-11.722124802173385,-1.0474424601921992
2024-02-18,Deportivo Maldonado,Boston River,V,CategoricalNB,-12.49257436476095,-1.143259508031326,-12.086587938487302,-0.737273081757678,-12.94482524865172,-1.5955103919220956
2024-02-18,Racing Club,Liverpool,E,CategoricalNB,-12.533277099423067,-1.5250612681759108,-12.035045766834145,-1.0268299355869885,-11.865643999623101,-0.8574281683759448
2024-02-19,Cerro Largo FC,CA Penarol,V,CategoricalNB,-12.182303818563819,-1.492031842253562,-11.079946426636509,-0.38967445032625214,-13.015026247402497,-2.3247542710922406
2024-02-23,River Plate,Deportivo Maldonado,L,CategoricalNB,-12.318211534272633,-0.9674207233466952,-12.16743456376895,-0.8166437528430119,-13.076618704706275,-1.7258278937803375
2024-02-24,Boston River,Danubio,E,CategoricalNB,-12.363490110751181,-1.5320535867525802,-13.003510112169378,-2.172073588170777,-11.231962679341757,-0.4005261553431563
2024-02-24,Montevideo Wanderers,Racing Club,V,CategoricalNB,-11.639852428881186,-0.9141251592027135,-12.043981271341837,-1.3182540016633641,-11.829762118482991,-1.1040348488045186
2024-02-25,CA Penarol,Miramar Misiones,L,CategoricalNB,-12.67195272652665,-1.7798077189375618,-11.116425831259287,-0.22428082367019897,-14.326731934941,-3.434586927351912
2024-02-25,Cerro Largo FC,CA Fenix,E,CategoricalNB,-11.980566863478403,-1.0600252772517678,-11.508613309675985,-0.5880717234493495,-13.241741517824385,-2.32119993159775
2024-02-25,Defensor Sporting,CA Cerro,L,CategoricalNB,-11.963362172504636,-1.2155428596208413,-11.246269250093642,-0.49844993720984654,-13.091440334425627,-2.343621021541832
2024-02-25,Liverpool,Nacional,E,CategoricalNB,-12.544886861394847,-1.6109988441242233,-12.725303254120384,-1.79141523684976,-11.390244562297974,-0.4563565450273508
2024-03-01,CA Cerro,CA Progreso,V,CategoricalNB,-11.90742204294122,-1.7649283778522413,-13.206194883157792,-3.063701218068813,-10.388283624072598,-0.2457899589836181
2024-03-01,Miramar Misiones,Cerro Largo FC,V,CategoricalNB,-12.245776155582282,-1.2186122496722316,-12.78028137057446,-1.7531174646644097,-11.6599184161922,-0.6327545102821492
2024-03-02,Racing Club,Defensor Sporting,V,CategoricalNB,-12.184527004055651,-1.188983468268484,-11.806415004129535,-0.8108714683423681,-12.377850765081478,-1.3823072292943106
2024-03-02,River Plate,Danubio,L,CategoricalNB,-12.211140193714622,-1.1646037091532602,-12.457988434893883,-1.4114519503325216,-11.858096447955036,-0.811559963393675
2024-03-03,CA Fenix,Boston River,V,CategoricalNB,-11.94259580005321,-1.0978652133865676,-12.434203143499083,-1.5894725568324404,-11.616089395632612,-0.7713588089659691
2024-03-03,Liverpool,Deportivo Maldonado,V,CategoricalNB,-12.303694618067189,-1.4708867865136046,-11.16088993374401,-0.3280821021904252,-13.829051425759951,-2.9962435942063674
2024-03-03,Nacional,Montevideo Wanderers,L,CategoricalNB,-12.492691618501901,-2.57904824872025,-10.004898147643528,-0.0912547778618773,-14.390532940791742,-4.476889571010091
2024-03-04,Rampla Juniors Futbol Club,CA Penarol,V,CategoricalNB,-12.297962588373535,-1.3237974443828282,-12.797146039966629,-1.8229808959759222,-11.532198179289859,-0.558033035299152
2024-03-09,CA Penarol,CA Cerro,L,CategoricalNB,-12.65806041490867,-2.934724061873,-9.782286758389192,-0.058950405353522584,-15.219837778292314,-5.496501425256644
2024-03-09,Miramar Misiones,CA Fenix,E,CategoricalNB,-11.860196717848497,-0.9979391834231865,-12.666199349139104,-1.8039418147137933,-11.624298194461154,-0.7620406600358436
2024-03-09,River Plate,Boston River,V,CategoricalNB,-12.383404085538286,-1.0654302889863327,-12.386592654204636,-1.068618857652682,-12.482925081884032,-1.1649512853320783
2024-03-10,CA Progreso,Racing Club,L,CategoricalNB,-12.090375183265715,-1.6130993442014585,-10.770432217098085,-0.293156378033828,-13.380876451008504,-2.9036006119442472
2024-03-10,Defensor Sporting,Nacional,E,CategoricalNB,-12.689977462345897,-1.5875403208707581,-12.382441324159306,-1.2800041826841664,-11.76111325175639,-0.6586761102812506
2024-03-10,Liverpool,Danubio,V,CategoricalNB,-12.224965957791493,-1.266111805947732,-12.366463231641873,-1.407609079798112,-11.706781506956697,-0.7479273551129353
2024-03-11,Cerro Largo FC,Rampla Juniors Futbol Club,L,CategoricalNB,-12.271555644651341,-1.4698048373496349,-11.147452790919386,-0.3457019836176798,-13.577444043927066,-2.7756932366253597
2024-03-11,Montevideo Wanderers,Deportivo Maldonado,E,CategoricalNB,-12.165100018130063,-0.8962566312524558,-12.662904918405953,-1.3940615315283456,-12.336422759595317,-1.0675793727177094
2024-03-15,Boston River,Liverpool,E,CategoricalNB,-12.130658178644216,-1.7568485454148792,-10.61005718394817,-0.23624755071883285,-13.648544369568864,-3.2747347363395267
2024-03-16,CA Fenix,River Plate,E,CategoricalNB,-11.967752473371045,-1.2813409612470092,-12.873729478532672,-2.187317966408637,-11.180514457651608,-0.4941029455275725
2024-03-16,Racing Club,CA Penarol,V,CategoricalNB,-11.887433421144294,-2.335184833508521,-13.522947561243278,-3.9706989736075045,-9.675154161698517,-0.12290557406274338
2024-03-23,Nacional,CA Progreso,E,CategoricalNB,-12.711006634403422,-1.7448720395510726,-11.391806445839794,-0.4256718509874453,-12.726383971618317,-1.7602493767659677
2024-03-23,Rampla Juniors Futbol Club,Miramar Misiones,E,CategoricalNB,-12.118560618849651,-0.8756356678577735,-12.163372280183292,-0.9204473291914148,-12.929988946820854,-1.6870639958289768
2024-03-24,CA Cerro,Cerro Largo FC,E,CategoricalNB,-12.197288116249702,-2.19688298433838,-13.88482385982233,-3.884418727911008,-10.141633324463493,-0.14122819255217145
2024-03-24,Danubio,Montevideo Wanderers,V,CategoricalNB,-12.475844474304283,-2.166323732660892,-10.446387720065106,-0.1368669784217147,-14.628336853263386,-4.318816111619995
2024-03-24,Deportivo Maldonado,Defensor Sporting,L,CategoricalNB,-12.041674348471895,-1.4675167160835692,-13.04555172259479,-2.4713940902064646,-10.952441793027473,-0.37828416063914716
2024-03-27,CA Progreso,Rampla Juniors Futbol Club,L,CategoricalNB,-12.628194391340843,-1.8546002872950673,-10.991909397340601,-0.21831529329482535,-14.002203084650107,-3.2286089806043314
2024-03-29,CA Penarol,Nacional,E,CategoricalNB,-12.583188212761584,-1.87005757633076,-10.977332344750248,-0.26420170831942436,-13.263324078566265,-2.5501934421354413
2024-03-29,Cerro Largo FC,Racing Club,V,CategoricalNB,-11.896726270049408,-1.3800488774501236,-10.892457560450426,-0.37578016785114166,-13.302465545179833,-2.7857881525805492
2024-03-30,Defensor Sporting,Danubio,L,CategoricalNB,-12.59612364288518,-1.6267580747721198,-11.260891112703769,-0.29152554459070856,-13.846226017572391,-2.876860449459331
2024-03-30,Liverpool,River Plate,E,CategoricalNB,-11.947812471967216,-0.8492998387406043,-12.490958496180541,-1.3924458629539291,-12.226083630209887,-1.127570996983275
2024-03-30,Rampla Juniors Futbol Club,CA Fenix,L,CategoricalNB,-12.091244205395556,-0.9412595978994389,-11.913896084784723,-0.7639114772886053,-13.087765797187359,-1.9377811896912416
2024-03-31,CA Progreso,Deportivo Maldonado,L,CategoricalNB,-12.526245674621263,-1.5906629888486155,-11.252653160451358,-0.31707047467870986,-13.624858496773925,-2.689275811001277
2024-03-31,Miramar Misiones,CA Cerro,E,CategoricalNB,-12.27091053588621,-0.9604716624731893,-12.708893957458788,-1.3984550840457661,-12.303855178207575,-0.9934163047945539
2024-04-01,Montevideo Wanderers,Boston River,V,CategoricalNB,-11.751800218119456,-1.6523345891901045,-12.93387973097154,-2.8344141020421887,-10.387621164002992,-0.2881555350736402
2024-04-06,Boston River,Defensor Sporting,E,CategoricalNB,-12.62009949408198,-1.6533568381287758,-12.37420337190689,-1.407460715953686,-11.539745730957923,-0.5730030750047188
2024-04-06,Danubio,CA Progreso,E,CategoricalNB,-11.890705328929497,-1.8171925639004503,-13.249741036154035,-3.1762282711249874,-10.301950390381402,-0.22843762535235435
2024-04-06,Nacional,Cerro Largo FC,L,CategoricalNB,-11.836807150522949,-1.1913873310444174,-11.637765431209255,-0.9923456117307232,-11.767829960644436,-1.1224101411659042
2024-04-06,Racing Club,Miramar Misiones,E,CategoricalNB,-12.077156269330073,-1.038902378904801,-11.738715812303404,-0.7004619218781318,-12.936700270676086,-1.8984463802508138
2024-04-06,River Plate,Montevideo Wanderers,L,CategoricalNB,-12.0839342254059,-1.523829862150036,-10.86496471514846,-0.3048603518925965,-13.663470223012686,-3.1033658597568223
2024-04-07,CA Cerro,Rampla Juniors Futbol Club,L,CategoricalNB,-12.118560618849651,-0.8756356678577735,-12.163372280183292,-0.9204473291914148,-12.929988946820854,-1.6870639958289768
2024-04-07,CA Fenix,Liverpool,V,CategoricalNB,-11.928080755707954,-0.944326432160473,-12.464071650574502,-1.48031732702702,-11.94218804030512,-0.9584337167576393
2024-04-07,Deportivo Maldonado,CA Penarol,V,CategoricalNB,-12.155883766730124,-2.165199477018099,-13.460167391942441,-3.4694831022304164,-10.148344648318721,-0.15766035860669625
2024-04-13,CA Cerro,CA Fenix,E,CategoricalNB,-11.919786657280715,-1.1445726455840433,-11.274616715704713,-0.4994027040080411,-13.368860045894534,-2.593646034197862
2024-04-13,CA Progreso,Boston River,L,CategoricalNB,-12.533277099423067,-1.5250612681759108,-12.035045766834145,-1.0268299355869885,-11.865643999623101,-0.8574281683759448
2024-04-14,CA Penarol,Danubio,L,CategoricalNB,-12.841283282211391,-2.8907623411878127,-10.012849245160755,-0.062328304137176715,-15.270722165645529,-5.32020122462195
2024-04-14,Defensor Sporting,River Plate,L,CategoricalNB,-12.296378013194548,-1.4151765529382914,-11.42724939641888,-0.5460479361626227,-12.607831790279773,-1.7266303300235162
2024-04-14,Deportivo Maldonado,Cerro Largo FC,V,CategoricalNB,-12.14885234192832,-1.0515674149227436,-12.677774785559654,-1.5804898585540776,-11.907559145469543,-0.8102742184639666
2024-04-14,Rampla Juniors Futbol Club,Racing Club,V,CategoricalNB,-11.891069668114659,-0.830585811506479,-12.351240158635173,-1.2907563020269937,-12.301316350427644,-1.2408324938194646
2024-04-16,Montevideo Wanderers,Liverpool,V,CategoricalNB,-11.707846800811938,-0.8078222348714288,-12.120677671863609,-1.2206531059231,-12.250431963074432,-1.3504073971339228
2024-04-17,Miramar Misiones,Nacional,V,CategoricalNB,-11.976802188138535,-1.6953782748680304,-13.284467897311405,-3.0030439840409002,-10.546908240697705,-0.26548432742720074
2024-04-19,Liverpool,Defensor Sporting,E,CategoricalNB,-11.994242306547099,-1.1967504923001062,-11.694455939903387,-0.8969641256563943,-12.035298470351211,-1.237806656104219
2024-04-19,Racing Club,CA Cerro,E,CategoricalNB,-11.66644245129236,-0.9261592161121168,-11.69602120398372,-0.9557379688034775,-12.257143286929663,-1.5168600517494202
2024-04-20,Boston River,CA Penarol,V,CategoricalNB,-12.457634748154376,-1.701246948840513,-12.531241631169554,-1.7748538318556903,-11.19019697206254,-0.4338091727486759
2024-04-20,Danubio,Cerro Largo FC,E,CategoricalNB,-11.883673904127695,-0.8734723001578946,-12.467348429771247,-1.4571468258014466,-12.061164887532222,-1.050963283562421
2024-04-20,Nacional,Rampla Juniors Futbol Club,L,CategoricalNB,-12.719101531662284,-2.7792978860361064,-10.009512471273503,-0.06970882564732506,-15.1888413253105,-5.2490376796843226
2024-04-21,CA Fenix,Montevideo Wanderers,V,CategoricalNB,-12.27091053588621,-0.9604716624731893,-12.708893957458788,-1.3984550840457661,-12.303855178207575,-0.9934163047945539
2024-04-21,Deportivo Maldonado,Miramar Misiones,V,CategoricalNB,-11.93701133511191,-0.964467862630098,-11.824334938391923,-0.8517914659101109,-12.62194909449199,-1.6494056220101783
2024-04-21,River Plate,CA Progreso,E,CategoricalNB,-11.532039825458167,-1.6168268023120653,-12.637954512375991,-2.7227414892298896,-10.222039961255723,-0.30682693810962114
2024-04-24,Rampla Juniors Futbol Club,Defensor Sporting,L,CategoricalNB,-12.02886869999085,-1.2384720843513666,-12.992863504938219,-2.2024668892987354,-11.301817194159382,-0.511420578519898
2024-04-27,Cerro Largo FC,Boston River,L,CategoricalNB,-11.175960303959732,-0.8650028338236648,-11.712498567712677,-1.4015410975766098,-11.411374143975946,-1.100416673839879
2024-04-27,Rampla Juniors Futbol Club,Deportivo Maldonado,E,CategoricalNB,-12.546902506337878,-1.1981578710576333,-11.82362307018192,-0.4748784349016759,-13.921960961640414,-2.5732163263601695
2024-04-28,CA Cerro,Nacional,V,CategoricalNB,-11.962968066417798,-1.839187650800083,-12.98015854363832,-2.856378128020605,-10.367666424728922,-0.2438860091112076
2024-04-28,CA Progreso,Liverpool,L,CategoricalNB,-12.529990863793437,-1.4719018007332423,-11.679423456229557,-0.6213343931693629,-12.513586525770199,-1.4554974627100048
2024-04-28,Miramar Misiones,Danubio,V,CategoricalNB,-11.912245032414878,-0.9413423097668048,-12.097107433680744,-1.1262047110326705,-12.2239447490819,-1.2530420264338265
2024-04-29,Defensor Sporting,Montevideo Wanderers,E,CategoricalNB,-12.230575706467517,-1.3673143630628335,-11.28042537523429,-0.41716403182960526,-13.313223458383723,-2.449962114979039
2024-04-29,Racing Club,CA Fenix,L,CategoricalNB,-12.149461747783546,-1.443681077217967,-11.07132878735121,-0.3655481167856305,-13.363234723064584,-2.6574540524990056
2024-04-30,CA Penarol,River Plate,L,CategoricalNB,-12.430569464173677,-2.551390501233673,-9.970154636841071,-0.09097567390106676,-14.591165181899107,-4.711986218959103
2024-05-03,Danubio,Rampla Juniors Futbol Club,E,CategoricalNB,-11.54013472271703,-0.973611954791826,-11.255660537809703,-0.6891377698844998,-12.68449731494791,-2.1179745470227065
2024-05-03,Liverpool,CA Penarol,E,CategoricalNB,-12.38242211546724,-1.6923481864615812,-12.882341513383047,-2.1922675843773884,-11.04069580340259,-0.35062187439693204
2024-05-04,Boston River,Miramar Misiones,L,CategoricalNB,-11.553613930528295,-0.8813137413016765,-12.031116525470809,-1.3588163362441907,-11.784615260379063,-1.1123150711524445
2024-05-04,Montevideo Wanderers,CA Progreso,L,CategoricalNB,-12.270357263493183,-1.6053706815947404,-13.268697214049045,-2.6037106321506016,-10.986313121328026,-0.3213265394295828
2024-05-04,Nacional,Racing Club,L,CategoricalNB,-12.802837617314196,-1.983243091803427,-11.058047509908707,-0.23845298439793794,-13.41612016540263,-2.59652563989186
2024-05-05,CA Fenix,Defensor Sporting,V,CategoricalNB,-11.733091327811083,-0.9251278366970794,-12.48741677721627,-1.679453286102266,-11.682528544565972,-0.8745650534519687
2024-05-05,Deportivo Maldonado,CA Cerro,L,CategoricalNB,-11.955105024041703,-0.9946023748418416,-12.24519124731819,-1.2846885981183274,-12.000677831657965,-1.0401751824581034
2024-05-05,River Plate,Cerro Largo FC,V,CategoricalNB,-11.68489994255876,-0.9379514190315579,-11.578592865292665,-0.8316443417654629,-12.5000359866059,-1.753087463078698
2024-05-11,CA Cerro,Danubio,L,CategoricalNB,-11.308898301962104,-0.8107341034650997,-11.66926618123548,-1.1711019827384757,-11.902853615388397,-1.404689416891392
2024-05-11,CA Penarol,Montevideo Wanderers,L,CategoricalNB,-12.866439955529225,-2.511138165558725,-10.452375580194344,-0.09707379022384366,-14.835147227664525,-4.479845437694024
2024-05-11,Miramar Misiones,River Plate,E,CategoricalNB,-12.143805145848793,-0.9096537136903855,-12.530111385535953,-1.2959599533775457,-12.362085528312397,-1.1279340961539894
2024-05-11,Nacional,CA Fenix,V,CategoricalNB,-12.881566277589892,-3.079550313304898,-9.852474212010842,-0.05045824772584773,-15.538390084205885,-5.736374119920891
2024-05-11,Racing Club,Deportivo Maldonado,V,CategoricalNB,-11.957516885311522,-1.209038408107519,-11.27510641750852,-0.5266279403045164,-12.947400125479623,-2.19892164827562
2024-05-12,CA Progreso,Defensor Sporting,V,CategoricalNB,-12.2028976688479,-1.324905391444613,-12.2897155410481,-1.411723263644813,-11.59042631892335,-0.7124340415200638
2024-05-12,Liverpool,Cerro Largo FC,L,CategoricalNB,-12.38485749969389,-1.2574086253770318,-12.089494190941338,-0.9620453166244793,-12.225563035156052,-1.0981141608391933
2024-05-12,Rampla Juniors Futbol Club,Boston River,V,CategoricalNB,-11.875233944821582,-0.8710424940530466,-11.984275941741416,-0.9800844909728799,-12.583073059204422,-1.5788816084358857
2024-05-18,CA Fenix,CA Progreso,L,CategoricalNB,-12.271181712718187,-1.0804004051335916,-12.846550399749749,-1.6557690921651531,-11.946665373205713,-0.7558840656211174
2024-05-18,Defensor Sporting,CA Penarol,V,CategoricalNB,-12.637937487159942,-1.6110078762412474,-12.00793309161308,-0.981003480694385,-11.881704174753784,-0.8547745638350897
2024-05-18,River Plate,Rampla Juniors Futbol Club,V,CategoricalNB,-11.762116758166057,-0.8700184468494552,-12.136417213038843,-1.2443189017222416,-12.119957169494834,-1.227858858178232
2024-05-19,Boston River,CA Cerro,L,CategoricalNB,-11.982710348922053,-1.0301708021759346,-11.773640073235773,-0.8211005264896549,-12.546562889619798,-1.5940233428736796
2024-05-19,Danubio,Racing Club,V,CategoricalNB,-11.68489994255876,-0.9379514190315579,-11.578592865292665,-0.8316443417654629,-12.5000359866059,-1.753087463078698
2024-05-19,Montevideo Wanderers,Cerro Largo FC,L,CategoricalNB,-12.092791628579128,-1.1863297759868736,-12.460955997297983,-1.5544941447057283,-11.633447380020284,-0.7269855274280292
2024-05-20,Liverpool,Miramar Misiones,L,CategoricalNB,-11.959588771766471,-1.2460359549728768,-11.157843507554428,-0.44429069076083394,-13.357526693621578,-2.6439738768279835
2024-05-21,Deportivo Maldonado,Nacional,V,CategoricalNB,-12.280229220369552,-2.030841980937703,-13.167288599536473,-2.917901360104624,-10.454288177709829,-0.20490093827798006
2024-05-24,CA Penarol,CA Progreso,L,CategoricalNB,-12.911917045228224,-2.7941565275052564,-10.18956992182918,-0.07180940410621339,-14.9305347307566,-4.812774213033633
2024-05-24,Racing Club,Boston River,V,CategoricalNB,-12.134044607780401,-1.7720771968065172,-13.265048847990071,-2.903081437016187,-10.616644807986441,-0.2546773970125571
2024-05-25,Liverpool,Rampla Juniors Futbol Club,V,CategoricalNB,-11.861385244219061,-1.1014948502798028,-11.845357566443386,-1.0854671725041278,-11.86891013474167,-1.1090197408024114
2024-05-25,Miramar Misiones,Montevideo Wanderers,L,CategoricalNB,-12.192181875610514,-2.157146379393142,-13.914467255356652,-3.8794317591392797,-10.18158525940432,-0.14654976318694857
2024-05-25,Nacional,Danubio,L,CategoricalNB,-12.470852459552178,-2.7345915162041106,-9.80977960369116,-0.07351866034309218,-14.858833100459464,-5.122572157111396
2024-05-26,CA Cerro,River Plate,L,CategoricalNB,-12.118560618849651,-0.8756356678577735,-12.163372280183292,-0.9204473291914148,-12.929988946820854,-1.6870639958289768
2024-05-26,Defensor Sporting,Cerro Largo FC,L,CategoricalNB,-12.756015184787577,-1.9577319552138448,-10.983922072003233,-0.18563884242950124,-14.365007545771746,-3.566724316198014
2024-05-26,Deportivo Maldonado,CA Fenix,V,CategoricalNB,-12.189135337306821,-1.0058308471182524,-12.51739975240974,-1.3340952622211706,-12.175227064029903,-0.9919225738413342
2024-06-01,Montevideo Wanderers,Rampla Juniors Futbol Club,L,CategoricalNB,-11.873142224026516,-1.1258722754493888,-12.380240832139528,-1.6329708835624004,-11.48065129318392,-0.7333813446067925
2024-06-02,CA Fenix,CA Penarol,V,CategoricalNB,-12.486068930133065,-1.9405767946050538,-13.224546118729101,-2.67905398320109,-10.784065532958769,-0.23857339743075734
2024-06-02,Defensor Sporting,Miramar Misiones,L,CategoricalNB,-12.881566277589892,-3.079550313304898,-9.852474212010842,-0.05045824772584773,-15.538390084205885,-5.736374119920891
2024-06-02,River Plate,Racing Club,E,CategoricalNB,-12.103434296788985,-0.8758529845203675,-12.763273648366793,-1.535692336098176,-12.22674609027949,-0.9991647780108739
2024-06-03,Danubio,Deportivo Maldonado,E,CategoricalNB,-12.034634866626133,-0.9536908914155351,-12.830116101253287,-1.749172126042689,-11.90018536154471,-0.8192413863341113
2024-06-03,Liverpool,CA Cerro,V,CategoricalNB,-12.223993375626753,-0.9983777543858601,-11.944385229832278,-0.7187696085913853,-13.162365510476034,-1.9367498892351414
2024-06-04,CA Progreso,Cerro Largo FC,V,CategoricalNB,-12.265469324135031,-1.049134106950012,-12.75133137122605,-1.5349961540410302,-12.05034899027426,-0.8340137730892412
2024-06-05,Boston River,Nacional,V,CategoricalNB,-12.62009949408198,-1.6533568381287758,-12.37420337190689,-1.407460715953686,-11.539745730957923,-0.5730030750047188
2024-06-08,Liverpool,Miramar Misiones,V,CategoricalNB,-12.171520288854824,-1.309610274575828,-11.25538269940012,-0.39347268512112343,-13.755717298823543,-2.893807284544547
2024-06-08,Montevideo Wanderers,CA Penarol,L,CategoricalNB,-12.20078101509413,-1.6482170867014698,-12.722256827930803,-2.169692899538143,-10.918719830159601,-0.3661559017669411
2024-06-08,Racing Club,CA Fenix,L,CategoricalNB,-11.92588208366881,-1.6159987078089681,-13.119009398538445,-2.809126022678603,-10.609570243882589,-0.29968686802274647
2024-06-09,CA Cerro,Nacional,L,CategoricalNB,-12.20078101509413,-1.6482170867014698,-12.722256827930803,-2.169692899538143,-10.918719830159601,-0.3661559017669411
2024-06-09,CA Progreso,River Plate,L,CategoricalNB,-12.353664793439181,-1.2683091154391288,-11.535303357269264,-0.4499476792692114,-13.598271643680155,-2.5129159656801026
2024-06-09,Cerro Largo FC,Danubio,E,CategoricalNB,-12.011628746952427,-1.0676629051724227,-11.532351740100655,-0.5883858983206505,-13.236935770624187,-2.292969928844183
2024-06-09,Deportivo Maldonado,Defensor Sporting,V,CategoricalNB,-12.06906137207121,-1.8368429354518376,-13.121009786869696,-2.8887913502503224,-10.474242916983899,-0.24202448036452573
2024-06-11,Rampla Juniors Futbol Club,Boston River,E,CategoricalNB,-12.003533849693564,-1.5727897787381018,-12.914645714666946,-2.4839016437114836,-10.774478416932,-0.3437343459765376
2024-06-15,Miramar Misiones,CA Cerro,L,CategoricalNB,-12.30501039637458,-1.8704570557630316,-13.579371933869567,-3.1448185932580177,-10.654113285954919,-0.2195599453433701
2024-06-15,Nacional,Liverpool,L,CategoricalNB,-12.96958545262479,-2.5072044782519356,-10.557386494148432,-0.0950055197755777,-15.15787629466663,-4.695495320293777
2024-06-15,River Plate,Deportivo Maldonado,E,CategoricalNB,-12.205383013508564,-0.8813355657006419,-12.502529885256038,-1.1784824374481158,-12.604090678155677,-1.2800432303477542
2024-06-16,CA Fenix,Montevideo Wanderers,L,CategoricalNB,-12.517941461805938,-1.3394319571457967,-12.559828105702339,-1.3813186010421976,-11.898496656906524,-0.7199871522463823
2024-06-16,CA Penarol,Racing Club,E,CategoricalNB,-12.866439955529225,-2.511138165558725,-10.452375580194344,-0.09707379022384366,-14.835147227664525,-4.479845437694024
2024-06-16,Danubio,Rampla Juniors Futbol Club,L,CategoricalNB,-12.143717292167485,-0.8484391947852181,-12.602898615216882,-1.3076205178346143,-12.49441400883985,-1.1991359114575832
2024-06-16,Defensor Sporting,CA Progreso,E,CategoricalNB,-12.752025503325827,-2.3997715792996335,-10.466538962529718,-0.11428503850352456,-14.411753202557245,-4.059499278531051
2024-06-17,Boston River,Cerro Largo FC,V,CategoricalNB,-12.660980543205826,-2.253214121523321,-10.53615778471723,-0.12839136303472465,-14.57921496295428,-4.171448541271776
2024-06-22,CA Cerro,Danubio,E,CategoricalNB,-11.835685153295794,-1.4922477644934666,-10.665231847566117,-0.3217944587637902,-13.333461998161646,-2.9900246093593186
2024-06-22,CA Progreso,CA Penarol,V,CategoricalNB,-12.272500748936835,-2.144286943774155,-13.533723977608837,-3.4055101724461565,-10.291134493123439,-0.16292068796075831
2024-06-22,Deportivo Maldonado,CA Fenix,V,CategoricalNB,-12.232464870989014,-1.9695273638704478,-13.75409222220674,-3.4911547150881734,-10.44925317796468,-0.18631567084611333
2024-06-22,Racing Club,Defensor Sporting,V,CategoricalNB,-12.103843791544168,-2.03329151750485,-13.085659159396215,-3.0151068853568965,-10.268935571316115,-0.1983832972767967
2024-06-23,Cerro Largo FC,Nacional,V,CategoricalNB,-12.090356244352481,-1.8682174757148484,-13.253803319739692,-3.0316645511020592,-10.448580148266823,-0.22644137962918975
2024-06-23,Liverpool,Boston River,L,CategoricalNB,-12.174068059805817,-1.028907105351836,-12.93999432503522,-1.7948333705812392,-11.886558655390564,-0.7413977009365826
2024-06-23,Montevideo Wanderers,River Plate,V,CategoricalNB,-12.208875912352992,-1.3067021274374788,-11.339962853364515,-0.43778906844900156,-13.381177183851785,-2.479003398936271
2024-06-23,Rampla Juniors Futbol Club,Miramar Misiones,V,CategoricalNB,-12.171104315766799,-1.0187304768878125,-12.678356679491786,-1.5259828406127998,-12.016215132796278,-0.8638412939172913
2024-07-06,Boston River,CA Cerro,L,CategoricalNB,-11.88559908829031,-1.7800242668802575,-13.279384431688356,-3.1738096102783047,-10.341902325322229,-0.23632750391217705
2024-07-06,CA Penarol,Deportivo Maldonado,E,CategoricalNB,-12.881566277589892,-3.079550313304898,-9.852474212010842,-0.05045824772584773,-15.538390084205885,-5.736374119920891
2024-07-06,Cerro Largo FC,Liverpool,L,CategoricalNB,-12.12696757639569,-0.9578955978242032,-11.965041925436822,-0.7959699468653341,-12.96993031213343,-1.8008583335619424
2024-07-07,CA Fenix,River Plate,L,CategoricalNB,-11.988035070332353,-1.2981859788803245,-11.210753524841612,-0.5209044333895836,-12.707328229548368,-2.0174791380963395
2024-07-07,CA Progreso,Racing Club,L,CategoricalNB,-11.513330935149794,-0.9178654249821019,-12.191491558620724,-1.596026048453032,-11.516947341818703,-0.9214818316510112
2024-07-07,Defensor Sporting,Montevideo Wanderers,E,CategoricalNB,-12.89375636898332,-2.3145410416012258,-10.701851775592914,-0.12263644821081954,-14.67737037729802,-4.098155049915926
2024-07-07,Nacional,Rampla Juniors Futbol Club,E,CategoricalNB,-12.881566277589892,-3.079550313304898,-9.852474212010842,-0.05045824772584773,-15.538390084205885,-5.736374119920891
2024-07-08,Miramar Misiones,Danubio,V,CategoricalNB,-11.988035070332353,-1.2981859788803245,-11.210753524841612,-0.5209044333895836,-12.707328229548368,-2.0174791380963395
2024-07-13,Boston River,Miramar Misiones,L,CategoricalNB,-12.293379969592264,-1.097584452189075,-12.385383078064843,-1.1895875606616535,-12.21196980310498,-1.0161742857017906
2024-07-13,Danubio,Nacional,V,CategoricalNB,-12.16266172280595,-1.6636365120905658,-12.586416294787497,-2.087391084072113,-10.875114600655321,-0.3760893899399367
2024-07-13,Deportivo Maldonado,Racing Club,E,CategoricalNB,-11.733091327811083,-0.9251278366970794,-12.48741677721627,-1.679453286102266,-11.682528544565972,-0.8745650534519687
2024-07-13,Rampla Juniors Futbol Club,Liverpool,L,CategoricalNB,-12.118560618849651,-0.8756356678577735,-12.163372280183292,-0.9204473291914148,-12.929988946820854,-1.6870639958289768
2024-07-14,CA Cerro,Cerro Largo FC,V,CategoricalNB,-12.12222877602535,-1.2167724906653063,-12.58908530671293,-1.6836290213528855,-11.563011272214576,-0.6575549868545316
2024-07-14,CA Fenix,Defensor Sporting,V,CategoricalNB,-12.303831596452287,-1.584111800631737,-12.296584502654838,-1.5768647068342876,-11.250326128267785,-0.5306063324472348
2024-07-14,Montevideo Wanderers,CA Progreso,L,CategoricalNB,-12.22702772981099,-1.04058638186142,-12.032004744252047,-0.8455633963024773,-12.712287007393249,-1.5258456594436787
2024-07-14,River Plate,CA Penarol,V,CategoricalNB,-11.757025591178435,-1.3210173350504348,-12.720234586232921,-2.2842263301049215,-10.896008496368525,-0.4600002402405252
2024-07-20,Cerro Largo FC,Rampla Juniors Futbol Club,V,CategoricalNB,-11.871231241558762,-1.4984328704890526,-10.681141599271546,-0.3083432282018368,-13.546299996969895,-3.173501625900185
2024-07-20,Defensor Sporting,River Plate,V,CategoricalNB,-12.534466780331003,-2.4763527620856873,-10.156936098013345,-0.09882207976802881,-14.658603878173679,-4.600489859928363
2024-07-20,Nacional,Miramar Misiones,L,CategoricalNB,-12.821281453742975,-2.260179240820012,-10.702553932806422,-0.1414517198834595,-14.15208824363071,-3.5909860307077466
2024-07-20,Racing Club,Montevideo Wanderers,V,CategoricalNB,-11.677358317692923,-1.0526224715170027,-12.401083583268699,-1.7763477370927792,-11.355120689793265,-0.7303848436173457
2024-07-21,Boston River,Danubio,V,CategoricalNB,-12.460589435819125,-1.130004318809105,-12.281237351190079,-0.9506522341800583,-12.566808151986885,-1.2362230349768648
2024-07-21,CA Penarol,CA Fenix,L,CategoricalNB,-12.640372871386589,-1.7599313583480178,-11.215085769171369,-0.3346442561327976,-13.066571406507245,-2.1861298934686744
2024-07-21,CA Progreso,Deportivo Maldonado,V,CategoricalNB,-12.23704781123247,-1.2432719345039,-11.461746771602868,-0.46797089487429844,-13.455481798875441,-2.461705922146871
2024-07-21,Liverpool,CA Cerro,V,CategoricalNB,-11.71159227083187,-0.8472181479539724,-11.894939906889709,-1.0305657840118112,-12.403403066240735,-1.5390289433628368
2024-07-27,CA Fenix,CA Progreso,E,CategoricalNB,-12.271643498332649,-1.530262588580861,-11.074665561238461,-0.3332846514866734,-13.445115563399613,-2.7037346536478246
2024-07-27,CA Penarol,Defensor Sporting,L,CategoricalNB,-12.791874358731091,-2.25908353829327,-10.681965436765767,-0.1491746163279455,-13.910218331544412,-3.377427511106591
2024-07-27,Miramar Misiones,Cerro Largo FC,E,CategoricalNB,-12.35197066758771,-1.347501517421815,-13.317410937030699,-2.312941786864805,-11.448974174357422,-0.44450502419152826
2024-07-27,Montevideo Wanderers,Deportivo Maldonado,L,CategoricalNB,-11.68773732357363,-0.8956769488253933,-11.82881473685372,-1.0367543621054836,-12.231480518212583,-1.4394201434643463
2024-07-28,CA Cerro,Rampla Juniors Futbol Club,L,CategoricalNB,-11.883673904127695,-0.8734723001578946,-12.467348429771247,-1.4571468258014466,-12.061164887532222,-1.050963283562421
2024-07-28,Danubio,Liverpool,L,CategoricalNB,-12.122053517694079,-1.4524625661344235,-11.000805248291766,-0.3312142967321101,-13.707075452516966,-3.0374845009573104
2024-07-28,Nacional,Boston River,L,CategoricalNB,-12.937073718546058,-2.4216695116954448,-10.629096256862768,-0.11369205001215477,-14.494959792775596,-3.9795555859249827
2024-07-29,River Plate,Racing Club,E,CategoricalNB,-12.191106144235215,-0.9607180329470406,-11.988651991846119,-0.7582638805579442,-13.134849054811097,-1.9044609435229223
2024-08-04,Nacional,CA Penarol,E,CategoricalNB,-12.713579838428632,-1.7039418688771217,-11.51173722727767,-0.5020992577261598,-12.55715120231435,-1.5475132327628387
2024-08-17,CA Penarol,Cerro Largo FC,E,CategoricalNB,-13.053647910885717,-2.706315992591721,-10.424882734892378,-0.07755081659838226,-15.196151905497375,-4.848819987203379
2024-08-17,Liverpool,Racing Club,E,CategoricalNB,-12.07827762347115,-0.8501406890465724,-12.323747313333207,-1.0956103789086296,-12.662321028260495,-1.434184093835917
2024-08-17,Montevideo Wanderers,CA Cerro,L,CategoricalNB,-12.23127264927284,-1.3501627768573012,-11.307827824069301,-0.42671795165376203,-13.309776125366707,-2.4286662529511673
2024-08-18,Boston River,Deportivo Maldonado,L,CategoricalNB,-12.055779496165536,-1.3132876417851982,-11.157513427462492,-0.4150215730821536,-13.391242686484334,-2.648750832103996
2024-08-18,CA Progreso,Miramar Misiones,E,CategoricalNB,-12.051150143224922,-0.960488376625614,-12.412968738863238,-1.322306972263931,-12.138273975460306,-1.0476122088609987
2024-08-18,Danubio,CA Fenix,L,CategoricalNB,-12.266818737535809,-1.3487821156749256,-11.32373757577473,-0.405700953913847,-13.522614124174956,-2.604577502314072
2024-08-18,River Plate,Nacional,E,CategoricalNB,-12.31011663701377,-1.9082599205372137,-13.549728538335241,-3.1478718218586845,-10.614161351014092,-0.212304634537535
2024-08-19,Defensor Sporting,Rampla Juniors Futbol Club,V,CategoricalNB,-12.631669731148149,-1.6324092246949906,-11.276800864409202,-0.2775403579560436,-14.05906401638064,-3.059803509927482
2024-09-07,CA Cerro,Defensor Sporting,E,CategoricalNB,-11.941593953893184,-1.0095324685012521,-12.236097900293709,-1.304036414901777,-11.942177470676869,-1.010115985284937
2024-09-07,Miramar Misiones,CA Penarol,V,CategoricalNB,-12.262815638627348,-2.519508543373064,-14.091187932025079,-4.347880836770795,-9.841397824515392,-0.09809072926110751
2024-09-07,Racing Club,Montevideo Wanderers,V,CategoricalNB,-11.816799658127458,-1.9844622850777114,-13.34622688457485,-3.513889511525104,-10.015341596587445,-0.18300422353769896
2024-09-08,CA Fenix,Cerro Largo FC,L,CategoricalNB,-11.804002066690375,-1.185096729447185,-12.726581681876992,-2.107676344633802,-11.17618792635294,-0.5572825891097501
2024-09-08,Danubio,Boston River,L,CategoricalNB,-12.20078101509413,-1.6482170867014698,-12.722256827930803,-2.169692899538143,-10.918719830159601,-0.3661559017669411
2024-09-08,Deportivo Maldonado,River Plate,V,CategoricalNB,-11.414708819718252,-0.8647849555207863,-11.715255220288315,-1.1653313560908494,-11.870286034000655,-1.3203621698031895
2024-09-08,Nacional,Liverpool,L,CategoricalNB,-12.881566277589892,-3.079550313304898,-9.852474212010842,-0.05045824772584773,-15.538390084205885,-5.736374119920891
2024-09-08,Rampla Juniors Futbol Club,CA Progreso,L,CategoricalNB,-11.671056704277865,-1.1230893548193794,-11.118485673121997,-0.5705183236635119,-12.759850550210183,-2.211883200751698
2024-09-14,CA Progreso,CA Cerro,V,CategoricalNB,-11.97104058545506,-1.2173469959074765,-12.868831045926363,-2.115137456378779,-11.292629227916402,-0.5389356383688177
2024-09-14,Cerro Largo FC,Miramar Misiones,V,CategoricalNB,-11.626957117375943,-0.9217873528982494,-11.594818142882449,-0.8896483784047557,-12.358599046282732,-1.653429281805039
2024-09-14,Defensor Sporting,Racing Club,V,CategoricalNB,-12.19113775226649,-1.6732780697243808,-10.7671725108285,-0.24931282828639034,-13.928111708468949,-3.410252025926839
2024-09-15,CA Penarol,Rampla Juniors Futbol Club,L,CategoricalNB,-12.802837617314196,-1.983243091803427,-11.058047509908707,-0.23845298439793794,-13.41612016540263,-2.59652563989186
2024-09-15,Danubio,River Plate,L,CategoricalNB,-12.002010831196946,-1.1529514585721454,-11.493200763228353,-0.6441413906035525,-12.686759053304774,-1.8376996806799735
2024-09-15,Deportivo Maldonado,Liverpool,V,CategoricalNB,-12.115288711064446,-0.9376243797477013,-12.436578805272536,-1.258914473955791,-12.303192718137973,-1.1255283868212285
2024-09-16,Montevideo Wanderers,Nacional,V,CategoricalNB,-12.554571971704338,-1.5075188325757534,-12.167839299704143,-1.120786160575559,-11.839981230906021,-0.7929280917774371
2024-09-17,Boston River,CA Fenix,L,CategoricalNB,-12.353141171581266,-1.0996052640783862,-11.976709714705372,-0.7231738072024925,-12.958451954805865,-1.7049160473029854
2024-09-21,Deportivo Maldonado,Montevideo Wanderers,V,CategoricalNB,-12.105359480951599,-1.8200974712639564,-13.575309650283906,-3.2900476405962635,-10.507483528069498,-0.2222215183818559
2024-09-21,Racing Club,CA Progreso,L,CategoricalNB,-11.725270791618572,-1.0524053449395385,-11.345430602461825,-0.6725651557827916,-12.635375424638807,-1.9625099779597743
2024-09-21,Rampla Juniors Futbol Club,Cerro Largo FC,L,CategoricalNB,-12.324214741796256,-1.1599664569090695,-11.772653038700678,-0.6084047538134918,-13.11417172536103,-1.9499234404738441
2024-09-22,Boston River,River Plate,L,CategoricalNB,-12.273381480462634,-1.110271544363707,-12.308730196492045,-1.1456202603931178,-12.205803474154033,-1.0426935380551061
2024-09-22,CA Fenix,Miramar Misiones,E,CategoricalNB,-11.900713427787183,-0.9768477226085892,-11.726654639468308,-0.8027889342897137,-12.664401466411269,-1.7405357612326746
2024-09-22,Danubio,Liverpool,L,CategoricalNB,-12.246398971333507,-1.76273914134506,-10.707926455885799,-0.2242666258973518,-14.01301898190807,-3.529359151919623
2024-09-22,Nacional,Defensor Sporting,E,CategoricalNB,-12.841283282211391,-2.8907623411878127,-10.012849245160755,-0.062328304137176715,-15.270722165645529,-5.32020122462195
2024-09-23,CA Cerro,CA Penarol,V,CategoricalNB,-12.325126468733558,-1.590572312952709,-12.429378035524836,-1.6948238797439874,-11.224663359550705,-0.49010920376985645
2024-09-28,Cerro Largo FC,CA Cerro,L,CategoricalNB,-12.043565446030092,-0.8954003069140732,-12.190379389070708,-1.0422142499546894,-12.579946415731577,-1.431781276615558
2024-09-28,Miramar Misiones,Rampla Juniors Futbol Club,E,CategoricalNB,-11.81167721318946,-1.5550147310651337,-13.107562187626241,-2.8508997055019147,-10.569974989946362,-0.3133125078220349
2024-09-29,Defensor Sporting,Deportivo Maldonado,L,CategoricalNB,-12.304522029473967,-1.4006800058075601,-11.273533553533479,-0.36969152986707243,-13.674460975016087,-2.7706189513496806
2024-09-29,Liverpool,Boston River,E,CategoricalNB,-12.110465721590787,-1.8576073317154425,-13.545666254749584,-3.2928078648742396,-10.46753159312867,-0.2146732032533265
2024-09-29,Montevideo Wanderers,Danubio,E,CategoricalNB,-12.483938208687501,-1.3842627815212083,-11.991118623035717,-0.8914431958694244,-12.18016866579495,-1.080493238628657
2024-09-29,River Plate,CA Fenix,L,CategoricalNB,-11.551342521442786,-0.8986426592225065,-12.280738938494478,-1.6280390762741987,-11.577617806792821,-0.9249179445725417
2024-09-30,CA Progreso,Nacional,V,CategoricalNB,-11.983297383315843,-2.1044673335416206,-13.437578507570535,-3.5587484577963124,-10.041802063131113,-0.1629720133568906
2024-10-01,CA Penarol,Racing Club,E,CategoricalNB,-12.721240595714258,-2.3405794223645735,-10.505244760097343,-0.1245835867476579,-14.25040576643334,-3.869744593083656
2024-10-04,River Plate,Liverpool,E,CategoricalNB,-11.756536753736482,-0.8933220294714346,-11.761972283967227,-0.8987575597021795,-12.558041246947365,-1.6948265226823178
2024-10-05,Boston River,Montevideo Wanderers,L,CategoricalNB,-12.549465731065148,-1.475954166222735,-12.197482695238467,-1.123971130396054,-11.879933165846849,-0.8064216010044358
2024-10-05,CA Cerro,Miramar Misiones,V,CategoricalNB,-11.488086408150648,-0.8174588874536788,-11.82475245326806,-1.15412493257109,-12.084850760327162,-1.4142232396301928
2024-10-05,Danubio,Defensor Sporting,E,CategoricalNB,-11.88222455257621,-1.245125412048461,-11.164764485788774,-0.5276653452610258,-12.739895810936108,-2.1027966704083596
2024-10-05,Racing Club,Cerro Largo FC,E,CategoricalNB,-11.797625343409125,-1.0333222376358222,-11.552075458209055,-0.787772352435752,-12.428618597280268,-1.6643154915069651
2024-10-06,CA Fenix,Rampla Juniors Futbol Club,L,CategoricalNB,-12.023651471242983,-1.241205251415991,-12.80729684703545,-2.0248506272084583,-11.328984013189304,-0.5465377933623117
2024-10-06,Deportivo Maldonado,CA Progreso,E,CategoricalNB,-12.30369668775119,-0.9606286906053914,-12.253142344835418,-0.9100743476896191,-12.880867056511752,-1.5377990593659536
2024-10-06,Nacional,CA Penarol,L,CategoricalNB,-12.713579838428632,-1.7039418688771217,-11.51173722727767,-0.5020992577261598,-12.55715120231435,-1.5475132327628387
2024-10-11,Liverpool,CA Fenix,V,CategoricalNB,-11.744768793317652,-0.8479124094074955,-12.151487124588753,-1.2546307406785964,-12.146835661153814,-1.249979277243657
2024-10-12,CA Penarol,Deportivo Maldonado,L,CategoricalNB,-12.881566277589892,-3.079550313304898,-9.852474212010842,-0.05045824772584773,-15.538390084205885,-5.736374119920891
2024-10-12,CA Progreso,Danubio,E,CategoricalNB,-11.88559908829031,-1.7800242668802575,-13.279384431688356,-3.1738096102783047,-10.341902325322229,-0.23632750391217705
2024-10-12,Defensor Sporting,Boston River,V,CategoricalNB,-11.777870086841379,-1.5655756447944587,-12.321010045022266,-2.108715602975346,-10.61331166399887,-0.40101722195194967
2024-10-12,Rampla Juniors Futbol Club,CA Cerro,E,CategoricalNB,-11.971345751573926,-0.989522031711978,-11.69272677325057,-0.7109030533886216,-12.969267852063828,-1.9874441322018797
2024-10-13,Cerro Largo FC,Nacional,V,CategoricalNB,-11.821905898766648,-2.0231387316835576,-13.316583489040529,-3.5178163219574383,-9.975389661646618,-0.17662249456352797
2024-10-13,Miramar Misiones,Racing Club,E,CategoricalNB,-11.951613006927397,-1.2028518457135515,-12.356135732916423,-1.607374571702577,-11.443408607235753,-0.6946474460219072
2024-10-13,Montevideo Wanderers,River Plate,V,CategoricalNB,-12.31081577028567,-0.9627232062864266,-12.283542834905024,-0.9354502709057808,-12.836467241810853,-1.4883746778116098
2024-10-15,Liverpool,Montevideo Wanderers,E,CategoricalNB,-11.532404164643326,-0.8394340694243567,-11.73945363485713,-1.0464835396381602,-12.221405921301967,-1.5284358260829976
2024-10-16,Boston River,CA Progreso,L,CategoricalNB,-12.587911395962342,-1.7083754112599703,-11.152284430490514,-0.2727484457881424,-13.734535166089747,-2.8549991813873756
2024-10-16,Danubio,CA Penarol,V,CategoricalNB,-12.16266172280595,-1.6636365120905658,-12.586416294787497,-2.087391084072113,-10.875114600655321,-0.3760893899399367
2024-10-16,Racing Club,Rampla Juniors Futbol Club,L,CategoricalNB,-11.885672889723823,-1.2450462607108452,-11.161516366879473,-0.5208897378664954,-12.777014498590654,-2.1363878695776766
2024-10-17,CA Fenix,CA Cerro,V,CategoricalNB,-12.036873273951572,-0.9855066512223871,-11.899090845453319,-0.8477242227241337,-12.669032352115726,-1.617665729386541
2024-10-17,Cerro Largo FC,Deportivo Maldonado,L,CategoricalNB,-11.743178401366594,-0.9242419921503409,-11.595131909401491,-0.7761955001852385,-12.763745284003983,-1.9448088747877303
2024-10-17,River Plate,Defensor Sporting,V,CategoricalNB,-11.803076153016894,-0.9095596771473904,-12.261504922189884,-1.3679884463203802,-11.964475059721828,-1.070958583852324
2024-10-18,Nacional,Miramar Misiones,L,CategoricalNB,-12.783362750042482,-2.3708906191376258,-10.539988270899798,-0.12751613999494182,-14.04977352532598,-3.637301394421124
2024-10-19,CA Progreso,River Plate,L,CategoricalNB,-12.149375963786236,-0.9510183287927099,-12.236368428123543,-1.0380107931300167,-12.547378834343837,-1.349021199350311
2024-10-20,CA Cerro,Racing Club,E,CategoricalNB,-11.760313703262451,-1.2546029201390496,-12.715336153626616,-2.2096253705032147,-11.008123266633318,-0.5024124835099162
2024-10-20,CA Penarol,Boston River,L,CategoricalNB,-12.87347138033103,-1.9409272747128181,-11.234768186577131,-0.3022240809589203,-13.075932730513705,-2.1433886248954934
2024-10-20,Cerro Largo FC,Danubio,E,CategoricalNB,-11.560631933536216,-0.874148099485474,-11.650032164930886,-0.963548330880144,-12.289710868317401,-1.6032270342666592
2024-10-20,Rampla Juniors Futbol Club,Nacional,L,CategoricalNB,-11.61886222011708,-1.9252484976187478,-12.97711211744874,-3.283498394950408,-9.896141692590545,-0.20252797009221268
2024-10-21,Miramar Misiones,Deportivo Maldonado,L,CategoricalNB,-11.98104446257773,-0.9233861040858606,-12.03026498079425,-0.972606622302381,-12.550505477816683,-1.4928471193248143
2024-10-21,Montevideo Wanderers,CA Fenix,V,CategoricalNB,-11.611830795315276,-0.9225477375720725,-12.19471951106595,-1.505436453322746,-11.655356189741367,-0.9660731319981632
2024-10-22,Defensor Sporting,Liverpool,L,CategoricalNB,-12.14255653143262,-1.792501784712023,-10.575513093096701,-0.2254583463761044,-13.693737247922979,-3.343682501202382
2024-11-01,Deportivo Maldonado,Rampla Juniors Futbol Club,E,CategoricalNB,-11.89298286971348,-0.9012449690525326,-12.210447736515734,-1.2187098358547868,-12.201310072765327,-1.2095721721043802
2024-11-02,Danubio,Miramar Misiones,L,CategoricalNB,-11.783027256771861,-0.9524812617902558,-11.81055838363754,-0.9800123886559344,-12.262210412991147,-1.4316644180095413
2024-11-02,Nacional,CA Cerro,L,CategoricalNB,-12.430569464173677,-2.551390501233673,-9.970154636841071,-0.09097567390106676,-14.591165181899107,-4.711986218959103
2024-11-03,Boston River,Cerro Largo FC,L,CategoricalNB,-12.438431562018987,-1.4401595136541463,-11.516550636012155,-0.5182785876473144,-12.784654874683268,-1.7863828263184267
2024-11-03,CA Fenix,Racing Club,V,CategoricalNB,-11.736584226655511,-1.0968483436372427,-11.324849745324746,-0.6851138623064781,-12.459615050262082,-1.8198791672438137
2024-11-03,Liverpool,CA Progreso,L,CategoricalNB,-11.511941980611672,-0.8035160812108195,-12.008737552827268,-1.3003116534264159,-11.98210158444447,-1.2736756850436173
2024-11-03,River Plate,CA Penarol,V,CategoricalNB,-12.090356244352481,-1.8682174757148484,-13.253803319739692,-3.0316645511020592,-10.448580148266823,-0.22644137962918975
2024-11-04,Montevideo Wanderers,Defensor Sporting,E,CategoricalNB,-11.90689396057158,-1.8130174520612954,-13.412177964558357,-3.318301456048072,-10.316239556605149,-0.22236304809486462
2024-11-08,CA Cerro,Deportivo Maldonado,E,CategoricalNB,-11.626957117375943,-0.9217873528982494,-11.594818142882449,-0.8896483784047557,-12.358599046282732,-1.653429281805039
2024-11-09,CA Penarol,Liverpool,L,CategoricalNB,-12.470852459552178,-2.7345915162041106,-9.80977960369116,-0.07351866034309218,-14.858833100459464,-5.122572157111396
2024-11-09,Cerro Largo FC,River Plate,L,CategoricalNB,-11.782578942197711,-0.9085329522940206,-11.867133295068701,-0.9930873051650106,-12.359261506352334,-1.485215516448644
2024-11-09,Racing Club,Nacional,V,CategoricalNB,-12.228189245183597,-1.9158686488879333,-12.792780366990247,-2.4804597706945835,-10.574879100707223,-0.2625585044115599
2024-11-09,Rampla Juniors Futbol Club,Danubio,V,CategoricalNB,-11.089137909300815,-0.8222588569626481,-11.373340962639931,-1.106461910301764,-11.737272412641127,-1.4703933603029604
2024-11-10,CA Progreso,Montevideo Wanderers,E,CategoricalNB,-11.652201644375088,-0.9572745930922686,-11.96155724823511,-1.2666301969522902,-11.790695627774271,-1.0957685764914515
2024-11-10,Defensor Sporting,CA Fenix,L,CategoricalNB,-12.104851213924261,-1.1934972343578245,-11.851353794146197,-0.9399998145797603,-12.09482863722919,-1.183474657662753
2024-11-10,Miramar Misiones,Boston River,L,CategoricalNB,-12.224683196892975,-1.9550274662174925,-13.393324939055947,-3.1236692083804645,-10.474905377053505,-0.20524964637802157
2024-11-12,Deportivo Maldonado,Racing Club,V,CategoricalNB,-12.023762459351664,-1.207812783777312,-13.022506900472541,-2.206557224898189,-11.341769129100209,-0.5258194535258571
2024-11-13,CA Fenix,Nacional,V,CategoricalNB,-12.31150559155189,-2.295994163053278,-13.732482544128693,-3.7169711156300806,-10.149007108388327,-0.13349567988971422
2024-11-13,Cerro Largo FC,Liverpool,E,CategoricalNB,-12.011628746952427,-1.0676629051724227,-11.532351740100655,-0.5883858983206505,-13.236935770624187,-2.292969928844183
2024-11-13,River Plate,Miramar Misiones,E,CategoricalNB,-12.450533794047873,-0.920553575865025,-12.458811762364292,-0.9288315441814436,-13.106532296311697,-1.5765520781288487
2024-11-14,Boston River,Rampla Juniors Futbol Club,L,CategoricalNB,-12.090375183265715,-1.6130993442014585,-10.770432217098085,-0.293156378033828,-13.380876451008504,-2.9036006119442472
2024-11-14,Danubio,CA Cerro,E,CategoricalNB,-11.632937411989685,-1.1800616374434423,-10.982645139978692,-0.5297693654324487,-12.716245320705902,-2.263369546159659
2024-11-14,Defensor Sporting,CA Progreso,L,CategoricalNB,-12.27067792227128,-2.166786312285943,-10.24712367754161,-0.14323206755627282,-14.072383653699752,-3.9684920437144147
2024-11-14,Montevideo Wanderers,CA Penarol,V,CategoricalNB,-11.821905898766648,-2.0231387316835576,-13.316583489040529,-3.5178163219574383,-9.975389661646618,-0.17662249456352797
2024-11-16,Nacional,Deportivo Maldonado,L,CategoricalNB,-12.881566277589892,-3.079550313304898,-9.852474212010842,-0.05045824772584773,-15.538390084205885,-5.736374119920891
2024-11-17,CA Penarol,Defensor Sporting,L,CategoricalNB,-12.87347138033103,-1.9409272747128181,-11.234768186577131,-0.3022240809589203,-13.075932730513705,-2.1433886248954934
2024-11-17,Miramar Misiones,Liverpool,E,CategoricalNB,-11.822064276114128,-0.9205645987386539,-11.968336356169972,-1.0668366787944983,-12.257805746999267,-1.356306069623793
2024-11-17,Racing Club,Danubio,E,CategoricalNB,-12.173439970785243,-1.3220195026258583,-11.762179620127418,-0.9107591519680334,-11.956499004519701,-1.1050785363603168
2024-11-18,CA Cerro,Boston River,E,CategoricalNB,-11.532039825458167,-1.6168268023120653,-12.637954512375991,-2.7227414892298896,-10.222039961255723,-0.30682693810962114
2024-11-18,CA Progreso,CA Fenix,E,CategoricalNB,-12.01086714784642,-1.000768013753314,-12.573343772013153,-1.5632446379200466,-11.87060605689995,-0.8605069228068434
2024-11-19,Cerro Largo FC,Montevideo Wanderers,L,CategoricalNB,-12.006128171046884,-1.0598641710889698,-11.65737614577709,-0.7111121458191754,-12.76396050639604,-1.8176965064381267
2024-11-19,Rampla Juniors Futbol Club,River Plate,V,CategoricalNB,-11.898800226188362,-0.8971673138936733,-11.867447061587743,-0.8658141492930547,-12.764407744073585,-1.7627748317788967
2024-11-26,Montevideo Wanderers,Miramar Misiones,L,CategoricalNB,-11.77875753969123,-0.9534189715458758,-12.359842576524331,-1.5345040083789776,-11.744091344861399,-0.9187527767160457
2024-11-26,Rampla Juniors Futbol Club,Liverpool,V,CategoricalNB,-11.488086408150648,-0.8174588874536788,-11.82475245326806,-1.15412493257109,-12.084850760327162,-1.4142232396301928
2024-11-26,River Plate,CA Cerro,L,CategoricalNB,-11.555970446010102,-0.8604888433775528,-11.622624754703457,-0.9271431520709079,-12.40274060617113,-1.7072590035385815
2024-11-27,Boston River,Racing Club,V,CategoricalNB,-12.306167632327616,-1.16133128049764,-11.852978583868675,-0.7081422320386981,-12.78281535245821,-1.637979000628233
2024-11-27,CA Fenix,Deportivo Maldonado,V,CategoricalNB,-11.964327748566005,-0.9174588658479799,-12.073811133790493,-1.0269422510724677,-12.464172244125487,-1.4173033614074626
2024-11-27,CA Progreso,CA Penarol,V,CategoricalNB,-11.684389742494727,-2.2295840042631525,-13.183476189651486,-3.7286704514199123,-9.595906192642444,-0.1411004544108696
2024-11-27,Cerro Largo FC,Defensor Sporting,L,CategoricalNB,-12.092027959789117,-1.418486534567469,-12.409695618119073,-1.7361541928974251,-11.21530203554425,-0.5417606103226014
2024-11-28,Danubio,Nacional,E,CategoricalNB,-12.16266172280595,-1.6636365120905658,-12.586416294787497,-2.087391084072113,-10.875114600655321,-0.3760893899399367
2024-11-30,CA Cerro,Liverpool,V,CategoricalNB,-11.938649081593626,-0.9511874256687349,-12.082873535823795,-1.0954118798989043,-12.262872873060752,-1.2754112171358614
2024-11-30,Cerro Largo FC,CA Progreso,L,CategoricalNB,-12.206115975955006,-1.6144754421332443,-10.868301489035712,-0.2766609552139503,-13.74535106334771,-3.1537105295259487
2024-11-30,Miramar Misiones,Defensor Sporting,E,CategoricalNB,-11.677358317692923,-1.0526224715170027,-12.401083583268699,-1.7763477370927792,-11.355120689793265,-0.7303848436173457
2024-11-30,Rampla Juniors Futbol Club,Montevideo Wanderers,E,CategoricalNB,-11.63501136812864,-0.8351444219941602,-11.957634641116009,-1.1577676949815299,-12.178187519599655,-1.3783205734651762
2024-12-01,CA Penarol,CA Fenix,L,CategoricalNB,-12.841283282211391,-2.8907623411878127,-10.012849245160755,-0.062328304137176715,-15.270722165645529,-5.32020122462195
2024-12-01,Nacional,Boston River,L,CategoricalNB,-12.95891287749578,-2.28220642974493,-10.824214800815138,-0.14750835306428733,-14.026659633107874,-3.3499531853570232
2024-12-01,Racing Club,River Plate,L,CategoricalNB,-12.318639330600206,-1.2918822294028072,-11.709310440224419,-0.6825533390270202,-12.541240465750887,-1.514483364553488
2024-12-02,Deportivo Maldonado,Danubio,L,CategoricalNB,-11.929380334310734,-1.720327329518133,-13.217311677905869,-3.008258673113268,-10.468322731711238,-0.25926972691863703
2025-01-31,Cerro Largo FC,CA Juventud,E,CategoricalNB,-12.666086783845012,-2.284529622630302,-10.506514389182907,-0.12495722796819742,-14.539263028013453,-4.157705866798743
2025-02-01,Danubio,Liverpool,E,CategoricalNB,-11.679888306829008,-1.0558457305012041,-11.823613026743933,-1.1995704504161289,-11.67164343364175,-1.0476008573139453
2025-02-01,Defensor Sporting,Boston River,L,CategoricalNB,-12.51725527894475,-1.5550580196472374,-11.290964246744576,-0.3287669874470627,-13.635669991273362,-2.673472731975849
2025-02-02,CA Progreso,CA Penarol,V,CategoricalNB,-12.272500748936835,-2.144286943774155,-13.533723977608837,-3.4055101724461565,-10.291134493123439,-0.16292068796075831
2025-02-02,Miramar Misiones,Plaza Colonia,V,CategoricalNB,-11.728775047681479,-1.0670673874887893,-11.806551735461195,-1.1448440752685052,-11.747273758327088,-1.0855660981343984
2025-02-02,Torque FC,Nacional,L,CategoricalNB,-12.62009949408198,-1.6533568381287758,-12.37420337190689,-1.407460715953686,-11.539745730957923,-0.5730030750047188
2025-02-03,CA Cerro,River Plate,E,CategoricalNB,-12.183753170115304,-0.9851655422453423,-12.382530370618978,-1.1839427427490161,-12.33629532399861,-1.1377076961286487
2025-02-03,Montevideo Wanderers,Racing Club,E,CategoricalNB,-11.91710715325071,-1.4868451007193286,-12.648730928741553,-2.2184688762101725,-10.838020292680644,-0.40775824014926343
2025-02-07,Cerro Largo FC,CA Progreso,L,CategoricalNB,-12.626050905897193,-2.0549380012997176,-10.72688263378081,-0.15576972918333531,-14.697381712854694,-4.126268808257219
2025-02-08,Liverpool,Miramar Misiones,L,CategoricalNB,-12.303694618067189,-1.4708867865136046,-11.16088993374401,-0.3280821021904252,-13.829051425759951,-2.9962435942063674
2025-02-08,Plaza Colonia,Montevideo Wanderers,L,CategoricalNB,-12.031055934433676,-1.3814689061477772,-11.032481390314835,-0.3828943620289369,-13.354056759115226,-2.7044697308293273
2025-02-08,Racing Club,CA Cerro,V,CategoricalNB,-12.531686886372439,-1.6112433750326751,-11.210215746684096,-0.2897722353443317,-13.878364684707238,-2.957921173367474
2025-02-08,River Plate,Defensor Sporting,V,CategoricalNB,-12.446024453682272,-1.1540266252884486,-12.276669583668683,-0.9846717552748601,-12.459722865664485,-1.167725037270662
2025-02-09,Boston River,Torque FC,E,CategoricalNB,-12.175993243968431,-2.158760112026398,-13.752030326952333,-3.7347971950103,-10.16729609318057,-0.15006296123853602
2025-02-09,CA Juventud,Danubio,E,CategoricalNB,-12.08370258052972,-0.9827900958926374,-12.736386802760753,-1.6354743181236717,-11.942850500374725,-0.841938015737643
2025-02-09,Nacional,CA Penarol,E,CategoricalNB,-12.703894728119142,-1.5480220872949122,-12.069201181693911,-0.9133285408696814,-12.107414533706303,-0.9515418928820729
2025-02-14,CA Cerro,Plaza Colonia,V,CategoricalNB,-11.92137687033134,-1.2800305682028874,-12.099446735854762,-1.45810043372631,-11.356139360810394,-0.7147930586819413
2025-02-15,CA Penarol,Boston River,E,CategoricalNB,-12.881566277589892,-3.079550313304898,-9.852474212010842,-0.05045824772584773,-15.538390084205885,-5.736374119920891
2025-02-15,Danubio,Cerro Largo FC,E,CategoricalNB,-11.95484389676902,-1.7397032212941692,-13.273351102563332,-3.058210427088481,-10.466869133059065,-0.251728457584214
2025-02-15,Montevideo Wanderers,Liverpool,E,CategoricalNB,-11.90742204294122,-1.7649283778522413,-13.206194883157792,-3.063701218068813,-10.388283624072598,-0.2457899589836181
2025-02-16,CA Progreso,Nacional,V,CategoricalNB,-12.1727070083388,-1.6448980380713447,-13.396408016347745,-2.8685990460802895,-10.815238619327667,-0.2874296490602113
2025-02-16,Defensor Sporting,Racing Club,L,CategoricalNB,-12.548592525661405,-1.5586244614874367,-11.364413555114655,-0.3744454909406869,-13.273690314042094,-2.2837222498681253
2025-02-16,Miramar Misiones,CA Juventud,V,CategoricalNB,-11.860196717848497,-0.9979391834231865,-12.666199349139104,-1.8039418147137933,-11.624298194461154,-0.7620406600358436
2025-02-17,Torque FC,River Plate,L,CategoricalNB,-12.65335106465868,-1.567550521151805,-11.431435732374188,-0.3456351888673126,-13.566628146669103,-2.4808276031622274
2025-02-21,Racing Club,Torque FC,L,CategoricalNB,-12.2888217647325,-1.8757032528107835,-13.416935005465245,-3.0038164935435283,-10.639824119731168,-0.2267056078094516
2025-02-22,Boston River,Nacional,V,CategoricalNB,-12.1324240129603,-1.8114376391414222,-13.556783049497657,-3.2357966756787793,-10.547570700767311,-0.22658432694843356
2025-02-22,Cerro Largo FC,Miramar Misiones,L,CategoricalNB,-12.33322136599242,-1.5845328678744526,-11.047084060958547,-0.2983955628405788,-13.687120713242892,-2.9384322151249247
2025-02-22,Liverpool,CA Cerro,L,CategoricalNB,-12.206115975955006,-1.6144754421332443,-10.868301489035712,-0.2766609552139503,-13.74535106334771,-3.1537105295259487
2025-02-23,CA Juventud,Montevideo Wanderers,L,CategoricalNB,-11.437392646537644,-0.9601446366223527,-12.030802758951767,-1.5535547490364756,-11.37946902265781,-0.902221012742519
2025-02-23,Danubio,CA Progreso,E,CategoricalNB,-11.962938794027883,-0.8981198618903115,-11.89105712799704,-0.8262381958594691,-12.929326486751252,-1.864507554613681
2025-02-23,Plaza Colonia,Defensor Sporting,V,CategoricalNB,-12.62009949408198,-1.6533568381287758,-12.37420337190689,-1.407460715953686,-11.539745730957923,-0.5730030750047188
2025-02-24,River Plate,CA Penarol,E,CategoricalNB,-12.126654353232869,-1.8540806461115515,-13.708103183153906,-3.4355294760325883,-10.481820759352418,-0.20924705223110074
2025-03-07,Defensor Sporting,Liverpool,V,CategoricalNB,-12.713579838428632,-1.7039418688771217,-11.51173722727767,-0.5020992577261598,-12.55715120231435,-1.5475132327628387
2025-03-07,Torque FC,Plaza Colonia,E,CategoricalNB,-12.333289294514948,-1.7700460390486317,-12.824120423575522,-2.2608771681092055,-10.884253442671431,-0.32101018720511476
2025-03-08,CA Cerro,CA Juventud,L,CategoricalNB,-11.968999849231958,-1.1005690012709994,-12.419969245642134,-1.5515383976811759,-11.655017519611466,-0.7865866716505074
2025-03-09,CA Penarol,Racing Club,V,CategoricalNB,-12.514812702009342,-1.9841141529360744,-10.710577542127785,-0.17987899305451727,-14.137948515974184,-3.607249966900916
2025-03-09,CA Progreso,Boston River,E,CategoricalNB,-12.34397968312969,-1.0053522917821258,-12.092767311685503,-0.7541399203379378,-13.148534975072112,-1.8099075837245469
2025-03-09,Nacional,River Plate,E,CategoricalNB,-12.881566277589892,-3.079550313304898,-9.852474212010842,-0.05045824772584773,-15.538390084205885,-5.736374119920891
2025-03-10,Miramar Misiones,Danubio,L,CategoricalNB,-12.08370258052972,-0.9827900958926374,-12.736386802760753,-1.6354743181236717,-11.942850500374725,-0.841938015737643
2025-03-11,Montevideo Wanderers,Cerro Largo FC,L,CategoricalNB,-12.270357263493183,-1.6053706815947404,-13.268697214049045,-2.6037106321506016,-10.986313121328026,-0.3213265394295828
2025-03-15,Liverpool,Torque FC,L,CategoricalNB,-12.475410334331047,-1.8678594286294032,-10.822189227451068,-0.21463832174942432,-13.859134063690194,-3.2515831579885504
2025-03-15,Plaza Colonia,CA Penarol,L,CategoricalNB,-12.217480573303133,-1.586340957483996,-10.94921478902092,-0.31807517320178214,-13.322646100903686,-2.691506485084549
2025-03-16,CA Juventud,Defensor Sporting,L,CategoricalNB,-12.103843791544168,-2.03329151750485,-13.085659159396215,-3.0151068853568965,-10.268935571316115,-0.1983832972767967
2025-03-16,Danubio,Montevideo Wanderers,E,CategoricalNB,-11.552224975990173,-0.8071413968737762,-11.848362519677357,-1.1032789405609602,-12.249769503004826,-1.5046859238884291
2025-03-16,Miramar Misiones,CA Progreso,E,CategoricalNB,-12.184088141227294,-0.9046082774317821,-12.369736352386042,-1.09025648859053,-12.629753446872757,-1.3502735830772448
2025-03-16,Racing Club,Nacional,V,CategoricalNB,-12.02549214106308,-1.5329011128281032,-12.925762509415023,-2.4331714811800467,-10.85451752457064,-0.36192649633566454
2025-03-17,Cerro Largo FC,CA Cerro,E,CategoricalNB,-12.104353991608201,-1.1659725449321705,-11.480775835037393,-0.5423943883613624,-13.173065365279571,-2.2346839186035403
2025-03-18,River Plate,Boston River,V,CategoricalNB,-12.0497611886868,-0.8795144831401789,-12.230214733069786,-1.0599680275231655,-12.603428218086075,-1.4331815125394538
2025-03-20,Torque FC,CA Juventud,V,CategoricalNB,-11.753189172657578,-2.014125242261855,-13.116633736764992,-3.3775698063692694,-9.922466921377227,-0.18340299098150403
2025-03-21,CA Penarol,Liverpool,V,CategoricalNB,-12.516187524876393,-1.5621998177787617,-12.95175274669532,-1.997765039597688,-11.377584824071173,-0.4235971169735411
2025-03-22,Boston River,Racing Club,V,CategoricalNB,-11.810296315695298,-0.9332302383637572,-12.357851196791499,-1.4807851194599575,-11.846600161205716,-0.9695340838741746
2025-03-22,Nacional,Plaza Colonia,E,CategoricalNB,-12.87347138033103,-1.9409272747128181,-11.234768186577131,-0.3022240809589203,-13.075932730513705,-2.1433886248954934
2025-03-23,CA Cerro,Danubio,E,CategoricalNB,-11.824420791595935,-0.9754227932047446,-11.55984458540262,-0.7108465870114298,-12.875931092791335,-2.0269330944001442
2025-03-23,CA Progreso,River Plate,L,CategoricalNB,-12.34397968312969,-1.0053522917821258,-12.092767311685503,-0.7541399203379378,-13.148534975072112,-1.8099075837245469
2025-03-23,Defensor Sporting,Cerro Largo FC,E,CategoricalNB,-12.721240595714258,-2.3405794223645735,-10.505244760097343,-0.1245835867476579,-14.25040576643334,-3.869744593083656
2025-03-24,Montevideo Wanderers,Miramar Misiones,V,CategoricalNB,-11.572687160021827,-0.872794566104103,-11.579078601707215,-0.8791860077894906,-12.489073839862327,-1.7891812459446026
2025-03-26,Cerro Largo FC,Torque FC,E,CategoricalNB,-11.586674121997442,-0.8956264108694683,-11.75519317603236,-1.0641454649043869,-12.090931127722373,-1.399883416594399
2025-03-26,Liverpool,Nacional,E,CategoricalNB,-12.483938208687501,-1.3842627815212083,-11.991118623035717,-0.8914431958694244,-12.18016866579495,-1.080493238628657
2025-03-26,Plaza Colonia,Boston River,V,CategoricalNB,-11.843847979077184,-1.2547119246857559,-11.059974235616801,-0.470838181225373,-12.993052081282373,-2.403916026890945
2025-03-26,Racing Club,River Plate,L,CategoricalNB,-12.31192649371115,-1.6661982079146327,-10.914290528088546,-0.2685622422920293,-13.712783481959969,-3.0670551961634516
2025-03-27,CA Juventud,CA Penarol,V,CategoricalNB,-12.628194391340843,-1.8546002872950673,-10.991909397340601,-0.21831529329482535,-14.002203084650107,-3.2286089806043314
2025-03-27,Danubio,Defensor Sporting,E,CategoricalNB,-12.105268629642966,-1.1413549655207387,-13.006836777921714,-2.042923113799487,-11.55999792665578,-0.5960842625335534
2025-03-27,Montevideo Wanderers,CA Progreso,E,CategoricalNB,-11.696280794599494,-1.0624805691145607,-11.204429262083064,-0.570629036598131,-13.05030773998096,-2.4165075144960273
2025-03-28,Miramar Misiones,CA Cerro,E,CategoricalNB,-11.712981850572776,-0.9812689483534367,-12.195553842206381,-1.4638409399870422,-11.663577099704126,-0.9318641974847868
2025-03-29,Boston River,Liverpool,V,CategoricalNB,-12.155883766730124,-2.165199477018099,-13.460167391942441,-3.4694831022304164,-10.148344648318721,-0.15766035860669625
2025-03-29,River Plate,Plaza Colonia,V,CategoricalNB,-11.73819756845027,-0.9506151251602173,-12.457773381681948,-1.6701909383918956,-11.642576609625145,-0.8549941663350928
2025-03-30,CA Progreso,Racing Club,V,CategoricalNB,-11.9772192823995,-1.6774277227833387,-12.86327476247375,-2.56348320285759,-10.606167192254249,-0.30637563263808865
2025-03-30,Nacional,CA Juventud,V,CategoricalNB,-12.459721972482923,-1.5281379596842672,-11.458226637708117,-0.5266426249094618,-12.579366259930723,-1.6477822471320671
2025-03-30,Torque FC,Danubio,E,CategoricalNB,-11.86394218786843,-0.9754612867622985,-12.440461584165204,-1.5519806830590728,-11.777269297627456,-0.8887883965213241
2025-03-31,CA Penarol,Cerro Largo FC,V,CategoricalNB,-11.893808211436257,-1.1857229793552637,-11.230838945213799,-0.5227537131328059,-12.994903991269666,-2.286818759188673
2025-04-01,CA Cerro,Montevideo Wanderers,L,CategoricalNB,-11.289312446581713,-0.9987134729290243,-10.93599688878948,-0.6453979151367921,-12.523721859400839,-2.23312288574815
2025-04-01,Defensor Sporting,Miramar Misiones,L,CategoricalNB,-12.055259342476282,-1.5085263875573016,-10.89260380887133,-0.3458708539523503,-13.18955201803354,-2.64281906311456
2025-04-05,CA Juventud,Boston River,L,CategoricalNB,-12.529005611019253,-1.3129454623270078,-11.724314524780157,-0.5082543760879119,-13.260684617277997,-2.044624468585752
2025-04-05,Danubio,CA Penarol,V,CategoricalNB,-12.0497611886868,-0.8795144831401789,-12.230214733069786,-1.0599680275231655,-12.603428218086075,-1.4331815125394538
2025-04-05,Plaza Colonia,Racing Club,V,CategoricalNB,-12.333289294514948,-1.7700460390486317,-12.824120423575522,-2.2608771681092055,-10.884253442671431,-0.32101018720511476
2025-04-06,CA Cerro,CA Progreso,E,CategoricalNB,-11.760042802027103,-1.171550442543376,-11.161427711901526,-0.5729353524177991,-12.658014970601084,-2.069522611117357
2025-04-06,Cerro Largo FC,Nacional,V,CategoricalNB,-11.175960303959732,-0.8650028338236648,-11.712498567712677,-1.4015410975766098,-11.411374143975946,-1.100416673839879
2025-04-06,Liverpool,River Plate,E,CategoricalNB,-12.475844474304283,-2.166323732660892,-10.446387720065106,-0.1368669784217147,-14.628336853263386,-4.318816111619995
2025-04-07,Miramar Misiones,Torque FC,V,CategoricalNB,-12.244876686805407,-1.1539193974486324,-11.660132798352727,-0.5691755089959525,-13.22287239642075,-2.131915107063975
2025-04-07,Montevideo Wanderers,Defensor Sporting,E,CategoricalNB,-11.466354459637854,-1.009934552284765,-12.185144462976654,-1.7287245556235646,-11.236767911834288,-0.7803480044811995
2025-04-12,CA Penarol,Miramar Misiones,L,CategoricalNB,-12.16225855702209,-1.3796490263374093,-11.168058775912963,-0.3854492452282816,-13.468094477889867,-2.685484947205186
2025-04-12,CA Progreso,Plaza Colonia,E,CategoricalNB,-11.967752473371045,-1.2813409612470092,-12.873729478532672,-2.187317966408637,-11.180514457651608,-0.4941029455275725
2025-04-12,Montevideo Wanderers,Torque FC,E,CategoricalNB,-11.699149935968164,-0.8239177819992118,-11.981244707525303,-1.1060125535563508,-12.343106262277322,-1.4678741083083704
2025-04-13,Boston River,Cerro Largo FC,L,CategoricalNB,-12.161433215299313,-0.9603142412469392,-12.147667567214897,-0.9465485931625235,-12.674500559385532,-1.4733815853331578
2025-04-13,Nacional,Danubio,L,CategoricalNB,-12.302448073335016,-2.147804314744416,-10.298544052396162,-0.14390029380556157,-14.212518776122334,-4.0578750175317335
2025-04-14,Defensor Sporting,CA Cerro,L,CategoricalNB,-11.564413673654807,-1.2430749485855,-10.794857759465513,-0.47351903439620635,-12.74386198673959,-2.4225232616702836
2025-04-14,Racing Club,Liverpool,E,CategoricalNB,-12.533277099423067,-1.5250612681759108,-12.035045766834145,-1.0268299355869885,-11.865643999623101,-0.8574281683759448
2025-04-14,River Plate,CA Juventud,L,CategoricalNB,-12.270357263493183,-1.6053706815947404,-13.268697214049045,-2.6037106321506016,-10.986313121328026,-0.3213265394295828
2025-04-18,Cerro Largo FC,River Plate,L,CategoricalNB,-11.59537098684122,-0.8795265844521722,-11.894626140370667,-1.1787817379816197,-11.998256828519484,-1.2824124261304366
2025-04-18,Danubio,Boston River,V,CategoricalNB,-12.37746464680439,-0.963327658064717,-13.074938408137577,-1.6608014193979042,-12.261852499447164,-0.8477155107074914
2025-04-18,Miramar Misiones,Nacional,V,CategoricalNB,-12.1324240129603,-1.8114376391414222,-13.556783049497657,-3.2357966756787793,-10.547570700767311,-0.22658432694843356
2025-04-19,CA Juventud,Racing Club,L,CategoricalNB,-12.62009949408198,-1.6533568381287758,-12.37420337190689,-1.407460715953686,-11.539745730957923,-0.5730030750047188
2025-04-19,Montevideo Wanderers,CA Penarol,V,CategoricalNB,-11.949193369461382,-1.3843990879296868,-13.24066948701528,-2.6758752054835853,-10.949458458950536,-0.3846641774188413
2025-04-20,CA Cerro,Torque FC,V,CategoricalNB,-11.175960303959732,-0.8650028338236648,-11.712498567712677,-1.4015410975766098,-11.411374143975946,-1.100416673839879
2025-04-20,Liverpool,Plaza Colonia,L,CategoricalNB,-12.022274456862862,-1.792866077338541,-10.44413736345746,-0.21472898393313855,-13.850344720260573,-3.620936340736252
2025-04-21,Defensor Sporting,CA Progreso,V,CategoricalNB,-12.148496171722178,-2.063814246742661,-10.243786903654359,-0.15910497867484175,-13.990502813364724,-3.9058208883852075
2025-04-26,Plaza Colonia,CA Juventud,E,CategoricalNB,-11.960502568387774,-1.7248512542715773,-12.906820915469993,-2.671169601353796,-10.519833958563053,-0.28418264444685626
2025-04-26,River Plate,Danubio,L,CategoricalNB,-11.962938794027883,-0.8981198618903115,-11.89105712799704,-0.8262381958594691,-12.929326486751252,-1.864507554613681
2025-04-27,Boston River,Miramar Misiones,L,CategoricalNB,-12.347472581974118,-1.6737653615563453,-10.930200279793977,-0.25649305937620426,-13.92562148076822,-3.2519142603504463
2025-04-27,CA Penarol,CA Cerro,L,CategoricalNB,-12.241406956581402,-2.291939677967921,-10.071318339511853,-0.12185106089837205,-14.243515229104148,-4.294047950490667
2025-04-27,CA Progreso,Liverpool,V,CategoricalNB,-11.844392272505804,-1.9236840406537983,-13.12171720238804,-3.2010089705360354,-10.127472836752704,-0.20676460490069815
2025-04-27,Nacional,Montevideo Wanderers,L,CategoricalNB,-12.6943583222334,-2.877315070344082,-9.87996705731281,-0.06292380542349107,-15.177385406373034,-5.360342154483716
2025-04-27,Torque FC,Defensor Sporting,V,CategoricalNB,-12.168431382533385,-1.6445820666604227,-12.435096161131252,-1.9112468452582903,-10.94086454207021,-0.4170152261972486
2025-04-28,Racing Club,Cerro Largo FC,E,CategoricalNB,-12.526245674621263,-1.5906629888486155,-11.252653160451358,-0.31707047467870986,-13.624858496773925,-2.689275811001277
2025-05-03,Boston River,Montevideo Wanderers,L,CategoricalNB,-12.274403434730639,-1.2577487382908963,-11.54632692556726,-0.5296722291275184,-13.080941683903687,-2.0642869874639445
2025-05-03,Danubio,Racing Club,E,CategoricalNB,-12.118126478876414,-0.9611097807142457,-12.539173787569256,-1.3821570894070874,-12.160786157247664,-1.003769459085495
2025-05-03,Defensor Sporting,CA Penarol,V,CategoricalNB,-12.729768470070713,-1.6184438443226838,-11.67417415568199,-0.5628495299339615,-12.571440368538097,-1.4601157427900677
2025-05-03,Nacional,CA Cerro,L,CategoricalNB,-12.881566277589892,-3.079550313304898,-9.852474212010842,-0.05045824772584773,-15.538390084205885,-5.736374119920891
2025-05-04,CA Juventud,Liverpool,L,CategoricalNB,-12.693168641325464,-1.5911028713953286,-11.758076726133607,-0.6560109562034722,-12.384425527822456,-1.282359757892321
2025-05-04,Cerro Largo FC,Plaza Colonia,L,CategoricalNB,-11.720523475438613,-1.0124617257272206,-11.373063124230347,-0.6650013745189547,-12.80849239651676,-2.1004306468053677
2025-05-04,Torque FC,CA Progreso,V,CategoricalNB,-11.701224870765321,-1.0100161863749033,-11.66067057651024,-0.9694618921198224,-12.051835941261876,-1.3606272568714584
2025-05-05,Miramar Misiones,River Plate,L,CategoricalNB,-12.296067209204045,-1.0852803648399174,-13.148420292492377,-1.9376334481282491,-11.868280240226571,-0.6574933958624438
2025-05-17,River Plate,Montevideo Wanderers,V,CategoricalNB,-12.231389139613716,-1.0319352530020058,-11.828276958696204,-0.6288230720844936,-13.402516973371457,-2.2030630867597463
2025-05-18,CA Penarol,Torque FC,L,CategoricalNB,-12.793370808285745,-1.9335271461290908,-11.06850222596763,-0.20865856381097458,-13.990467430799992,-3.1306237686433374
2025-05-18,CA Progreso,CA Juventud,V,CategoricalNB,-12.323604184205458,-2.074490173733981,-13.38158437799176,-3.132470367520284,-10.434516774063384,-0.18540276359190777
2025-05-18,Liverpool,Cerro Largo FC,L,CategoricalNB,-12.645352903574897,-1.9312434611420777,-10.898865461508766,-0.1847560190759463,-14.455331443858844,-3.7412220014260242
2025-05-18,Nacional,Defensor Sporting,L,CategoricalNB,-12.937073718546058,-2.4216695116954448,-10.629096256862768,-0.11369205001215477,-14.494959792775596,-3.9795555859249827
2025-05-19,Plaza Colonia,Danubio,V,CategoricalNB,-12.051150143224922,-0.960488376625614,-12.412968738863238,-1.322306972263931,-12.138273975460306,-1.0476122088609987
2025-05-19,Racing Club,Miramar Misiones,E,CategoricalNB,-11.605662245094676,-0.9606957224302715,-11.462024610012449,-0.8170580873480446,-12.384261814999808,-1.7392952923354041
2025-05-20,Boston River,CA Cerro,E,CategoricalNB,-12.31192649371115,-1.6661982079146327,-10.914290528088546,-0.2685622422920293,-13.712783481959969,-3.0670551961634516
2025-05-23,Racing Club,Boston River,L,CategoricalNB,-11.816799658127458,-1.9844622850777114,-13.34622688457485,-3.513889511525104,-10.015341596587445,-0.18300422353769896
2025-05-24,CA Juventud,Torque FC,L,CategoricalNB,-12.354164041325438,-1.8767639176250253,-10.68024463756982,-0.20284451386940638,-13.967096675482434,-3.4896965517820213
2025-05-24,CA Penarol,Plaza Colonia,L,CategoricalNB,-12.681391740308994,-2.4896284746563175,-10.289818285861292,-0.09805502020861567,-14.751940637446173,-4.560177371793497
2025-05-24,Nacional,CA Progreso,L,CategoricalNB,-12.906722950907726,-2.692913547160959,-10.29200054704443,-0.07819114329766208,-15.102815146224884,-4.889005742478117
2025-05-25,Danubio,Miramar Misiones,L,CategoricalNB,-12.278452160752048,-1.0261413314926422,-11.886403239482757,-0.6340924102233512,-13.44877047502021,-2.196459645760804
2025-05-25,Defensor Sporting,Cerro Largo FC,L,CategoricalNB,-12.631669731148149,-1.6324092246949906,-11.276800864409202,-0.2775403579560436,-14.05906401638064,-3.059803509927482
2025-05-25,Liverpool,CA Cerro,E,CategoricalNB,-12.475844474304283,-2.166323732660892,-10.446387720065106,-0.1368669784217147,-14.628336853263386,-4.318816111619995
2025-05-25,Montevideo Wanderers,River Plate,L,CategoricalNB,-12.41774764218289,-0.9173751527529781,-12.914563374987662,-1.4141908855577494,-12.529520418007523,-1.0291479285776113
2025-05-31,CA Progreso,Danubio,V,CategoricalNB,-12.40889572996811,-1.0071607168232308,-12.813324971005288,-1.411589957860409,-12.340808266777172,-0.9390732536322925
2025-05-31,Plaza Colonia,Liverpool,E,CategoricalNB,-12.043055245966059,-2.471592092953662,-13.79526271342953,-4.223799560417133,-9.675816621768123,-0.10435346875572549
2025-06-01,CA Cerro,Montevideo Wanderers,V,CategoricalNB,-12.303608834069882,-0.9041266317548828,-12.325929574516342,-0.9264473722013431,-13.013195537039206,-1.6137133347242063
2025-06-01,Cerro Largo FC,CA Penarol,E,CategoricalNB,-12.090356244352481,-1.8682174757148484,-13.253803319739692,-3.0316645511020592,-10.448580148266823,-0.22644137962918975
2025-06-01,River Plate,Defensor Sporting,V,CategoricalNB,-12.26089045446473,-1.2165252266486828,-13.279151930107966,-2.2347867022919186,-11.560660386725385,-0.5162951589093367
2025-06-01,Torque FC,Nacional,V,CategoricalNB,-12.043055245966059,-2.471592092953662,-13.79526271342953,-4.223799560417133,-9.675816621768123,-0.10435346875572549
2025-06-02,Boston River,CA Juventud,L,CategoricalNB,-12.463723138354684,-1.5177692593622485,-12.0196154619543,-1.073661582961865,-11.76910765646714,-0.8231537774747046
2025-06-06,CA Cerro,River Plate,L,CategoricalNB,-12.118560618849651,-0.8756356678577735,-12.163372280183292,-0.9204473291914148,-12.929988946820854,-1.6870639958289768
2025-06-07,CA Penarol,Defensor Sporting,L,CategoricalNB,-12.851632221381307,-2.0311499512106685,-11.039649642624761,-0.2191673724541232,-13.544232890181425,-2.7237506200107866
2025-06-07,Danubio,Torque FC,L,CategoricalNB,-12.626050905897193,-2.0549380012997176,-10.72688263378081,-0.15576972918333531,-14.697381712854694,-4.126268808257219
2025-06-07,Liverpool,Cerro Largo FC,L,CategoricalNB,-12.022274456862862,-1.792866077338541,-10.44413736345746,-0.21472898393313855,-13.850344720260573,-3.620936340736252
2025-06-07,Montevideo Wanderers,Plaza Colonia,E,CategoricalNB,-12.38835330963578,-1.16879616029515,-11.796263105109976,-0.576705955769345,-13.279090468038698,-2.059533318698067
2025-06-08,CA Juventud,Racing Club,L,CategoricalNB,-12.090375183265715,-1.6130993442014585,-10.770432217098085,-0.293156378033828,-13.380876451008504,-2.9036006119442472
2025-06-08,CA Progreso,Miramar Misiones,L,CategoricalNB,-12.27091053588621,-0.9604716624731893,-12.708893957458788,-1.3984550840457661,-12.303855178207575,-0.9934163047945539
2025-06-08,Nacional,Boston River,L,CategoricalNB,-12.802837617314196,-1.983243091803427,-11.058047509908707,-0.23845298439793794,-13.41612016540263,-2.59652563989186
2025-06-12,Cerro Largo FC,Montevideo Wanderers,E,CategoricalNB,-11.791555131128316,-1.5374419544562805,-12.97948777922219,-2.725374602550154,-10.583245015095903,-0.3291318384238675
2025-06-13,Plaza Colonia,CA Cerro,E,CategoricalNB,-11.8276442805437,-0.9575757811885222,-12.342781285241589,-1.4727127858864115,-11.819721669546736,-0.9496531701915583
2025-06-13,Torque FC,CA Progreso,L,CategoricalNB,-12.296067209204045,-1.0852803648399174,-13.148420292492377,-1.9376334481282491,-11.868280240226571,-0.6574933958624438
2025-06-14,Boston River,Danubio,E,CategoricalNB,-12.125532999091792,-1.6679921959766961,-13.123071682124102,-2.6655308790090064,-10.75620000176801,-0.29865919865291346
2025-06-14,Defensor Sporting,Liverpool,L,CategoricalNB,-12.552834417269382,-1.276149550297358,-12.055674913867415,-0.778990046895391,-12.616016052130778,-1.3393311851587537
2025-06-14,Miramar Misiones,CA Juventud,V,CategoricalNB,-12.107193813805583,-2.3819269769821307,-13.818872779838827,-4.093605943015374,-9.840735364445786,-0.11546852762233328
2025-06-14,Racing Club,Nacional,V,CategoricalNB,-11.684389742494727,-2.2295840042631525,-13.183476189651486,-3.7286704514199123,-9.595906192642444,-0.1411004544108696
2025-06-15,River Plate,CA Penarol,V,CategoricalNB,-12.197288116249702,-2.19688298433838,-13.88482385982233,-3.884418727911008,-10.141633324463493,-0.14122819255217145
2025-06-17,Montevideo Wanderers,Defensor Sporting,E,CategoricalNB,-12.523047702445124,-1.3702698293733615,-12.530184710168013,-1.3774068370962507,-11.858544721965696,-0.7057668488939335
2025-06-18,Danubio,Racing Club,V,CategoricalNB,-12.175054092480979,-1.6074132149567397,-10.844563058611039,-0.27692218108679967,-13.750156810547914,-3.1825159330236747
2025-06-18,Nacional,CA Juventud,L,CategoricalNB,-12.87347138033103,-1.9409272747128181,-11.234768186577131,-0.3022240809589203,-13.075932730513705,-2.1433886248954934
2025-06-18,Torque FC,Miramar Misiones,E,CategoricalNB,-11.621497968387748,-0.8882126771546712,-11.828988826906206,-1.0957035356731293,-12.10250510622303,-1.3692198149899522
2025-06-19,CA Cerro,Cerro Largo FC,L,CategoricalNB,-11.846717510037232,-0.9021241634878567,-11.890743361477998,-0.946150014928623,-12.524180249030001,-1.5795869024806262
2025-06-19,CA Progreso,Boston River,L,CategoricalNB,-11.733091327811083,-0.9251278366970794,-12.48741677721627,-1.679453286102266,-11.682528544565972,-0.8745650534519687
2025-06-19,Liverpool,CA Penarol,L,CategoricalNB,-12.267761772137302,-1.5388061307293093,-12.617756351372773,-1.8888007099647801,-11.184488942619533,-0.4555333012115401
2025-06-19,Plaza Colonia,River Plate,E,CategoricalNB,-12.051150143224922,-0.960488376625614,-12.412968738863238,-1.322306972263931,-12.138273975460306,-1.0476122088609987
2025-06-21,CA Juventud,Danubio,L,CategoricalNB,-12.46540327280422,-1.3890201593561855,-12.32998645449452,-1.2536033410464853,-11.841657555016104,-0.765274441568069
2025-06-21,Miramar Misiones,Nacional,V,CategoricalNB,-12.262815638627348,-2.519508543373064,-14.091187932025079,-4.347880836770795,-9.841397824515392,-0.09809072926110751
2025-06-22,CA Penarol,Montevideo Wanderers,L,CategoricalNB,-12.783362750042482,-2.3708906191376258,-10.539988270899798,-0.12751613999494182,-14.04977352532598,-3.637301394421124
2025-06-22,Defensor Sporting,CA Cerro,L,CategoricalNB,-12.477286595550934,-1.8029396720845536,-10.914717560053935,-0.24037063658755464,-13.693348627403237,-3.0190017039368566
2025-06-22,Racing Club,CA Progreso,L,CategoricalNB,-12.262204484550304,-1.0658849410068445,-11.901273106636454,-0.7049535630929942,-13.019906860894435,-1.8235873173509756
2025-06-22,River Plate,Liverpool,L,CategoricalNB,-12.02886869999085,-1.2384720843513666,-12.992863504938219,-2.2024668892987354,-11.301817194159382,-0.511420578519898
2025-06-23,Boston River,Torque FC,L,CategoricalNB,-11.86394218786843,-0.9754612867622985,-12.440461584165204,-1.5519806830590728,-11.777269297627456,-0.8887883965213241
2025-06-23,Cerro Largo FC,Plaza Colonia,V,CategoricalNB,-11.871483812734267,-0.9701107646818574,-11.617970866189173,-0.7165978181367638,-12.92218459444009,-2.02081154638768
2025-06-28,Boston River,Miramar Misiones,V,CategoricalNB,-12.23704781123247,-1.2432719345039,-11.461746771602868,-0.46797089487429844,-13.455481798875441,-2.461705922146871
2025-06-28,CA Penarol,CA Cerro,L,CategoricalNB,-12.906722950907726,-2.692913547160959,-10.29200054704443,-0.07819114329766208,-15.102815146224884,-4.889005742478117
2025-06-28,Defensor Sporting,Plaza Colonia,E,CategoricalNB,-12.146332468631853,-1.8217003909098732,-10.540002469947575,-0.21537039222559606,-13.766440124308646,-3.441808046586667
2025-06-28,Liverpool,Montevideo Wanderers,V,CategoricalNB,-11.830360431885493,-1.1273433345354178,-11.228118395960278,-0.5251012986102026,-13.172696658233077,-2.4696795608830016
2025-06-29,CA Juventud,CA Progreso,L,CategoricalNB,-12.629391171716827,-1.575803640721583,-11.357664074405445,-0.30407654341020063,-13.947587563776027,-2.8940000327807827
2025-06-29,Nacional,Danubio,L,CategoricalNB,-12.906722950907726,-2.692913547160959,-10.29200054704443,-0.07819114329766208,-15.102815146224884,-4.889005742478117
2025-06-29,Racing Club,Torque FC,E,CategoricalNB,-12.284610080257055,-1.8336707022367165,-10.664814332689977,-0.21387495466963813,-13.870560332326473,-3.4196209543061347
2025-06-30,Cerro Largo FC,River Plate,E,CategoricalNB,-12.205383013508564,-0.8813355657006419,-12.502529885256038,-1.1784824374481158,-12.604090678155677,-1.2800432303477542
